applicant_id,recharge_freq_per_month,recharge_regularity,tenure_months_on_number,utility_pct_on_time,utility_avg_days_late,txn_freq_per_month,txn_regularity,merchant_diversity,platform_tenure_days,kyc_complete,gender,region,repaid_on_time
APP100000,8.949113516891718,1.0,41.62594076435029,0.8716149680404661,5.163696195818483,3.164589050508676,0.75692158425937,5.3609655581423885,54.38872930108337,1,male,urban,1
APP100001,7.912001255863192,0.7849838786260575,24.59964187739411,0.7223844245346508,0.0,26.354902224464638,0.5676956323146685,5.196540471636196,77.25128221944874,1,female,semi_urban,0
APP100002,7.6484116139490705,0.6699491432344287,36.562185052497505,0.7812947050356057,10.407770807921139,12.472646603665202,0.8373166021395229,6.172413246750907,153.32651327476088,0,female,rural,0
APP100003,10.487145186412143,0.6763828721910431,32.3393787005289,0.8271382621236237,4.7396736565248085,16.708832393538,0.875022878895795,7.039483352923448,203.67113973534308,1,female,urban,1
APP100004,9.826930129702177,0.8371568050470326,32.25744121953712,0.8068931649153618,3.300574094157552,14.977991659267897,0.7675722219895411,7.044033517467172,200.11664840654254,1,male,rural,1
APP100005,9.808971289949099,0.8042832598414725,31.882095600339056,1.0,0.0,25.51958499359094,0.7748876296903411,4.613325924400417,219.56747317404418,0,male,rural,1
APP100006,7.599779105919919,0.7601358991446826,27.044370558668746,0.5368279771474327,13.456594982789403,13.515119683443372,0.6455539482725235,8.41111804232466,132.7054612282711,0,male,urban,0
APP100007,6.868958661066461,0.8842781617607949,12.495660615710811,0.7621573871227614,12.214316548320527,7.15195249547747,0.4772081123788746,5.995508147498838,66.75119344504414,1,male,rural,0
APP100008,9.05704329207954,0.5916674124692838,55.09727752331197,0.7763405339076174,2.804352252186753,21.01893421083368,0.8947404404646188,9.510546512977676,171.69142353588677,1,female,rural,1
APP100009,5.723742422848411,0.9298922452430279,37.1764829401875,0.7066655340365948,0.0,15.300099269554336,0.800330250411163,11.352204937742849,331.0358003600281,1,female,urban,1
APP100010,6.644026361820945,0.6258401621361319,35.89920479976007,0.9909349646251173,22.766052912139823,9.77234708296842,0.244681184482391,5.116721299511192,105.34963041236207,1,female,rural,0
APP100011,6.94495735646816,0.6375542744559692,41.38872645859303,1.0,17.46244941017443,19.07177957171117,0.7981385706131284,6.7693273944288865,1.0,1,female,semi_urban,1
APP100012,8.268943313336454,0.9953999733712457,45.74094372781653,0.8452150886139294,10.50542538541765,29.2629054670642,0.9429634413517363,10.70479358978794,307.5740195816119,1,other,rural,1
APP100013,6.456369114843208,0.46408782379126456,27.140359868794587,0.7729231798245558,5.068583117541893,9.353025681599512,0.6355949844954425,3.235941868702997,264.9238356250619,1,female,semi_urban,1
APP100014,5.994269601989633,0.4335711717592891,39.906074264141424,0.7539252580406789,2.3964978169000895,16.36901446989376,0.6424371586339986,7.065774561605826,251.30879423360216,1,male,rural,1
APP100015,3.7265374393858632,0.6959101248437647,32.32241320919146,0.6359647178234502,11.325270953757055,14.872197008944081,0.42875578829186406,5.1259556349728195,68.20153036547885,0,female,rural,1
APP100016,7.624628237857656,0.5962646797980596,23.53393227607495,0.46174071790863996,6.436024409247897,0.8624665360923327,0.42843652467793364,6.183707338774041,214.79669914979075,1,male,rural,0
APP100017,7.121912387184488,0.45898462293607956,10.904564039290246,0.49011134566461534,4.386094054665449,19.883706243770234,0.6322117873527493,4.161018895065331,57.90486995604631,1,male,urban,1
APP100018,4.057157194908848,0.48852881795406267,15.87693915186253,1.0,13.713883574757332,12.258099111736659,0.42985847511328307,5.4779353775136315,214.92790859929215,1,female,semi_urban,1
APP100019,6.3073533465261535,1.0,46.121463189890314,0.7320795793217153,7.323127828495168,13.386050890630472,0.727989831522788,5.367305292372602,216.62915198114894,1,male,rural,1
APP100020,9.476726155322414,0.8465121308757932,10.588252299211021,0.8192801306757852,0.0,20.157217109798527,0.7572092070417934,8.480458603763244,364.91911516968537,1,male,rural,0
APP100021,5.519821562470021,0.6322697333308316,25.59591027457433,0.5239105013254696,15.23703606390259,11.722326985733549,0.7547445337370021,4.449905947743748,208.9882990777223,1,male,rural,0
APP100022,10.036558318085032,1.0,34.664525179390765,0.8411743468950202,2.402723001153287,14.078756228202021,0.8526079251751097,4.657264820063947,289.9116794220558,1,female,urban,1
APP100023,7.892451005040129,0.8078309277015135,27.514951295292057,0.44826762218201793,0.0,21.333372169247106,0.48469329756327517,2.5832773247850893,259.6447675697643,1,male,rural,0
APP100024,5.842894026241776,1.0,23.868097628906707,0.6747862786438819,0.2773622142490222,5.050873680143358,0.46952948342792633,7.443822030000423,149.67780063292028,1,male,urban,0
APP100025,7.5731020985385795,0.5755461272366436,38.23530436021219,0.6041404117133056,3.5786602723616654,12.01692270506835,0.5924901018655823,7.390589430208825,391.60181697321906,1,female,rural,1
APP100026,4.483312816480896,0.39442090839422744,20.99284606391444,0.7805911393354247,13.403754072875046,5.6676156625279095,0.7034725879187115,3.5957659050661084,1.0,0,male,semi_urban,0
APP100027,6.0797072360161994,0.8701322637703592,64.59150553806364,0.5644825962566268,6.143703845420359,14.130026044911322,0.7911181608605826,6.609995530718612,396.6774695584608,0,male,rural,1
APP100028,4.639302625953701,0.7502224902634755,30.22408514459311,0.5346712339095696,14.55718477807499,20.50014817537943,0.7246602476936244,7.336247056601316,125.3226175806365,1,female,semi_urban,0
APP100029,8.04953583805862,1.0,57.033760012808656,0.5872542210842453,1.544843223314375,14.23684205295945,0.7438363446268638,9.749385387924319,357.14453354433203,1,female,semi_urban,0
APP100030,5.417669475775825,0.41398550803941986,11.287488785788263,0.5449274694536763,7.1206002601738945,20.71750712742889,0.6709692870218957,5.8418983409851135,309.31458803928626,1,female,rural,0
APP100031,9.333101547029573,0.9327567378067154,51.650494467440986,0.7991911189503642,9.772633813029413,19.970187754121163,0.5809968953277618,9.285136877372492,355.8978556168593,0,male,urban,1
APP100032,7.460241943365917,0.7746517439159966,25.62626343083418,0.7887111865746879,15.474351205409928,4.508359109149427,0.6981072100478415,7.720058331613024,188.21376375477826,1,male,semi_urban,0
APP100033,5.723842255473004,0.7039841314720047,20.41763577080755,0.5382034357111205,11.708170608541053,0.0,0.3061338908802872,1.2226218739378978,185.63822661136982,1,male,rural,0
APP100034,9.443041036064134,0.7268280211950648,40.74058148846118,0.7622231643484229,6.38602166173897,18.3159559749315,0.46362812462956626,6.914502704049137,142.67956667738179,1,female,urban,0
APP100035,4.53313895804991,0.6399966550897755,34.661775854629155,0.6149661453159067,10.446235499055721,4.600368431929226,0.8171052150317091,2.57140212638304,1.0,1,male,urban,0
APP100036,6.245412853676842,0.4730456067890309,22.59652000977077,0.5341329734747505,6.06039471943977,10.652182650360775,0.5319756860991651,6.303215043105674,151.46778114540095,1,female,rural,1
APP100037,8.747177533630103,0.7873740881239633,33.977219544235254,1.0,14.390120665471958,19.3129386318802,0.8302262192518546,7.8788129428208515,290.70229873357255,1,male,rural,1
APP100038,6.126339732624702,0.5294627696055684,22.571909452308798,0.6204906095734952,5.78394526555394,19.074174378720365,0.3518856485110738,4.133145687865916,171.27452450492285,0,male,urban,1
APP100039,10.50343578158116,0.6300524311483685,42.117981088073385,0.8363905942532963,7.940133398908774,16.480158549266296,0.7981994097018096,6.6654282755882575,354.32722444586074,1,female,semi_urban,1
APP100040,4.547851806916678,0.7334267001923269,40.735949032628845,0.9272357981336913,0.0,16.35901026382608,0.869866770046986,7.600569471242166,365.8115779798012,1,female,urban,1
APP100041,5.291781209497077,0.6998086648848604,21.305689312478528,0.7146732235227379,9.111536876829668,23.538730310363487,0.711917226946067,9.861748400917211,182.2207219107378,1,other,rural,1
APP100042,7.303728669589015,0.5681598861008945,33.5244924689247,0.7295317777753488,2.6014601203118657,15.239777695162436,0.7609594297106727,4.880199115498671,236.30176165909867,1,female,semi_urban,0
APP100043,4.186545299523953,0.34399503032810885,4.680689365868879,0.46867459390984384,22.02708232185377,10.819887758943239,0.6242445684264911,1.4037897708616807,1.0,0,male,semi_urban,0
APP100044,3.4996900101943993,0.9045088039651705,26.31357941030962,0.6652406113503623,20.124995052559953,16.260525370299117,0.6167889338581316,2.3871961036204645,1.0,0,female,rural,1
APP100045,4.47403283907672,0.5619788429045193,16.28015520974833,0.6693348235949862,13.030980325464185,10.384162108804485,0.24639574279869447,4.052695155552073,82.44120018099534,1,male,rural,0
APP100046,7.469773756478526,0.8732536661477642,38.323477363883256,0.843186235329018,4.242848672903774,21.379180897574354,0.6319570594378415,13.602485866547704,298.0517137301484,1,female,rural,1
APP100047,10.167686618177019,0.5580996607287239,35.52700629698929,0.688854102465641,2.7948335033542264,25.316292424191047,1.0,9.20374311594143,242.68387449832323,1,male,semi_urban,1
APP100048,6.939408068691707,0.7783668647427491,33.91388436492413,0.8636136512381578,12.147097652731725,0.0,0.5057570327643103,4.690946182030536,156.64895406087672,0,female,semi_urban,1
APP100049,9.079375167453971,0.6997428522135632,31.738665420748468,0.7844622346969677,10.932769209946398,13.224600957577648,0.6313680147877564,5.492793605026339,189.62162619424436,0,female,urban,1
APP100050,7.084613825089649,0.797960862454808,57.419913973495234,0.671814196499073,2.6897538194719006,22.102765427907368,0.7309291380403262,9.565607410008562,433.6745445382135,1,male,semi_urban,1
APP100051,5.001479416346018,0.6382064870746288,59.26511392530871,0.6658569151328403,12.786806417975285,17.044144401931558,0.5587259134532779,7.642575860873325,261.7156999692954,1,male,semi_urban,1
APP100052,5.738561422294668,0.889878220934605,35.82006022357212,0.5564906806874427,1.3271733918693656,13.967787857543819,0.903230901807848,8.31469233800168,161.13233699105183,0,male,semi_urban,1
APP100053,9.836737888023318,0.3172658443128353,50.44061613922206,0.9070711333593624,13.532356453524258,23.488744754162532,0.9500585068939172,7.902914857547884,336.2288301552669,1,female,rural,1
APP100054,8.378090107325132,0.6265212275733612,27.518963898247062,0.7781516015560604,4.131448201165262,13.818696330503368,0.8322691341144457,7.035244356623375,170.03682370197953,1,female,rural,1
APP100055,6.655530995423685,0.6511529024077614,39.760174123608394,0.6907540790783397,5.35506341975516,11.155687480994429,0.6940051117083007,4.675696998777772,223.7938863462325,0,male,rural,0
APP100056,5.500181375996435,0.5574575601636611,10.859341537059295,0.4603252912276233,14.116331734965822,5.530411297967206,0.5903047939023701,4.389666308937274,73.48095157671361,1,male,rural,0
APP100057,7.893517423498468,1.0,35.6879577198433,0.7510667650009157,7.849164525649977,24.411692028556658,0.7210010534388615,7.472028951207807,378.1014806157385,1,male,semi_urban,1
APP100058,6.535127692111581,0.7304836969808693,42.669821147678924,0.934340672333543,0.0,8.628252077378201,0.5708543855255135,11.887986113500208,336.6487079331077,1,female,semi_urban,1
APP100059,5.897563188342463,0.723720982386922,25.709136322563413,0.7429601230520495,9.962908390165985,17.693746579730913,0.2810140336355499,5.604928782438456,54.05435959457418,1,male,semi_urban,0
APP100060,9.08067308139092,1.0,31.433768617967814,1.0,0.0,30.233122176743006,1.0,7.79794572593582,293.25278478456056,1,male,urban,1
APP100061,2.45111024134406,0.6173649469724644,4.8393358308000565,0.28604440868981007,11.034415371975284,3.014315018181859,0.41602737382421306,1.0,366.8178245970674,0,female,semi_urban,0
APP100062,5.247196961103349,0.4246455088455501,20.429113546106528,0.5010152554982665,10.936656453157294,11.420514851902112,0.5037078345589343,1.7179308557645423,1.0,0,female,semi_urban,0
APP100063,4.541701095088522,0.3860190320684518,15.405129664853426,0.6265257098040196,13.733078976455285,9.585057677452664,0.5299787747046941,1.4073800329747712,54.22702818349717,0,female,urban,0
APP100064,6.584731995208837,0.7613801600702488,11.487555501066836,0.5580466689683186,5.826172100637182,20.74291260732909,0.6261825204149165,4.074719522972853,111.78388954849945,1,other,rural,0
APP100065,6.9398243972729565,0.9552399928298003,30.05399149024607,0.4856946264050982,4.947743899015384,20.177579001807935,0.7123497768332572,4.230583276759893,112.06072613889619,0,male,semi_urban,1
APP100066,8.082653828460769,0.7649335090042717,27.283798959503628,0.5129243433214536,15.113071987345787,25.11767510687696,0.7334091194959392,5.006720823471088,102.43245894529922,1,female,urban,0
APP100067,7.445909093290844,0.8927281985535847,32.46313760477362,0.9586410627014226,18.05107650523655,7.574815223331838,0.5445055425445018,5.523977712184884,206.00335537562174,0,male,semi_urban,1
APP100068,4.880518980891297,1.0,30.52882866853203,0.4867359860373365,5.247982958328295,13.310290917172635,0.7612002693887931,5.235770352483503,213.1914302452234,0,male,semi_urban,0
APP100069,9.541252908265966,0.962822680855804,47.00600202858255,0.8865027102315026,8.29370485105606,13.240309444049146,0.7108607043227293,8.330575847220086,169.52935253958032,0,other,rural,1
APP100070,6.646159514739774,0.475846831999591,17.00302762309515,0.6351092328506736,12.006074798479183,9.45351960204885,0.6120965892483714,3.0142438106771685,120.5767315612649,0,male,urban,0
APP100071,7.329988164489948,0.6785250283877775,23.269647533461594,0.6691569010976716,0.32574936116286324,24.791559675481132,0.4361336956191736,7.847119639613768,115.79058973692237,1,female,rural,1
APP100072,6.930712193349591,0.7973256664449541,29.539291800388604,0.5552883408212335,7.83138015625471,11.930671627145905,0.4897471045043855,4.641844349743493,23.501381363515534,0,male,urban,0
APP100073,6.025800418384558,0.6593346711011527,24.266798906471436,0.8396036467289283,0.0,19.755287836947353,0.5468399082905165,4.844105199578767,297.10957428764516,1,male,urban,0
APP100074,9.564909079764016,1.0,35.42711288736869,0.8475673562822895,5.970818405294324,22.779711731463784,0.7838826713742166,6.311754106488831,219.29897219666952,1,male,urban,1
APP100075,6.718735696790185,0.8436902355385009,28.793078518746572,0.8040989175229608,0.0,24.938847227798327,0.9524736194999208,6.140158570471511,202.0077192184005,1,female,urban,1
APP100076,7.558141923420471,0.7993600562322206,34.141910177105224,0.7880605096117492,6.947356677313013,14.848657528914291,0.7229178642988955,3.9032170194911684,326.11939201943704,1,male,rural,1
APP100077,6.921222420134078,0.6696029937714587,35.451978131678786,0.5583592939793712,20.077264364786565,12.567495490534327,0.9718964961707037,8.53920012621741,339.27226948026623,0,female,urban,1
APP100078,8.614481601654752,0.6867780358071167,6.901350443836563,0.7545952224419086,17.266024564674,10.396590897987418,0.7229474000386229,7.13951066939368,203.52472693325805,1,male,semi_urban,1
APP100079,7.548048527185605,0.78403722554212,23.99280620797088,0.6815463477483475,2.339014496081684,3.956535300513984,0.6809446415353577,5.874883562467483,164.45114772666147,1,male,semi_urban,0
APP100080,6.9949843888368,0.39758545914278476,10.280729974542538,0.5627194187030001,5.095752722580188,11.533144535541052,0.5606675901803437,7.509695409996134,139.16036399887346,1,female,urban,0
APP100081,5.089162142704565,0.6825496779137321,42.27450283241784,0.8568443863381503,12.757304182525285,18.638683702630477,0.7676502238278912,8.209301443994393,187.63823941930022,1,female,semi_urban,1
APP100082,6.491961452135331,0.516325346916531,10.994077660542057,0.6653724927466017,2.9302630813664345,11.9692278674719,0.7572817365047715,6.432638249643784,206.5347038796767,1,female,rural,1
APP100083,6.291773772516796,0.6763546138028906,32.581035470876145,0.7144460948407569,11.64588216330538,16.217636398863604,0.5116683215351601,8.472297406474091,302.4975880092183,1,other,semi_urban,0
APP100084,12.495161766877649,0.6995184400125108,47.86999204106166,1.0,17.521572331777463,23.56489360531471,0.8939893628740296,9.612781835190784,296.8242597272539,1,male,semi_urban,1
APP100085,4.221765833084576,0.7332372410197772,21.209982303793186,0.4456689126216611,15.525848878551212,13.497215074742757,0.3206163511550756,3.9366361623032815,120.78057315695162,1,female,urban,0
APP100086,7.425258532473181,0.8745326521282268,27.492452906496496,0.8234082445179876,13.18427543662528,10.062084591909882,0.7572557992865242,5.94036713869717,179.58939607117424,1,male,semi_urban,1
APP100087,7.008004363424368,0.7719201671507957,32.37352782782638,0.8537891535990179,13.764488410758245,10.419923493830716,0.7998596148217345,5.54313017552756,260.7448940344935,1,male,urban,0
APP100088,5.1725636939349915,0.5469713573404396,43.710419787017884,0.9417931646212447,3.9153523929863496,20.620734280989314,0.7413582048093158,3.526425285185053,270.98480287243996,0,male,urban,1
APP100089,6.798702988714307,0.7244635237199005,32.450420521631976,1.0,8.079521888805942,19.904223099729116,0.35011788868659255,5.182215614497555,73.95077544524804,1,male,urban,1
APP100090,8.081530922848144,0.5295465634912653,10.456914593905871,0.6642575507688451,2.110932388317069,23.30326426478367,0.42217859166848803,10.23283061645771,73.38538522969327,1,male,urban,1
APP100091,8.782967203199874,0.788198244796532,51.40363066348425,0.7188884092810763,10.589411859689463,27.029239120736186,0.8722728749799495,6.550924760443874,262.8711221205603,1,female,rural,1
APP100092,5.612858296168876,0.9346781586964426,46.383495075687776,1.0,0.0,33.95261500417303,0.45389201554596065,5.049986129945982,400.534256777311,1,female,semi_urban,1
APP100093,5.712625550620046,0.8196898295957288,27.047912654170723,0.8332696208833746,12.524346125861529,12.07987972030892,0.7050742657945523,7.225410643434406,293.1539433388677,1,male,urban,0
APP100094,7.363479243548378,0.6930765004040591,3.189762025908358,0.5188083091897379,16.383347664405644,19.000309190348023,0.700411157366117,4.940224047196937,220.27772764899163,0,female,semi_urban,0
APP100095,5.727736989533776,0.745130907839731,14.089329559715752,0.6361258685767703,10.56918205464058,3.2179351421165574,0.6407269467411987,3.7369485670927336,88.71004215265908,1,female,semi_urban,0
APP100096,11.139595027127456,0.8931331246665953,35.12049769577074,1.0,0.0,34.67874756863034,0.8064907982931658,8.768346243197154,457.4684257938437,1,female,semi_urban,1
APP100097,4.054839177165218,0.5671866380851324,9.037068470156196,0.6306979246934813,10.573811520509176,12.384518440309364,0.5935516752303834,5.865936408479097,71.64092317178842,1,female,semi_urban,1
APP100098,8.482869962743578,0.8018141204432445,26.004359651947762,0.8306354952241053,4.5610655192879515,16.24835201321901,0.6447900770270831,8.474650566057294,157.3817671132071,1,male,urban,1
APP100099,6.832514212057545,0.8292463006592555,24.035070851971547,0.953944854176838,9.01736697549689,19.61337238544785,0.4206687932335821,4.822600727092404,77.07213513561241,1,male,rural,1
APP100100,8.31174972486161,0.5496019768149897,18.839507814269552,1.0,5.927178683092907,4.634570096471638,0.672037474324273,5.830317988885657,125.09050209000495,1,female,semi_urban,1
APP100101,6.842656391605711,0.7460273214841804,36.422462108841344,0.7496824252303553,4.155920752215989,9.085223546755255,0.8450464919341178,8.02059231700921,124.33008454466544,1,male,rural,1
APP100102,6.081308158580033,0.799354420359606,45.47084978710251,1.0,5.711964560438278,22.753439387472692,0.9327868754048447,7.714500604524579,456.03444402074115,1,male,semi_urban,1
APP100103,5.487589306405665,0.2129579429662692,8.327096465505226,0.3977539412692348,17.58914013231046,7.440956015207759,0.34238883242525736,5.304099288985126,191.37542494116622,0,male,semi_urban,0
APP100104,5.279500320433401,0.6956673629766889,17.444812815874286,0.6495899544757063,8.994629741123989,21.895339064169445,0.6730566845726154,6.823362198698213,162.93371237379355,0,female,semi_urban,0
APP100105,5.578904850582929,0.44870495724046633,20.310909901217403,0.5937758238377069,1.766966201601182,7.398164749380535,0.7732488232693511,2.37364233579388,209.18757138704518,0,male,semi_urban,1
APP100106,5.653442271842923,0.8047727592965692,32.52407920967539,0.504680418811162,11.910433640792252,25.477921319153392,0.8943595437523767,10.300738370658774,197.27591412961388,1,male,semi_urban,1
APP100107,7.671421866019115,0.35224556250982236,25.269237548818758,0.3524041303899116,9.869040395396873,7.799129114144624,0.6572076057503186,1.2716719911651282,1.0,1,male,semi_urban,0
APP100108,5.647008648085728,0.5539606323662222,16.14636115647501,0.7466544165836424,19.644700806553132,11.697914612008736,0.3636093963564376,3.863324883495644,112.81121354134228,1,female,rural,0
APP100109,8.2902672327008,0.5634744177617821,38.15067359704811,0.7120318566723391,9.840017310269157,10.606497638566399,0.6203749964729145,5.93761276576088,223.70232558311932,1,male,semi_urban,0
APP100110,6.5182024260284175,0.891263193441215,36.83812292178256,0.5811357506223707,8.293730210669407,14.02383819807135,0.7606024309869884,8.303008939818213,257.68748312513287,1,male,urban,0
APP100111,4.9899267438578,0.5787423774742254,1.0,0.9122236453509123,7.284305570203353,15.371173453534883,0.7542609892958079,5.372749290489017,143.79083271126188,1,female,semi_urban,1
APP100112,7.583334629111137,0.44569041482978844,22.477737552683934,0.4538058255381763,12.474283819932483,8.37208748647577,0.6110136632020255,2.8789846369433514,206.75727038864477,0,male,urban,0
APP100113,8.10860929579175,0.8358925235851786,47.71903494951052,0.8549862003731776,22.53941013025065,12.009752079649552,0.9843436573253275,7.104589062313799,228.5561315110233,1,female,semi_urban,1
APP100114,8.484182025809774,0.7727566308127558,43.36429930266306,0.7811795841613925,2.5695616250203464,18.92608637494442,0.5074516344101052,7.349084838717512,186.231916850348,1,female,rural,0
APP100115,5.795538328062979,0.8664492333299114,30.184453833744335,0.7948904965192177,12.706362366830586,19.67645243989111,0.7935839181327734,8.639746334125684,312.46213621623394,1,female,urban,1
APP100116,8.476139387565352,0.6923896355993022,42.36452872120891,1.0,3.407161608863362,15.19694137950952,0.90206410124675,8.07167811153913,263.06477297510173,1,female,urban,1
APP100117,6.522491612419934,0.6569246074525292,25.05988674355079,0.7545598932196056,16.483588177658767,14.173976237380382,0.6920282168068052,3.2022372000571178,246.36748049342845,1,female,urban,0
APP100118,5.779885881799471,1.0,42.067817780859656,0.8858255299985494,0.0,23.33145111322583,0.9420399142445246,4.017048700514179,66.64286249258777,1,male,semi_urban,1
APP100119,5.217388911697237,0.599176186341846,10.00517423649277,0.7389748780841295,19.997059307379836,19.153055608955512,0.4355928572085609,3.5129006773342684,110.0421090948217,1,female,rural,1
APP100120,7.409187171626693,0.7973333499709528,30.188957434061784,0.6120775958189252,7.278794632891515,20.154509394009096,0.9629357719244922,7.1497358141545035,315.73872403440157,1,female,semi_urban,0
APP100121,7.246449355965791,0.46062983788734313,47.26651017404356,0.9061885558545606,6.318718128581948,6.4660406031912725,0.7844667515307873,3.9349184090233225,261.7872551744821,1,male,semi_urban,1
APP100122,10.134079348258943,0.6330357654546135,35.81791151161865,0.6345622169206323,10.382156440602534,21.287232943298825,0.6981535547665517,3.7302045192440225,235.8342148717866,1,male,rural,1
APP100123,4.954649445845051,0.6625967149943839,35.70649624069796,0.589438322121467,12.442199174736597,14.517787118329952,0.38072910811956595,5.832689299807699,156.0879087426586,1,male,rural,0
APP100124,7.316692650683994,0.7406782482448563,67.97059224365952,0.7737342351223939,0.0,16.025474621579995,0.792150752031374,5.802423032759032,290.2365002822617,0,male,urban,1
APP100125,13.170404906858892,0.9288882080115759,37.384745684850714,0.931332165805052,0.0,21.472748454129956,0.8637556304726607,6.115802020525729,178.529151551086,1,male,semi_urban,1
APP100126,3.6164235291276396,0.5814875734970079,1.6243979428699973,0.44725782999962793,23.509156645906856,8.305335786600276,0.4733615717829968,5.49398495205289,40.584169453239134,0,male,semi_urban,0
APP100127,4.384528952626725,0.3469966642437039,13.367790058483772,0.5265121226562643,12.321214090725668,16.17135624539079,0.3618339193171739,4.59156757342539,113.99099693922042,1,female,urban,0
APP100128,7.941698431487566,0.9508604747453304,49.860735088132,1.0,1.4855948908508507,18.648978181550955,0.86460648114318,10.022261987344644,329.4830375298871,1,male,semi_urban,0
APP100129,5.876478354923532,0.466372725592505,38.13875075729071,0.4775843945165179,6.976775384632539,17.095052817518166,0.5301383700113772,6.065910687010166,168.72062965500098,1,male,semi_urban,0
APP100130,6.895193119141531,0.5704991024367253,51.391139799274,0.7080220970910973,15.839039103020182,15.84335753401583,0.8140330640870518,8.327494668591049,149.2515746267947,1,female,urban,0
APP100131,6.266479535288421,0.5934417252566992,16.94365372022832,0.39927728677725016,10.483778189325985,8.948087048097689,0.7303047321728695,4.947186216533991,1.0,0,female,urban,0
APP100132,7.562511881252209,0.9321554709571269,34.61974693357748,0.8228922181606466,11.323257350248095,21.5074483760392,0.5244877080935624,5.2531599048849,275.5767751574838,1,female,rural,1
APP100133,9.333211173994936,0.5972564024438968,27.187710464126358,0.6698082652993578,4.6525244856214,13.234781328301642,0.7187808248407052,4.826660532244888,303.7346875911642,1,female,urban,1
APP100134,10.160750930886552,0.8284665292779597,14.498398020076248,0.8503835599609203,0.0,21.467725064729482,0.9287168766265532,5.559985679311659,378.5864422014538,1,female,semi_urban,1
APP100135,9.831424376966964,0.8913094848940946,44.71505033477466,0.7151949763003125,6.629699989029282,23.531247120020687,0.9012649516847786,9.078732989711355,238.876442286631,1,male,urban,1
APP100136,5.344368667274718,0.6505973774778027,5.141861735677244,0.7522235280926549,18.695254419070757,0.0650692525754959,0.262113045251254,1.0,109.97612769271582,0,male,rural,0
APP100137,8.133909025528606,0.8423248498602414,33.258396099350726,0.6962287883727749,5.838197068491462,19.39893004771853,0.7356200468561461,3.699040436632889,121.23623660720335,0,female,semi_urban,0
APP100138,5.659746880575396,0.6611594952383171,13.1454374300831,0.7701569601031101,7.049237198249908,20.233625124438746,0.5863476319072644,6.130829640884507,230.5084908095574,1,male,urban,0
APP100139,11.178522474098958,0.8805244309055429,25.193905117273673,0.8816996684576194,7.478897369867283,16.60674925864588,0.7160041770424516,9.370701451895645,493.159883406466,1,female,rural,1
APP100140,6.985194477039838,0.9498197360127068,37.201225073392074,0.593844134022808,8.466122141618907,16.20667893766003,0.5637327822873625,3.984274474802754,329.031759845891,1,male,urban,0
APP100141,5.922332657246617,0.9308458794707414,30.41630191173171,0.5914051566580254,19.142632769302484,13.16370967971218,0.7232544744845198,5.324490938356646,114.43162025074275,0,female,rural,0
APP100142,4.325262620135715,0.718162767101334,24.384292018117506,0.6862416803979494,8.38004899881852,15.680571484659282,0.5154365553268604,2.3546192302771862,144.4191419241549,0,male,rural,1
APP100143,4.458858897728804,0.6724212105302552,44.065962337273504,0.40310813174329746,8.141579959266316,12.704759353206994,0.7210711944837623,3.8634271154351785,139.01691095235594,0,female,semi_urban,1
APP100144,6.467968952403503,0.4959401855623628,33.73614345250455,0.3273248359012758,11.773949495016929,5.018891114561485,0.4516776016246543,5.202260219491606,121.49762921254539,0,male,rural,1
APP100145,9.33594277361993,0.4098621806546623,16.740642212280104,0.5216096154683657,5.784069817272491,8.850111655864591,0.48870277505383586,2.8775344233083624,19.377398746401838,1,female,rural,0
APP100146,6.200714659824834,0.6617452918370491,46.40354563408775,0.5577184655005092,0.0,15.111294225509587,0.7161332632107369,5.542025349775658,241.71193029619855,0,male,semi_urban,0
APP100147,9.508219788829477,0.8493336602098562,59.545484467731015,0.8224638727097897,4.0319105267076845,16.961184224379675,0.6544476685076571,8.931704356340594,118.77710865998677,1,female,urban,1
APP100148,9.060097224669233,0.7988993100417966,39.14006024618254,0.9331033710734058,6.600073787843179,22.432776430847795,1.0,9.708818904103596,145.94891666903516,1,male,urban,1
APP100149,10.409454818169813,0.9169302305585358,41.908559075789626,0.9806636471537852,3.5577236815710793,17.398545253380085,0.8369335082146465,7.449665737196692,485.6051131245673,1,male,urban,1
APP100150,9.22456541433542,0.4083069233429759,22.87174677408994,0.9136486260822488,10.261315841442872,6.549955277886793,0.47310208121401437,7.050218301569499,122.35620034953651,0,male,semi_urban,0
APP100151,8.99250835623903,0.6534404080743059,21.81629549402627,0.6999349506015415,4.1805708697561705,30.00248761989732,0.5660195937940905,4.724467680942272,323.91452923004795,0,male,urban,0
APP100152,8.447610959201311,1.0,35.37692248813988,0.8835738108056944,5.04894582131599,30.717923316770502,0.8031025987155853,9.376172768064535,227.36529905427827,1,female,semi_urban,1
APP100153,10.222799372536564,1.0,57.771113237798616,0.9034915096025186,3.1801174619896146,23.818551601673285,1.0,8.859701451833358,142.34677984562464,1,female,urban,1
APP100154,8.595454604785258,0.8359863754267027,38.293968475534996,0.8220428277513679,8.849934232200082,21.432974138788246,0.5702697009087108,8.352968028142278,148.1071635943382,0,male,rural,1
APP100155,5.35013883160467,0.6506206748104468,14.739753199517917,0.6632757196254286,13.397738841798846,14.705656115458044,0.45970533529572677,7.895381538085375,370.9337114889735,1,male,urban,0
APP100156,5.123386867757551,0.6296712925903765,19.343785684461366,0.8458644940223567,10.512069157682426,13.847084504074756,0.6231810152864329,5.134521676549413,71.4031933724509,1,male,semi_urban,0
APP100157,5.587688761380172,0.42261300151814,21.13401454921347,0.8466702194325073,15.093582750943149,15.69995572919866,0.8635251894447067,5.682439706808801,359.17643092508916,0,female,urban,0
APP100158,9.598364532519867,0.8269783256368695,33.618261116407105,0.8686146576363454,8.816668880989765,16.609599668340575,0.8728828881967826,6.304125701987495,284.876026841727,1,female,semi_urban,1
APP100159,10.666057411111865,0.4520087803818024,49.86627137734533,1.0,6.228492735814748,27.242003439937378,1.0,7.213565530245939,310.23993228786856,0,female,urban,1
APP100160,6.539006831963306,0.6411904792228893,20.50133558109522,0.7177903998874848,0.0,20.848358066135884,0.6421851289143946,4.40188355925553,135.1441568212875,1,female,semi_urban,0
APP100161,9.597883011900842,0.8465377829620312,52.25482520623014,0.7987373391661664,8.119451234249162,30.163927462829918,1.0,8.904439561657934,239.20584995002662,1,male,urban,1
APP100162,10.744669082369928,0.7628396580473121,43.662207585465744,0.8039512434649858,1.9635867053439373,22.825904016711966,1.0,7.044407799120864,358.20717433831055,1,female,semi_urban,1
APP100163,6.46497027954425,1.0,43.55666095088495,0.8607277920282288,3.6795169315173313,32.57693679908638,0.9229620656320024,7.201895935315241,429.80349310035314,1,female,semi_urban,1
APP100164,4.890958193637755,0.8776838737580785,31.620882520835444,0.45449125083726616,4.994356386048011,9.819867250865098,0.6465903972830426,1.0,155.69051497894014,0,female,rural,1
APP100165,10.970013133785553,0.9178021641556204,44.09282354876741,0.7037353204441505,16.24855348260038,28.378672620676376,0.6394145109602044,10.027510556692269,323.72147881168206,1,female,urban,1
APP100166,5.474235095867126,0.4295525531932868,4.106462203657319,0.40591986985688744,0.23661655787768687,6.101079841721118,0.7596850621422941,6.654635804747822,72.96059406095995,1,male,urban,0
APP100167,4.007533407555355,0.9016361346855186,11.368008749578678,0.6791958543410332,18.470728005219346,4.1839902291893045,0.5050077140615621,5.565992359835162,340.645498922404,0,female,rural,1
APP100168,9.130302618497247,0.9231373160326669,39.4311100820661,0.9246516032294728,5.565584750572754,31.653637395560835,0.8968200768546072,6.858074820288428,329.19176226681736,1,other,semi_urban,1
APP100169,7.159369374896274,0.4671841168033056,25.323024149275007,0.35670394496818486,1.6766937395303803,13.725938900759711,0.6371060682838786,1.6426462908562023,324.3488650232068,1,female,rural,0
APP100170,1.571803232459546,0.5976810459245976,33.99537238294778,0.506257876397588,21.934914065681376,12.234287979448856,0.3102655330418833,1.0,42.71190323021,1,male,urban,0
APP100171,8.823830991347831,0.9477463790681329,40.007088851991206,1.0,6.930222146345998,18.39558457216498,0.7722855337211743,9.35752239579635,283.9191503491175,1,female,semi_urban,0
APP100172,6.044600606947737,0.5837163364927518,44.65629762026722,0.789708684084161,0.0,9.451662691956649,0.6474414480404896,8.00155829136023,286.5957084194107,1,male,semi_urban,1
APP100173,3.252645878830096,0.6354560877666199,15.227103272053949,0.6968237055931931,8.8845496181263,6.967551855226985,0.5259625695976985,4.6196983452548555,158.56343051231985,0,male,rural,0
APP100174,6.232212072443858,0.6880928692269168,19.280140595695983,0.558561100646178,12.750824343262133,12.723807053724741,0.5698915820409186,6.52808404995592,212.06237835389723,1,female,semi_urban,0
APP100175,8.588930142022427,0.6544485690798734,37.705077892708985,0.9026161698306174,12.381004763354273,20.22783164329668,1.0,9.281227517281355,211.68243119093594,1,male,semi_urban,0
APP100176,4.7220340276755834,0.5100306999011175,8.376741179502034,0.5546862176896946,11.184697313235837,0.0,0.3391099480281276,1.4691296824453772,61.414054209915086,1,male,urban,0
APP100177,8.539926582782192,0.6836684479534776,53.967949898376425,0.7601618597915266,0.0,30.34318777682642,0.6315462470802203,10.76869140106937,234.3368395528159,1,female,urban,1
APP100178,7.3940777908756665,0.9587058102764663,13.85819559608165,0.795387886149507,10.80090681367679,19.321723047241306,0.7225333160173636,10.459254326592085,298.6067589114309,1,male,urban,1
APP100179,4.569194495213677,0.5472182692041542,23.472703159830033,0.6356668931100462,11.071080387072088,20.363376586532098,0.7409202664113952,3.6875639109579126,180.61392640253555,0,male,semi_urban,0
APP100180,4.869244157121646,0.6707891601219473,34.91374720718647,0.41959494091410987,0.0,7.822689897583696,0.6850248238686085,6.154583379852969,107.6502705169639,1,male,semi_urban,1
APP100181,6.608521072002086,0.37945282063349295,16.794672594635973,0.40043812769707177,13.634313954598728,10.173022220772657,0.6008713948113534,3.4643115761867382,182.8933195038652,1,female,rural,0
APP100182,9.931363468678526,0.7021016694013642,56.21941287165547,0.8887115346455825,4.218730310469281,28.467416641455745,1.0,8.920565912786627,243.2223459309376,1,male,rural,1
APP100183,5.477264315811746,0.42811943928983986,43.46298730985124,0.4913771095411598,9.68736170969559,14.441810646839517,0.5701579182161746,4.889249298852711,1.0,1,male,urban,0
APP100184,3.651889421036621,0.5373331698942451,20.073096338220708,0.5457279028788805,8.036655694825955,7.698668869969882,0.42325971705093307,4.334814850806162,69.135586725188,1,male,rural,0
APP100185,6.722452875922594,0.7459455946758298,43.38929434117088,0.5054014693968149,4.290251059540004,18.490887144237323,0.5318369499427865,8.155138128974661,417.88254906593966,1,female,rural,0
APP100186,10.493160393498995,0.9138748980096231,68.51591957269176,1.0,0.8025748844679543,26.33781353151683,0.6596342706701057,7.484624245235738,375.2620302183103,1,female,rural,0
APP100187,9.755770655261896,0.5674043976790333,46.01247714130666,1.0,5.110213719935166,20.922335658915618,0.7824738903675924,9.795991492860445,233.76802692406147,1,female,semi_urban,1
APP100188,4.818846131415809,0.5770137214672088,20.727234742566253,0.7692076726307738,15.360962623644768,4.546889991890925,0.646138584349901,1.7262495423897137,176.7854099130758,1,female,rural,1
APP100189,2.619303829964603,0.5565079873545717,36.24309551724845,0.8598107335615225,0.0,10.33185539331472,0.6469038492913677,5.02436855785147,174.74705736225596,1,female,rural,1
APP100190,3.6726406051749434,0.6257875772766931,27.951639836226732,0.6452867784813999,14.681730976470368,5.386895547859513,0.46051805218259395,2.6890602461073714,129.1319770263457,0,female,semi_urban,0
APP100191,4.588378824471702,0.5473492570639548,19.48637066658956,0.6382694212384908,14.377417666547185,9.505029232569637,0.35106206643534854,5.689986637261528,204.887032839683,1,male,semi_urban,1
APP100192,6.107066891062102,0.71905706899831,27.96791820008987,0.773057869920264,7.754346709213717,24.520988232593727,1.0,6.6421607401494045,250.8024998866893,1,male,semi_urban,1
APP100193,6.662773542386437,0.6070934736976074,48.869176485539285,0.6090112993398686,5.316467895204648,20.479202898269627,0.549725935134235,5.853034970223849,234.97617784609596,1,female,urban,0
APP100194,5.766245330272845,0.7947918323039095,12.542376250658904,0.6441148745026364,20.835738295765797,2.7244150067533566,0.46321021519846406,5.573752225683752,220.85616276526292,0,female,urban,0
APP100195,7.216490073410316,0.5256254033713589,43.571896221893105,0.8400388738354237,14.086331888986848,25.09072731821754,0.8231555064711528,5.505253078667024,272.1917989822855,1,male,semi_urban,1
APP100196,7.049519481541624,0.5443715954206132,24.01852519013366,0.5479217177840521,9.517327709380156,9.822436323185238,0.5367643380223119,3.14432923673549,155.7842286772309,0,female,semi_urban,0
APP100197,3.1437655136725082,0.6098946774669863,38.70759342942869,0.6843748855971907,11.30318822451292,13.049173787136318,0.3961527695093968,1.0,134.11544384562646,1,female,semi_urban,0
APP100198,6.504605557202619,0.6597760402767178,21.282750638255852,0.6180733282675851,11.94739738514632,10.17907125690871,0.7681492029767131,5.515870284776042,157.17922327702456,1,male,rural,0
APP100199,3.5842991369292916,0.5515984228070886,18.447189798854705,0.5924241174454911,15.596531266287466,11.04825766420026,0.40680270879789115,3.444409174696993,72.5433375519493,1,male,rural,0
APP100200,8.77648757926979,0.5893377278066265,53.04298726245041,1.0,0.0,28.244205166823633,1.0,8.72034649171539,391.1536271060544,1,male,urban,1
APP100201,5.403747030072095,0.5944225382341434,18.5300062123386,0.7874966060091783,2.8337936729803843,10.513082063797212,0.6900212606893865,6.442894163759954,323.5045386370691,1,male,urban,1
APP100202,7.542444349207945,0.4641299470458453,22.889675219288122,0.5867507319194071,12.589490774295111,10.677740108443704,0.4970356407581112,1.9905475833412698,179.5333149824815,1,male,semi_urban,0
APP100203,8.959454949950873,1.0,53.55341397671244,0.7737165973695367,0.0,21.837510210477802,0.5496165685859719,6.14722236718684,328.17839685363896,1,male,semi_urban,1
APP100204,8.376568617074703,1.0,11.277624852775084,0.7402902404223078,0.0,9.399730577269146,0.46506361037192784,2.6068477795148373,122.87760597399236,1,male,rural,1
APP100205,7.3923599555822825,0.7614733612001046,40.23968294703577,0.5274185447021438,1.4798963476617288,9.566948029823036,0.7285511679236005,6.36221660454049,208.1615688589825,1,female,semi_urban,1
APP100206,4.688981687141494,0.4371904411428954,37.42880689014146,0.5527264997840996,11.90918080904951,16.93211835828876,0.8687920168336531,3.0691102822911405,55.56434853887137,1,female,urban,1
APP100207,6.394608795510107,0.8755035016780403,35.57264307337176,0.6081301295964582,13.500160512731025,32.55675717267036,0.7659424602470173,11.584321165346505,236.14095540507594,1,male,urban,1
APP100208,5.119810452308608,0.4009486283791366,7.05898088325578,0.5559018249854516,9.772323111578437,9.699835999043172,0.5121965655356532,5.9702789351683405,184.57097375635982,1,female,rural,0
APP100209,10.486661255784433,0.6690522762604201,32.00243400602569,0.9461491951864062,5.578690076422421,20.82513190636883,0.7722009378534345,9.712241302070566,185.8025748869391,1,male,urban,1
APP100210,7.049516246760414,0.5677354197378187,18.200458987637525,0.7538945185764209,10.105525384302764,8.682781659365421,0.9571848817038153,2.651686969412855,174.82751902436127,0,male,urban,0
APP100211,4.597580881221104,0.5022396493129048,19.649977101079287,0.5102552404204381,9.050960699301594,16.214148529648934,0.4304358134559188,3.1915794352848113,181.20740843177487,0,other,urban,0
APP100212,6.836240187235378,0.654751726938071,27.94932321602897,0.6279652086771469,4.085588933484319,13.514157805648086,0.894769851039943,3.752814958304802,324.70096471036413,0,female,semi_urban,0
APP100213,4.881447089392636,0.36486788006863247,12.437780297487187,0.4565498592997639,14.508663716900001,13.913245231002685,0.41757960261583127,6.923507794317619,1.0,1,female,semi_urban,0
APP100214,9.577640164500684,0.563876372366599,31.88753189501758,0.9902682928507385,3.091597191288445,16.495409386826832,0.5059310862781032,7.045734544550207,143.98200204125632,1,female,urban,0
APP100215,9.47685798410719,0.8947546462031729,49.54982703334306,0.7821927296280144,2.7012259747033984,20.24663509608617,0.6902621395384344,4.730088604405483,174.8771695633789,1,female,semi_urban,1
APP100216,8.921990212884346,0.7971032393877966,42.470519028397824,0.8698665190427373,3.4122732857488076,23.073369900212462,0.7649894456082853,8.78168298767998,207.69952180363964,0,female,semi_urban,1
APP100217,7.9643073755466895,0.7721110378124842,48.2349122474628,0.46830876290160733,7.746317154760595,20.4728737234167,0.8009444690809678,4.101154478310729,215.51903491243354,0,female,rural,1
APP100218,6.328074129901555,0.29043238340375493,39.06251324388497,0.46378751566695253,3.039331007193489,12.680431287854672,0.20798943960195204,4.232425361614454,1.0,1,male,urban,1
APP100219,7.286364845349949,0.8118309715402654,21.40330502537013,0.6842448183263821,8.407695930976695,18.329486449945527,0.6342582741273995,5.042142615310436,154.1635389701235,1,female,urban,1
APP100220,4.094377959762213,0.4447836757572393,19.033634375265578,0.47883880625674025,6.879313262038241,3.7503391469204965,0.36970249501401553,4.431528225725758,98.85971599169314,1,male,rural,0
APP100221,5.359320247586785,0.843624527731937,23.503155570424216,0.7168666121818298,5.4529724524628875,12.557360376382226,0.5101936404944127,7.476264311669661,97.38987007589002,0,female,semi_urban,1
APP100222,8.519453029401916,0.7212160632009623,15.005097419656732,0.7408160285450038,12.010513815971748,22.244184112876397,0.4532269363879934,6.00214480593017,165.20219390077423,1,female,rural,0
APP100223,8.993443174775647,0.7463899242377127,45.32042316069458,0.9621030179718806,3.0563445612629527,22.399428696674324,0.758651837662614,8.165957502933384,309.7836173272746,1,other,semi_urban,0
APP100224,8.29935679329922,0.44008255330577406,18.736093156975954,0.43534562049733355,16.634065643505608,12.95785052004494,0.5621976807563454,1.0,214.59691013034575,1,male,urban,0
APP100225,8.172632330055244,0.9397865074069167,27.063397997332256,0.46197027803149,10.664425905195573,15.85232757965225,0.4779548939201783,7.395440034323629,1.0,1,female,semi_urban,1
APP100226,8.378890706162016,0.8603516646246193,18.029030798663854,0.7549057961842565,11.44480403549873,21.180385111053713,0.4540396603443011,5.482109502856579,302.9214556374309,0,female,urban,0
APP100227,7.024685319243202,0.7952519999458905,28.631105594104632,0.5894042137441045,13.17119414247458,6.79044514122352,0.6219610167201874,5.520110213049096,249.53059069954696,1,female,rural,0
APP100228,12.810917763432712,1.0,20.355989713213408,0.7542498590776957,5.575940926225722,22.018168629500007,0.6154684606565681,11.865589169875257,193.7082791768196,0,male,urban,1
APP100229,6.894535609908013,0.7058800796668816,34.24268016864899,0.7101545195131258,2.3923907531344275,14.300039806679484,0.37007847287484585,3.057230171336717,340.21560615374335,1,male,rural,1
APP100230,5.426363813415311,0.907005609386252,26.43930341521424,0.6179238463161404,7.329272847878407,18.766787823612542,0.5729576963604606,6.12545482954641,254.13387977162458,1,male,rural,1
APP100231,6.061506450176929,0.593769997900303,22.002134715254304,0.7150913407716172,6.541676555508197,13.331338459091343,0.4908340348716207,6.304842627691052,212.18179032485992,1,female,semi_urban,0
APP100232,9.331853273450548,0.81092519364713,41.29100574742273,0.8069221451391333,5.132810787290939,17.335925171363517,0.6565311031495378,8.190691483180304,271.6921212763048,1,female,semi_urban,0
APP100233,4.774316776041109,0.5865233473170394,25.07770512663106,0.7134294453242855,9.442780081493526,4.896896710754479,0.5420707481006536,5.623197116483507,102.80884936080496,0,female,rural,1
APP100234,6.68780283829717,0.6788539969791291,36.007479487891146,0.8943460852369252,0.0,13.246965015524042,0.5006099400129577,9.43982100220455,219.01531759485417,1,other,rural,1
APP100235,6.57870022878288,0.575820754306815,15.528198049291431,0.2429882939353905,8.48630654977318,11.764039227688087,0.3433352810093092,2.3941317056055063,161.5370377178979,0,other,rural,0
APP100236,6.296046790384958,0.4901220137830088,33.29479071835848,0.6148555886550711,3.6315625687762445,27.118774252415776,0.36629207366248173,6.6916720231294,123.37325783571364,1,female,rural,0
APP100237,6.784661643555422,0.7460823216242132,40.129631166746954,0.8551019106370532,6.845473046782478,16.66981091089305,0.8164050576178703,6.761287172255731,175.78182342196112,1,male,semi_urban,1
APP100238,10.92523756024495,0.8075514905221266,52.24742454920703,0.7689854138080974,0.0,19.25323761188881,1.0,8.904686696202665,379.8509224124289,1,male,urban,1
APP100239,7.261490275741272,0.4909807076966622,33.35364653976231,0.6752452939949358,1.3688380651654541,20.132791254496855,0.9742306912187588,8.429296284300591,304.7226368372007,1,female,urban,1
APP100240,4.206376658863011,0.5919694062125684,38.546151702934836,0.6617557967251585,10.055662953466591,8.563813024516458,0.5122962193539246,3.463242994376058,182.34775558961525,1,male,rural,0
APP100241,7.16614098771688,0.7982064574610367,34.33330603286194,0.8911123911843135,0.522812435625664,28.74735013486658,1.0,8.401993848007699,328.1050735471047,1,male,rural,1
APP100242,8.137931257439341,0.8456095092140636,24.166744420169387,0.6646900049885047,7.4050900523182435,16.12460099853052,0.7331547312330408,3.779919946880744,207.52324719958335,1,male,urban,0
APP100243,8.616638075849936,0.8246423552143162,36.08963225250148,1.0,0.0,24.35917328831433,0.6290050016127048,6.754133368118994,348.14678991957993,0,male,urban,1
APP100244,7.4215966968068,1.0,49.230683322442665,0.8775070980748684,0.4501801473160869,19.100880026881654,0.67742604594181,10.223626147296185,471.12803704096166,1,female,semi_urban,1
APP100245,7.6182911123472135,0.9351150089142515,32.43735706691143,0.7663034585995859,12.705692299578079,28.564731194822286,0.8205761043972299,9.982799759075395,354.1643906091659,1,female,semi_urban,1
APP100246,6.843072181627326,0.6335012974215655,40.4084326574903,0.5277437745113807,3.932135216565898,7.711795890625504,0.6861120730225079,6.947770687472028,337.8287625976697,1,male,semi_urban,0
APP100247,10.689990213105208,0.8255937148438206,41.543814754197236,0.9369775525800829,0.0,21.839770788740385,0.8723702194668133,5.489192147883676,271.45709393884266,1,female,rural,1
APP100248,4.539916189236192,0.5673690024619404,18.42452348401912,0.495536422627171,12.525473784204404,13.676753531887066,0.549202298957456,5.031627336592308,88.3410022986223,1,female,semi_urban,1
APP100249,7.6471188286596625,0.8826055858562092,50.8249328330103,1.0,0.6308169630150644,19.12872849206669,0.7344839733698487,8.062642329342593,221.12011811118072,0,male,semi_urban,1
APP100250,5.867095555504987,0.7524985158877878,25.890559152267876,0.8381572636251009,7.695852719175811,18.97380991454439,0.9072200995780008,7.9453353793954955,159.9929400189618,1,female,semi_urban,1
APP100251,6.885683511228067,0.6348362445649166,55.47757860678722,0.8417560090719728,6.5331183988243575,18.16872959879788,0.6693328531788932,9.348836956187023,205.42197061557255,1,male,semi_urban,1
APP100252,6.805718193004191,0.6545300511213319,24.025180356153093,0.709698053300521,12.385981884313386,17.906165823442677,0.5658957672252032,4.246959345584735,254.67978962789317,1,male,semi_urban,1
APP100253,12.235662529255842,0.906704352745961,43.87586980445766,1.0,2.6884321117491883,24.98399457961052,0.789318431902038,8.119333420154145,403.4096067617828,1,female,rural,1
APP100254,8.100890674658455,0.6006513296166365,50.0743605933572,0.42376407624114193,5.060729070491673,19.54536862951562,0.6975381393102486,8.868553872424787,202.8421928587062,1,female,rural,0
APP100255,7.385336199925801,0.778608204765461,34.554416932491115,0.5794484967363253,12.652610971175953,20.95016276804124,0.4844576145565016,5.41429863551739,204.1395347139281,1,female,rural,0
APP100256,8.220312574205519,0.4582580465924145,41.444134775540704,0.8745637759444066,0.0,7.987766672059801,0.4933610192143789,6.075994381980123,206.11137557912647,1,female,semi_urban,1
APP100257,5.508221879942131,0.6967622716176922,1.0,0.7598793781904571,7.290131453668357,2.784278916323219,0.8055562458348374,1.0,104.26344217648861,0,female,urban,1
APP100258,7.763136464586141,0.8877189673582071,35.35179571510736,0.6619297725334945,0.07206078446763975,13.505796970825502,0.5382394529938355,7.556725729183993,344.2851828283568,1,male,rural,0
APP100259,8.929032236845948,0.8427885971233253,24.82299054443092,0.33790098459623014,3.091915495657389,12.662816505760887,0.5637616761750737,6.577965062926626,97.8739695451088,1,male,semi_urban,0
APP100260,8.791824440266874,0.6544038319475397,51.784589788480915,0.8872582282056316,1.3368004350658094,23.163734483174274,0.8537453044831712,9.108739037129707,283.38184594042195,0,female,semi_urban,1
APP100261,8.917157925973251,0.9741907556851062,47.07253525524645,0.9150064837208634,1.4635459660916834,27.13512516994717,0.9321248424115,9.882294799001464,410.05152992479225,1,male,semi_urban,1
APP100262,8.421557517006724,0.880002651940388,40.32752889579407,0.7916974542825275,11.486253374762514,18.740112048310802,0.754561653530981,8.705342584740109,214.65396067231575,1,female,semi_urban,1
APP100263,5.861797362273081,0.5621977803090599,30.668511288667183,0.5917797994223487,11.424999443649428,6.318122092098362,0.7955457315428569,6.489168826447793,75.43426928278186,1,female,rural,1
APP100264,7.444554089796735,0.5206006694740872,23.688942052988345,0.30895606169526774,11.23654249236299,9.524862680561894,0.5323183429807781,2.8476080664470445,110.12481181714315,1,male,urban,0
APP100265,6.431609239517492,0.5583262480739909,10.466993821375905,0.6924839052533146,5.362371887223135,6.677800835198516,0.8785508979367057,8.306524568114027,232.85701712592515,1,female,semi_urban,0
APP100266,8.429013835155722,0.5150579094667369,45.94567529639684,0.7101603799923754,2.147492988522634,13.805336828461797,0.8271575671964878,10.83382485756669,84.0179197151152,1,other,rural,0
APP100267,5.0117488912502255,0.4383079336238961,8.212727348600538,0.47513118651097724,17.66921161930911,0.0,0.6950398886610152,2.9672365499385864,58.31362489194831,1,female,urban,0
APP100268,8.513928478837752,0.5142898993844544,33.37531219068245,0.44017751242895703,13.957416264015253,16.775415482943394,0.6570459343454046,3.413798617635519,249.7889950004074,1,male,semi_urban,1
APP100269,4.615590388257687,0.8018962767525997,19.438458990932617,0.6580656222394758,6.750343349191468,6.730402996040924,0.5378564562652021,2.0608490555932053,287.3083109441342,0,male,semi_urban,0
APP100270,5.49756619988711,0.4095714937841117,24.61241159539925,0.7816035647969611,18.37950438792732,11.082585751611544,0.5132226221821493,5.634259190741242,113.55976512692153,1,male,semi_urban,1
APP100271,8.446544603949361,0.7455632799032704,21.030199393011685,0.6319358938566038,3.8320735561258066,11.503526931357932,0.702999236410611,3.1411618288093277,296.2608518419242,1,male,urban,1
APP100272,5.380022126152155,0.6215579184005781,1.0,0.5353316768192447,9.270341676164506,4.465824771339264,0.5025007977384928,1.599873701275854,118.2801703714556,0,female,urban,0
APP100273,4.311753938351209,0.6564379109148003,11.229383285070938,0.541127923162032,13.76551244421079,13.603733260575034,0.21690506683359023,3.3966948259940297,241.5108758943544,0,male,semi_urban,0
APP100274,8.407664965003516,0.7260763939186556,34.597863584736174,0.6061146501876199,12.235312117613875,5.783805503672832,0.5776323620651024,5.405378130394047,123.76579299139392,1,female,semi_urban,0
APP100275,8.680634519544789,0.8807514114095912,19.025004115650844,0.8426151671071731,6.285981641383576,19.46800663840681,0.8319701134843545,10.368847305515027,338.38036871070943,1,female,rural,0
APP100276,6.707149013140414,0.6210086955601325,20.107922093226925,0.788981990209907,6.692180586011808,10.338740861513516,0.4323428875368476,7.133568015239017,327.1092843958672,0,female,urban,1
APP100277,4.605111751205719,0.600296491440358,24.025217050810028,0.7592750671008108,17.811028104276595,0.9531818359995228,0.3610036205241302,1.5155521700158263,255.38784641666768,0,male,urban,0
APP100278,7.507334535579215,0.6533749857397295,19.49258239293604,0.8801747172735774,4.974181191754246,21.002180054808196,0.8201086112819315,13.68339884502937,336.52361417404984,0,male,semi_urban,1
APP100279,8.516734424273837,0.9304459445697713,27.725557631926236,0.7386795801342986,6.4288059741394905,23.399259075836127,0.8953030944845766,6.668301531232494,253.47840962524916,1,female,urban,1
APP100280,3.3597876431742755,0.9317065721299327,23.323616685484044,1.0,19.38350342374813,8.138994672440962,0.45279305780345547,1.0,200.19013378286724,0,male,urban,0
APP100281,7.606189083650385,0.5237544493002029,33.082433590498404,0.9606928711642755,1.2150256988430561,12.395851188548848,0.6796533503729592,3.9801280671194066,174.37136003599676,0,female,semi_urban,1
APP100282,10.413188622316541,0.5576253115224341,34.1338799303927,0.8088557521759073,0.026587037672679337,21.8601487355263,0.8411551813615653,7.180885933063436,131.65407537488952,1,male,semi_urban,1
APP100283,1.9403777502554589,0.683306445366661,22.223733067054468,0.6291686167543652,16.697891458644396,5.846508993056457,0.698967281652091,1.2627717848400377,156.48124667802125,0,male,urban,0
APP100284,8.476047352655092,0.9393401236045,41.07912471585996,0.5157602154532303,7.882553523705039,15.769972782770992,0.6684782720942816,8.601609201334858,254.59855771562997,1,female,rural,1
APP100285,10.679262978991027,1.0,33.092090424065404,0.9268898407288649,6.3162729689336405,26.041469033121352,0.8129821722709877,4.18262916303977,428.54318470927785,1,male,urban,1
APP100286,6.550363261973381,0.7226199387209359,24.222704504017656,0.8769826486781214,4.4678049272979745,20.96628823395588,0.741035564802506,6.203229615355954,221.53019496241316,1,male,urban,1
APP100287,6.792631748486509,0.8152977582240991,14.367923000444941,1.0,12.89800358781892,8.522981728340254,0.3819136806315748,5.747428754810055,43.85297784752534,1,male,urban,0
APP100288,8.050137002366029,1.0,40.488073149221165,0.8224197369248151,2.9771638008043455,25.253810593782223,0.7037634218338071,7.142357510659001,497.5984136514212,0,other,rural,0
APP100289,4.196155764487916,0.8367843601780367,29.766882529078046,0.6819335139925334,22.264715543172663,12.61784422251112,0.5662693725162621,6.172779477184704,182.73287745279643,0,female,urban,0
APP100290,2.8306746761486563,0.7341934881109224,19.419156836607154,0.7055686423696632,15.476209624899354,1.7397943712480064,0.7560897365394552,1.8549029701818043,20.939449751653328,0,female,semi_urban,0
APP100291,7.596374807803065,0.4382045620218702,32.88239384149643,0.9438085317498344,10.319647065430832,11.404619424758545,0.3841506456175828,2.9260736988671354,54.93070426422591,1,male,urban,0
APP100292,9.906933781552636,0.8222347576816545,49.022153087570246,0.7164790148649524,5.107376220923861,20.424191187565402,0.6977732083307384,9.568879849569356,106.61866373050287,1,male,semi_urban,1
APP100293,7.204406277791931,0.6417839849621572,29.788338241890308,1.0,11.88420204770607,17.161599553906314,0.609855363378516,3.516481357075932,201.31176888441922,0,female,urban,0
APP100294,3.8296843099968294,0.5461883115718266,21.535477488091594,0.5212439431045656,16.35448355974749,15.583754748441716,0.5884921909962579,1.9729816256817247,58.45186159537871,1,female,urban,0
APP100295,7.772135329433407,0.6653761526890357,38.405953077366235,0.5169554613240719,4.730275506040723,15.438600782051498,0.6455984095106466,5.194772230234541,112.68424740810941,1,male,semi_urban,0
APP100296,6.873723536631081,1.0,46.61742282270013,0.8372916917540989,9.861348448515253,28.163779152431808,0.8098039001798223,11.474522138625558,258.43013919049525,1,male,rural,1
APP100297,6.261444803437945,0.6241875902135896,16.721507185583047,0.6459856347582438,0.05643155090810392,16.153816804930113,0.7165882890968812,9.314237503094981,211.22925960135146,1,male,semi_urban,1
APP100298,7.432239914925857,0.8360761271076047,23.538937973387185,0.8061339105060767,8.457579583988487,21.40769384362374,0.44418260758362726,7.1766181648259355,273.97280623034595,1,male,semi_urban,1
APP100299,10.309909828363313,0.9018061359734635,41.77801963573255,0.6507732581266867,0.0,23.218681940925794,0.8581381699604744,8.375935254288592,177.7532569716131,0,male,rural,1
APP100300,8.706641814925039,0.5172450178195508,24.256508364648134,0.6853552414400987,10.108516628534197,17.782116940883725,0.8046620308966425,5.960323174050252,73.1241411707226,1,male,urban,1
APP100301,7.3653347773760105,0.586871833626871,37.929972845300355,0.8790026565634877,11.247421677081041,23.415154690222145,0.5124303324349788,5.242346464845923,288.1245943033027,0,female,semi_urban,0
APP100302,4.321165239270204,0.35278872710822873,13.649220180122528,0.8439093355229692,2.6587633108954343,13.981553310657121,0.4173748402350199,6.497616351297044,87.52256222277038,1,other,urban,0
APP100303,5.932066261741512,0.7933558597248929,51.933824516426135,0.8501751315295928,6.434432754904909,12.31802593356258,0.6161172897719036,8.31123585977085,277.7950754695464,1,male,semi_urban,0
APP100304,7.672745812470579,0.8041475933236455,39.20250528525896,1.0,0.0,18.57899615417802,0.7419539421427962,12.135866117271316,250.45401396985068,0,male,semi_urban,1
APP100305,10.361412179892113,0.5781248511821125,30.10235395049822,0.6363902479822232,6.533386266742903,18.86084984591556,0.9286940731783149,4.435475636916817,353.22675284196816,0,male,rural,0
APP100306,8.391860936953016,0.4356876023513469,24.831812320164225,0.8033698308304712,0.18941612039146172,20.322470569460997,0.5315930863279312,4.489472317895708,241.60782297164047,0,male,semi_urban,1
APP100307,7.411783680781962,0.6811056956265519,12.424147829630284,0.2963398937237057,11.741961480731634,11.601903719822012,0.37549210413573164,5.426629551813136,257.5132721808444,0,female,urban,0
APP100308,5.147497228725936,0.5743392799263378,19.77282195128639,0.595849976884298,9.35520741134621,8.458463053119042,0.6411587216952659,3.460442871028503,181.89740417323,1,male,rural,0
APP100309,5.496971132166632,0.4929089229400482,21.272172176483387,0.6704710040437953,15.2369096588146,10.955091086528588,0.4279251954199006,5.997897199476846,187.0174478955305,0,female,urban,0
APP100310,10.273847509436886,0.7037240613356491,42.48066353804113,0.9634561876775971,8.951238803865404,21.024124152287747,0.9535637579249375,11.60202107153373,253.5297133616225,1,male,urban,1
APP100311,5.514212734524491,0.61574111669957,42.189024639549935,0.43435673939984387,9.749781849767903,11.211812173986331,0.5598499673881238,8.436157237096445,278.7098842968638,0,male,rural,0
APP100312,6.05700959190782,0.7367642343094113,25.700735016588695,0.6285229699944871,13.649008276416517,23.113405403801437,0.6766839324449057,5.442091824350033,204.11702078214472,0,female,semi_urban,0
APP100313,7.084135166137698,0.7235819950390283,35.71785709882373,0.7696002979113868,12.35451272273855,16.276537071958593,0.5061677496601652,9.222358089866084,178.9677787049194,0,female,rural,1
APP100314,5.592324892906766,0.4726253137416912,33.734338440030015,0.6054060312420309,5.107835489383637,15.084155507936078,0.6569787897322529,3.984166254601334,1.0,1,female,urban,0
APP100315,6.3762765612031975,0.6448018329078911,24.106193565397273,0.7814615251795486,16.80170766243749,13.440650146997333,0.6245701886643854,5.504841525518688,187.73500942120813,1,male,urban,1
APP100316,5.354245273385302,0.8292861509299754,32.914253463096124,0.661486669507589,8.779413305773675,7.489965749167537,0.5772604317958403,5.342206621655528,325.0490896684971,1,male,semi_urban,1
APP100317,7.49747251910296,0.710607075380557,17.62057691901967,0.7450368478704522,2.9482738263032067,8.923255593129998,0.47079791009171884,5.877791812758404,131.7819722592036,0,female,urban,1
APP100318,8.406324403715864,0.775560317036756,23.165265501341928,0.7250159440138658,7.206924440045418,17.859252154678366,0.7641462656312725,10.953769114220767,174.29995859620334,1,female,rural,0
APP100319,5.309234982003269,0.5563568529024435,22.689233322281126,0.7780817622475784,10.957272461427413,0.4968859633383218,0.6401159016714023,1.4199840871839258,110.44201926105511,1,female,urban,1
APP100320,8.208179185229131,0.7298416929869269,42.380037955727076,1.0,0.0,32.316592112349,0.7744410259858301,9.255868832509355,431.57977963162193,1,female,urban,1
APP100321,7.71006068092041,0.5984064613797838,25.22544882932518,0.7201949463961036,1.2053149243123844,15.03398013986069,0.6193278031745082,6.844362512870351,72.31990821233987,1,male,semi_urban,0
APP100322,5.373011356570448,0.3927464367204217,26.00072654623863,1.0,18.2157125173374,9.885269481894492,0.696614005108408,6.127092520325967,108.00227433329064,1,male,urban,0
APP100323,9.375166211810093,1.0,45.92265070865603,0.7829239524263721,4.013899373016378,28.799568483742455,1.0,6.879355321339867,234.74527292178595,1,female,urban,1
APP100324,10.208827337762134,0.8734772021843096,32.27084804822674,0.9932022473313123,11.765153583557595,19.501856599528562,0.921079212475052,7.484211230796809,338.67091790875276,1,male,urban,1
APP100325,6.987718849149445,0.8368482942083009,36.01481590479035,0.7223845756723066,1.5604999000119442,24.47897928421359,0.8400136084729107,7.297971904710943,290.51206699681177,1,other,urban,1
APP100326,13.101082597054514,0.9337276211309052,49.211284044715626,1.0,0.0,21.60658723793076,0.8502538860245344,5.283980548333246,320.8504665621792,1,male,semi_urban,1
APP100327,8.405273980357826,0.8518667006363628,28.87357169504033,0.9428050516229222,0.0,20.274031746285033,0.7720464704917857,10.343701906374775,269.4957269291019,0,female,semi_urban,1
APP100328,8.018274865671412,0.6165191201159304,26.362767054458377,0.6032779790081682,11.905347328792518,21.1774439683577,0.48455262039024943,3.5941566147034547,300.6600179438363,1,male,semi_urban,1
APP100329,7.1194710850767216,0.7344503986353028,42.830928728223505,0.799054271857126,7.139770226372488,14.852921044957583,0.730891846626457,4.45835735150977,373.3740156699121,1,female,semi_urban,0
APP100330,10.401107262697032,0.741388027618245,39.888379330383884,1.0,2.0240973684291266,23.2646419594707,0.958631842675772,10.14564263059625,386.60616409042746,1,female,urban,1
APP100331,4.399823067777811,0.9159311206615051,10.757548192164105,0.42197447235931845,9.664089067860756,0.0,0.45496712631427494,2.114640182974963,141.19971356493767,0,female,urban,0
APP100332,4.057567908320584,0.6962799977530357,6.861779048295512,0.6089358010441465,19.120608766461253,13.490008438632053,0.3602371407867099,2.264425706988395,216.98872414343322,0,male,rural,0
APP100333,4.5498800245407205,0.619392513154081,10.34680182100051,0.6563090246768026,10.816238381558064,6.928426519192141,0.4100629403456899,3.3217636066110945,46.81235642425763,0,male,urban,0
APP100334,7.613965158593545,0.9726778544212751,34.78266436895934,0.7949102966105286,4.795041462308406,17.960723247825854,0.7299603358579461,9.504345627546254,295.7263810191672,0,male,rural,0
APP100335,6.9144169286559025,0.8384129662913652,45.979500897724215,0.4118476376858622,6.660055986009546,12.133218433378964,0.4053791356689762,3.9455524368621555,385.71775401531414,1,female,urban,0
APP100336,5.0802543025113485,0.34765723830294853,22.58409602347188,0.6858716251394076,11.046946580952346,2.86251020918749,0.33213665177681284,4.284849057267816,1.0,1,female,semi_urban,0
APP100337,6.145174659978958,0.6135696251483808,11.901143128918676,0.6671147617535905,12.605697566415962,7.091729186670889,0.813669648897654,2.657600172205232,122.16728260184841,0,female,semi_urban,0
APP100338,6.150382829535164,0.7120523375760385,38.377251412748926,0.9068904726398989,0.41026395349640943,18.331772419717783,0.5127111751674589,6.950110165482931,127.64989250967648,1,male,semi_urban,1
APP100339,6.936935895362158,0.8644422660972848,28.95531055852163,0.8415659237491442,5.858728667095921,21.477331104252055,0.6206603473965322,9.259644782097931,290.5195361397936,1,female,semi_urban,0
APP100340,5.117216036975566,0.5869695855958125,22.80259099900465,0.6453099443029261,15.558027885563819,6.6020574965516206,0.5944113019760007,7.221562734858663,279.8312379959836,1,female,rural,0
APP100341,8.172536927094791,0.7173618899937333,27.00413410828466,0.8170404068096344,6.451251883184721,19.3123965164733,0.6239123080111089,3.5445722713789745,282.4817978419021,1,other,rural,1
APP100342,8.323205525618725,0.6527853900371736,52.20644240051873,0.6016065562307087,12.501561308590416,18.888856581908072,0.6907797334954819,5.84636052577779,206.93220569861157,1,female,semi_urban,1
APP100343,10.590412185028223,1.0,33.027996220938036,1.0,9.115021985545551,21.09172414648863,0.9790018511626011,12.389854762673743,378.85339076810794,1,female,rural,1
APP100344,7.200890265016739,0.4970383072791218,34.35466619330432,0.6839196439816956,12.044033646894832,9.20949150515974,0.43486218496172374,8.114525290998303,194.07983080481165,1,other,urban,0
APP100345,9.074240699960427,0.7358233035038119,32.14014868898964,0.7830331040028894,1.8162929807502657,19.808609394607117,0.8880451070154277,7.6005064260180975,302.4356426505444,1,female,rural,1
APP100346,8.203339099985826,0.5205162779945975,46.12437173762703,1.0,4.425439509721458,21.678793298483775,0.6839761357895862,7.948971696018658,338.47582895646906,1,female,rural,1
APP100347,2.253251497851335,0.4033339824773543,20.134729106092056,0.6021037156443011,14.706554464640872,7.594669742571539,0.4293134072018586,3.7496354225382817,261.0889407042106,1,female,rural,0
APP100348,5.4857983713714935,0.6682225236678249,35.40365779560379,0.6002591369066385,8.428644687754852,8.069824866916793,0.8391211630476256,3.6669547166804746,190.9334773994027,1,female,urban,1
APP100349,8.06191445119041,0.8587501027758996,46.93060428192065,0.9089408432250232,1.6930260353390962,22.75119495769115,0.5750151495759381,9.260839810131674,310.8378344581682,1,male,rural,1
APP100350,5.658836995735177,0.6675148996858187,24.36909012553742,0.835202971972399,4.676155381954294,22.05130518200503,0.7567224736997892,7.270890732898886,404.05640336888376,0,male,urban,0
APP100351,6.191392557494353,0.8714300266622372,59.41692870207563,0.7104353425727086,20.618674089279278,11.290128415060096,0.8227447294469912,3.827083437010217,36.08721917450629,1,male,semi_urban,1
APP100352,5.827134271376921,0.8114062430909237,27.30124423615345,0.7601867989977481,9.854053054237625,8.924952861306213,0.4328451576079355,3.1864521899136524,132.94344572717415,0,female,semi_urban,0
APP100353,7.284686709041545,0.8219196922126146,36.40072183712983,0.6832586111185698,8.712745306314252,35.33090263162759,0.7152204184552418,7.737901882005938,242.51252287280596,1,female,semi_urban,1
APP100354,6.895631140335288,0.8016855516230651,37.826260013216206,0.8364071694176631,1.4087667803441368,19.66036947361447,0.674850594355279,6.7713672012399435,236.63365626102967,1,male,urban,0
APP100355,7.828011222069271,0.5325288802491697,27.345285460134086,0.7330023175289683,19.994506056853933,3.686492743698058,0.42209479371768405,4.547963671800405,189.6656366874107,0,female,urban,0
APP100356,2.740526493796392,0.6703388903921855,24.795460685053484,0.6791132144388863,10.43646204691716,6.42737372111986,0.5053528145811779,3.887062830134368,205.48895727407267,0,female,urban,0
APP100357,8.49088392626032,0.6386014057077013,45.55422397019365,0.5212668687741951,4.145017816113165,17.10091993126732,0.9310290084093806,6.914697971428997,251.44675507991573,1,female,urban,0
APP100358,3.2747777298486844,0.8376580066398787,27.810272210182582,0.5578292500565339,3.4464886585824512,10.316105355624265,0.43086842372333156,6.046205154937992,171.4339495968585,0,male,urban,0
APP100359,6.600903445407678,0.9195550322190233,43.051861948907366,0.5975213612822059,11.883501400223171,18.966498012401185,0.8499797062026825,6.981257191840552,165.62990604503017,1,male,semi_urban,1
APP100360,7.753548116249506,0.5901713109539464,27.825262101699074,0.996627302701299,12.215739898094931,15.318077276250378,0.9476644179952775,10.327443407460342,147.26383146644605,1,female,semi_urban,1
APP100361,7.415106890071277,0.708078633609193,62.45936748415896,0.8086342452515891,0.0,30.603125198776823,0.8726981629714304,11.40900147951644,311.200694339592,1,female,semi_urban,1
APP100362,8.861995445321277,0.8299272827581663,55.695475309131965,0.9762880420513427,11.538122225094611,18.7626650359849,0.8122474944058704,5.21639303216485,240.38642751256688,1,male,rural,1
APP100363,8.788316743152267,0.6333683886803667,36.57919383336059,0.524562734749132,1.86985005466172,11.926652530811776,0.5410393820944339,4.70144376688997,332.2275739349345,1,female,urban,0
APP100364,9.511104666167922,0.8649290964425025,37.878491947589154,0.8772404772608179,8.246965152837198,13.05634931586297,0.36060391153518495,6.830252592949957,463.98993929470794,1,female,rural,0
APP100365,8.991592261568554,0.6764020536134009,33.28689433703741,0.7602915341822484,5.499248426974981,12.041748185201705,0.7757450828030457,7.232851193320258,177.96413219431568,1,female,semi_urban,1
APP100366,5.708193862802408,0.980574922474384,31.429140340127347,1.0,12.866408825434261,11.362538838431782,0.8342878669899193,8.489881179201378,85.85236771646433,1,female,urban,0
APP100367,7.893541170135478,0.7851225624294742,35.60504396757015,0.9960502308590364,6.310279365392532,18.24098540060612,0.7912122902758694,7.971382957264172,149.86174295376063,1,female,urban,1
APP100368,5.151761816294398,0.8931252840022619,1.0,0.7008799066404383,18.605870689764075,2.0772823372070857,0.5740178878139987,1.4990305488041253,7.318673028495908,0,male,rural,0
APP100369,8.549429461165946,0.8065775005665339,46.75849306909399,1.0,13.622616137485576,19.72873028320927,0.5879807865871953,9.626731489568815,240.789642588106,1,female,semi_urban,1
APP100370,10.517431570064057,0.5567494880060679,47.09894890318415,0.8341202947760709,4.474237557291135,15.03584624679431,0.8017275053970467,6.306349645761643,230.86283370946177,0,female,urban,1
APP100371,8.832576854553164,1.0,14.607236878334401,0.7272503708759741,7.321109585855625,19.964396515219125,0.8899063691397153,7.789013696123521,108.1849348891726,1,male,rural,1
APP100372,8.396895468639514,0.8682793454391566,39.21285434746657,0.6968836080242874,2.3223786667715727,17.631211749177126,0.7541970642144031,5.995224837842865,373.3605487502159,1,male,semi_urban,1
APP100373,11.00257213956297,0.7605007283457422,30.23592653370427,0.778085906307218,6.37812791865558,18.401466975900142,0.8557615965337919,5.9392379321646,272.2662345386304,1,male,semi_urban,1
APP100374,6.039289050795965,0.7233167136554323,21.37849117715344,0.22659351440026027,20.21410545187588,15.79983003666488,0.7602755966262817,5.873938573653999,313.0530152177821,0,female,urban,0
APP100375,7.154184981298074,0.5608278278847836,38.45505091760332,0.7694318790557894,10.407442909251344,26.925859356689326,0.5157733918891085,9.869702139490876,77.29033260373438,0,female,semi_urban,1
APP100376,6.8248164604574,0.39992889044734214,9.924805736429189,0.7259272009427458,3.8065165535374526,9.284278415701142,0.7211087952110014,6.021689142012067,302.4799827232373,1,male,urban,0
APP100377,3.157474781353277,0.5290744715336951,15.067831667422912,0.5163764720080817,21.920420716533876,10.996842766623313,0.34937797719955976,1.7290711645156964,73.09018408963009,1,male,urban,1
APP100378,8.51692391652473,1.0,39.287651195221784,0.6015243641475636,6.642245003992579,21.70883909168717,0.6018335933219598,10.84744268945135,245.50831078563732,0,female,rural,1
APP100379,5.640928236223807,0.8414367616162929,38.191728807002015,0.7948650016247351,9.27930717513575,24.42042409220468,0.709752397666667,8.629297766138686,273.74999517679174,1,male,urban,1
APP100380,6.524163361211883,0.9776051856822776,18.23575751265878,0.518828262315556,9.709612938665407,16.615460683785432,0.9396606826281212,6.7653146852727675,162.96742529054535,1,male,urban,0
APP100381,6.499332278708713,0.8763386575993017,32.5031582545993,0.9664886435600406,10.863348249524426,19.78783352370305,0.5411244083125172,7.618460048112563,180.74713031358186,1,female,semi_urban,0
APP100382,9.019982188821228,0.7427932561872621,44.17132547587083,0.7310621640204125,0.0,10.527081839068083,0.43589497401115535,7.438476496098609,324.95449291294597,1,male,semi_urban,1
APP100383,8.826583281126622,0.8882267025022225,35.03299942814852,0.4275904518630944,13.161586153531305,10.51161536138056,0.44663774043506954,11.12716832788617,41.32639671139469,0,male,urban,1
APP100384,4.181231843298243,0.8368331372398671,19.46806553076645,0.5910226652963646,0.0,7.5761402619806155,0.6073116914868755,4.172590931973727,276.09103133783026,1,female,urban,0
APP100385,9.632535561372089,0.6558717316993484,54.00131849175371,0.8231961637550924,14.203475145762862,13.021202809783954,0.4960499924584467,7.6572867972303715,221.23944657341178,1,male,urban,1
APP100386,5.748057981275736,0.5696335168260422,11.90723872577954,0.6408240433734552,11.938338181770233,10.316772380154804,0.22064690776520418,4.917973387641578,126.3553096836419,1,male,rural,0
APP100387,7.029023693322789,0.6989979893850953,35.74825047036734,0.5630933070955306,12.949756813475469,10.196384485048336,0.41164613097927416,6.435977635321897,277.6530277571323,1,male,rural,1
APP100388,3.815692606704557,0.2876960147870058,27.88613406192919,0.5664302348377396,10.560127760680608,7.519747010875677,0.6118904785596392,4.265489953146906,204.8549389394555,0,female,semi_urban,1
APP100389,8.146870482774322,0.8805285564333369,62.58486890446084,0.8377446558855258,8.372527658150958,18.646737869040052,0.940002561046311,8.055046739898653,270.6558816613804,0,male,rural,1
APP100390,8.327272928697132,0.7915681782226165,32.38272142753758,0.640490776654507,8.658153436883124,5.62859041233269,0.5625207602492028,6.663313039995444,128.06976441183173,1,female,rural,0
APP100391,5.042098811190104,0.5741720715203555,22.73613915267336,0.3701224125661057,14.567294125567134,6.184095730670224,0.5629660837129162,1.3133855419213367,234.331054249388,0,female,urban,0
APP100392,7.721271712364599,0.7890044712532253,38.41446755355432,0.7568265595763514,8.718184698899115,16.573133446143203,0.8338685846832883,5.594968577705206,104.86530985376433,1,female,rural,0
APP100393,8.757088697627932,0.7879005731110552,27.914757362010903,0.6311646479524587,14.088440365406525,21.926283721044804,0.6504709667267571,7.919037199833042,263.09492629827685,0,male,urban,1
APP100394,6.255509184216994,0.49513442596325846,29.833089317337695,0.973880400020809,7.687305552377005,20.56874406489334,0.7501767528095404,10.374499721201246,154.07819436839594,1,female,rural,1
APP100395,5.803933735639711,0.8793123185183009,20.936400628144863,0.8068293697655874,3.8684271323136015,20.463145974530548,0.4723315988190918,4.7595263310913625,201.34321553736137,1,male,semi_urban,1
APP100396,9.340315797905799,0.6600136905537,40.94074976454822,0.5916084043619484,4.648520518690212,19.8212676012041,0.7498170212819354,6.433142995401113,212.6568877366492,1,female,rural,1
APP100397,6.528160224994155,0.467207733663535,19.719560138288323,0.45986082242892823,15.894456210458255,11.680229404368427,0.38300647936394344,1.080234392107664,1.0,1,male,semi_urban,0
APP100398,4.371940664519781,0.7410134052806527,13.291090099260167,0.47853046680692585,19.992670120053,8.68930842809623,0.2646684042920085,6.1376944577630965,9.777137983215084,0,female,semi_urban,1
APP100399,10.024490115959921,0.8920708772303547,47.79592063765886,0.7711963636842102,2.804816274897856,19.941916220660847,0.7144702504096859,9.119548083443492,247.94607625340507,1,female,rural,1
APP100400,4.719964029891629,0.7148673310659813,7.82737313214426,0.7341730457681331,20.11262723821369,12.591674134915301,0.7839360601003097,7.917558739961458,216.08742770148228,1,female,urban,0
APP100401,7.958979461170895,0.9765071890286249,31.540954449121323,0.9756973542603544,3.239458454762765,23.553194421612687,0.927963076499194,6.316726744036075,156.4809719113353,1,female,semi_urban,1
APP100402,8.797814384538887,0.46024380423328937,1.0,0.7161368406303517,12.430615102342653,21.28238810242851,0.71789035716765,5.372946930645204,96.63076288675894,0,male,urban,0
APP100403,7.905858381004166,0.6904590907998265,42.316497270348925,0.9609972356912043,1.6388688881027411,14.779389497796243,0.7910947701454817,4.1753556421745985,226.38569977735244,1,male,rural,0
APP100404,7.006823919387717,0.923561278588,31.673668149516676,0.7670662297883176,12.550354733085303,9.807857820443203,0.693001864222983,8.130132084290771,340.8919158642643,1,male,urban,0
APP100405,5.8931669093449885,0.5301717110236653,33.51978633731508,0.45283862971923516,8.16007469164971,15.071188984949044,0.4750555058616134,5.278244045813828,234.3406947499896,0,female,semi_urban,0
APP100406,5.891633878630734,0.5570220408057047,29.516899959605304,0.49124132589815345,4.033564563709522,19.714645116858897,0.5280056014341123,7.173101380705733,174.1326583471865,1,male,rural,1
APP100407,6.640082794764505,0.6601368523957261,35.583000037589635,0.9122575731513098,8.221916322475487,13.189930127847845,0.3474416319236751,3.533703848675026,261.17814124212737,1,female,semi_urban,1
APP100408,8.774587594543371,0.8138755466697469,37.603506388716326,0.9123362496482149,11.464042733048633,10.53662249422871,0.95164117689855,5.891650987046015,255.56922410760598,1,male,semi_urban,1
APP100409,7.101695442850497,0.8019270401797669,34.53032451931763,0.7613579780738793,10.161020736365872,21.672593224726903,0.6063982689018192,4.814368575076659,1.0,1,female,semi_urban,0
APP100410,4.108194645272613,0.4164657322866705,25.722108716648233,0.7059388895331258,6.242972892587958,12.308963525460868,0.2982701759038384,5.0793728041367645,282.07027399977324,1,male,semi_urban,1
APP100411,6.696688052650541,0.2708970768430505,29.17439621516272,0.6965068801858456,6.982479408154772,11.11388731697221,0.7767782732895809,4.581613224275632,216.16664916422448,0,female,urban,0
APP100412,4.929914241915516,0.7531302151524014,39.192460545369784,0.6942919397587842,18.024742963630676,16.687566979845137,0.5578218253597986,4.8052285777512616,163.13393114230968,0,male,rural,1
APP100413,4.273629463767529,0.45439239431937506,6.271326994601161,0.57555638880403,9.728705763436203,0.7187922229368677,0.6912150084813924,2.2888512166727715,148.36998710341638,0,male,rural,1
APP100414,8.83687643834591,0.6042856258921463,28.936742647511984,0.8785366910236081,10.94961649311017,15.348515142881501,0.605498972903207,5.9026115453630945,234.08263421047718,1,male,rural,1
APP100415,9.995907008778499,0.3552696758419473,30.427821973933963,0.626869586213515,12.629320243601109,11.433783288697274,0.5094526864270035,8.445306108472108,197.72362769373694,0,other,rural,0
APP100416,8.693560250227211,0.7720789061036841,23.1606504822897,0.4979791865261691,0.0,18.39283135717477,0.6151648301100286,5.037511946496186,122.96131181328818,1,male,rural,0
APP100417,9.175717391164355,0.8325862833122749,33.224347267591675,0.5614132974330601,11.520710500866695,20.216191983042528,0.8293396895624754,8.390526054559349,211.24738459297612,0,female,semi_urban,1
APP100418,6.740866152561702,0.7558120996863414,25.488299782980825,0.6997845764906234,3.413340429536885,11.140872346298774,0.6196185308064187,6.991478709790316,223.88786831109985,1,female,semi_urban,1
APP100419,6.393138656200751,0.7120963979689426,42.292178734755225,0.8775257864684758,7.366824513193107,19.02008036254004,0.8052518782833591,4.3077033181633535,105.61893041309796,0,female,semi_urban,0
APP100420,7.1279662744443515,0.35894653551200656,26.41016638999597,0.6203646945705534,16.817616508157343,1.1033823629705815,0.7517839533982428,8.622897240286914,83.15567984652961,1,female,urban,0
APP100421,5.300846900524265,0.4809730036865507,47.96677651427003,0.4380592084436363,17.72844691308688,13.976903644255614,0.6456494766095486,5.2890060958835035,180.8429471326437,1,female,urban,0
APP100422,10.673715556598498,0.7452742978607311,45.45575266223791,0.8948867483266041,6.507731762739618,14.33521031167421,0.6247958830517996,8.615069141144943,382.97464763217306,1,male,urban,1
APP100423,6.420722131814631,0.7526428092167124,41.94932458208778,0.812913333556964,5.868796869523212,20.935523031077878,0.66856392729213,10.673031262485782,262.0580969065592,1,male,semi_urban,1
APP100424,7.947734669580546,0.7520281342571823,43.87472640801652,1.0,9.6433882792394,18.434356695487097,0.945796221121362,9.73648506724323,223.5640231722903,1,female,semi_urban,1
APP100425,10.757877463310416,0.9073479704157816,46.426950055633746,1.0,9.185909196793672,28.071462743767558,0.5347708307034145,6.917152108509151,185.18651966310105,1,male,urban,1
APP100426,5.454866806968583,0.8324728326308329,41.75563033672378,0.5135612516104437,16.434345053899456,25.092410986599905,0.6132369492230256,5.742867930390446,77.67455385055608,1,male,urban,0
APP100427,7.820308625078444,0.5566715267335745,25.40596857716634,0.7874556868555554,5.783936580461864,10.037341807502905,0.7703743156893609,12.044405348383782,153.973492646109,0,male,rural,1
APP100428,5.324063169086271,0.5275812282949929,1.0,0.4192291518190808,10.30159593856453,8.676847984062187,0.36267619169590315,5.888757597013939,169.363924054586,1,male,semi_urban,0
APP100429,10.0339706858176,0.857169353522627,38.149212256398755,0.6076668389824001,4.958913369039699,28.534170719196368,0.7077490657152435,6.795951059347712,91.5550202829946,1,male,rural,1
APP100430,5.138429786984334,0.5666766718531404,38.8329822420116,0.7225601169960563,8.450880171520568,12.399808933899228,0.7196559970579931,7.561781473640591,255.2928613785217,1,female,urban,0
APP100431,2.642467214894628,0.5173803470366127,19.02652817534081,0.6748283355613705,13.113978933533462,4.140267996477239,0.3697984683839934,2.272888231988153,70.86057110212012,0,other,semi_urban,0
APP100432,5.229211513954338,0.746533270370709,34.61429256397551,0.6863631665031638,3.7596245156085617,15.007253879601837,0.7528996128713475,6.2383376965967114,246.89008262636546,1,female,urban,1
APP100433,7.1006114174329635,0.8621423418016076,49.695859786373745,0.8280959517425758,4.567835419466815,27.16722570686465,0.9379475962930506,8.292588878645583,435.3023853880745,1,female,rural,1
APP100434,3.530766945676781,0.7164853060045087,7.5780058194672115,0.2988396197308854,3.123614168999249,14.055772298900505,0.5172007615388641,3.356549037328363,143.82215062369437,1,male,rural,0
APP100435,7.092292425362434,0.8176236701844051,42.12010236949207,0.7414740186839595,4.807274193137243,18.377436901360614,0.6553089881312129,6.884669740792671,389.60016440176247,1,female,urban,1
APP100436,7.553904141356621,0.5667982069828722,35.38978954964011,0.7105455006411924,11.772285284862656,6.666194582435421,0.5283728538267567,7.636194373280906,284.67010913765023,1,female,urban,0
APP100437,8.275587290451297,0.6403403712740476,42.179884653439736,0.6544865490707972,4.507564468387737,27.392991447868813,1.0,7.364039249910865,418.3562438869708,0,female,urban,1
APP100438,7.470163407658637,0.7652820000236313,19.439022540994213,0.9491168738201553,11.268838917225429,12.537482029881732,0.5716440879607051,8.847676015447558,170.65819717555976,1,female,urban,0
APP100439,4.552175042402972,0.6473540117928049,20.573657384256954,0.5613576277880568,13.960496967982486,2.0369794798053817,0.7950647277443609,3.7838363968168065,1.0,1,female,semi_urban,0
APP100440,10.161153052127455,0.6984650251311988,48.83265193431578,0.9198715309617331,13.954747671873175,15.10251386698913,0.5709600546237006,7.855517062287384,309.30627107239906,1,female,urban,1
APP100441,8.38086854231401,0.6917898737644463,39.35963783136964,0.5576708142206529,8.754588579577273,7.343375878609958,0.4014839410639183,4.868440839989949,154.4162333220778,1,female,urban,0
APP100442,5.762577142706275,0.89645665720203,11.000671000819697,0.5556041365941522,9.177281228470322,22.775934204611843,0.5764407088394874,3.527896694283353,38.894897533937495,1,male,semi_urban,0
APP100443,10.83792565741443,0.6843729131922206,41.117139795835435,0.8848546407724216,6.1576432959742,13.227533432111318,0.896596901363691,8.997070398095168,278.0377392565919,1,female,rural,1
APP100444,5.476507162089279,0.4528465508474736,8.257147957723879,0.48003838856254183,13.67123378633326,15.709159454030038,0.48579278894357253,2.9675678378397876,1.0,1,male,urban,0
APP100445,4.578601293158403,0.42226478607682466,20.39710722873953,0.41654327871116825,7.384681390701381,13.378447978070927,0.6426195651075176,1.6362225981506555,226.78760447431432,1,male,urban,0
APP100446,7.953122105738587,0.47172985765529285,37.99593073328978,0.39504783589118914,1.259102286554275,17.30261029955486,0.6295150281738907,4.939613420828509,270.61464643474585,1,male,urban,0
APP100447,7.366310989217366,0.9860403357490538,26.351655278307096,0.9039421090529921,8.544449454750604,1.5229328947754652,0.6236311366157199,9.650033980674854,125.409092744345,1,female,urban,0
APP100448,8.791268988221859,0.5663746835644341,30.34966618067496,0.6513432392183711,2.4407682369760186,5.7650779712542946,0.517832159332179,4.6055291370240585,171.68355660478773,0,male,urban,1
APP100449,7.2825606313243085,0.5380471756273124,38.41233436639248,0.8536526231526406,7.490437646415994,10.173083845048563,0.9124793199698475,5.183349176502794,207.6279858625697,1,female,rural,0
APP100450,5.447619574568938,0.37338099747543063,14.170035852909331,0.6407257723887094,10.278398089201122,15.77337143819408,0.2849603536547513,4.593848067118824,135.26024960533738,1,male,rural,1
APP100451,4.948035892928932,0.5471572548990862,8.110111065586658,0.7844862844417447,9.822779681670491,7.421779498537015,0.4554609274210159,2.4237560330779733,145.2599154470358,1,female,urban,1
APP100452,7.180061995038782,0.5238150143566476,37.784405952830454,0.5594867494802418,16.178260100536644,7.540160117528934,0.4134261791011131,6.830523568888952,241.1209283485949,0,female,urban,0
APP100453,5.535701818739361,0.9137757966256725,38.112782265452815,0.5169545791528802,2.676053283215407,15.84475069107955,0.7335778939215306,5.889812421634467,94.44186578369725,1,female,urban,1
APP100454,6.8275833365249285,0.49029448440079837,33.622028429389644,0.8142097327237457,13.132815264436655,6.832629541521547,0.45085498245472244,2.7845635269167546,181.57869053750267,0,other,urban,1
APP100455,11.679853755680385,0.4928817601073589,25.219904040867334,0.7711494432005435,4.315395228184636,16.059987262287397,0.9528993380645062,5.412251053167466,388.54572793890634,1,female,rural,1
APP100456,4.09932856978362,0.8398085089599823,44.98803943845947,0.7192160512559147,3.7698049748049027,13.859258119357628,0.7334031035661311,4.950502780625981,221.12394040446947,1,female,semi_urban,1
APP100457,9.232444453910295,0.8094339561807449,61.72060018932709,0.9776113081168323,5.93470570799353,34.71449543282249,0.8687506741141946,8.672605889815104,325.86101418303883,1,female,urban,0
APP100458,5.776794905678898,0.5578489761821696,19.003059843675757,0.64892162858571,10.43408294254584,4.976415614703243,0.5835787518047666,2.2386318472803772,38.895848175600676,1,male,urban,0
APP100459,7.103014428745842,0.813621969777446,33.615814952765,0.8542268705559461,2.4989825109824153,26.133499969250693,0.6840867784418267,4.786128417788477,426.37502755918865,1,female,urban,1
APP100460,8.16138900088661,0.8183846050933637,28.157100817962824,0.6817534273159396,2.7228883956090657,14.193057918616066,0.7905969790756736,8.54195998631941,309.0838469243938,1,male,urban,1
APP100461,9.457617583309041,0.8476775568754116,36.72759752589195,1.0,0.0,24.048886831004673,0.8560849348337758,9.181872086756119,212.7409335315013,0,male,semi_urban,1
APP100462,4.557009877103233,0.3514874040647893,6.8643948779705095,0.5694315078727723,14.724221421634908,10.618285967029356,0.5558043694183484,5.665000044210053,204.8837751625557,0,male,semi_urban,0
APP100463,6.79159099595744,0.4136938210642879,28.059953715321114,0.8471271309325747,0.0,13.904227564201669,0.4815297569327339,7.607862533341251,86.34107067697198,0,female,urban,1
APP100464,7.206997090987017,0.6574966194539089,32.2226893710256,0.9406189842982913,10.25046723235507,18.53004777056815,0.5793893961678676,7.373951610659907,318.46251318468893,0,other,urban,0
APP100465,11.18664752143663,0.6142158117528945,40.64635232652273,0.9144240708819343,8.385840404455632,23.15081031490937,0.8692334029773535,8.536707524366513,360.35064472656643,1,female,rural,1
APP100466,9.272547590931197,0.9170854168369595,36.98440086118818,0.9071236837694627,9.822514823763388,25.9220671066956,0.8705930153119399,6.719035499724404,524.9294709253547,1,female,semi_urban,1
APP100467,9.071252328853962,0.5113151112213281,35.62544580684322,0.9226980247744748,16.071103394638115,18.191605562083208,0.450435090903746,9.014528845544962,290.9876589386086,1,male,urban,1
APP100468,6.069969719618703,0.6378275773519503,20.905780965880005,0.8971321232480914,12.507299103067764,11.872913394337644,0.5848484802078838,6.919434828539515,218.07229291869626,1,male,semi_urban,0
APP100469,9.868747921057434,0.771974329613948,40.68991602971228,0.9261874329666994,1.4352302904107561,19.068064526955173,1.0,9.866870389910874,101.0301319888276,1,other,rural,1
APP100470,5.846042556932749,0.5437744331306403,1.0,0.5863276675564909,24.122816549863693,6.595696307076135,0.43809683989482484,2.3820003914147527,56.19170500779995,0,other,urban,0
APP100471,9.351984091772627,0.8747175552047226,41.854345498394125,0.9610093569200029,0.0,19.754821320103222,0.7139424467404885,7.70243023899345,231.87111622352938,1,female,rural,1
APP100472,6.643553286395779,0.729989392357927,34.32003513647631,0.7349860497411966,0.0,19.329518682055447,0.5244939518259344,6.9968707506829455,252.9599160313634,1,female,rural,0
APP100473,4.280699380004381,0.49382979546257844,22.26546453432287,0.8327962280391326,20.97394384722834,2.6510692319523343,0.43226734347627366,6.748240340965491,83.65739629456601,0,male,urban,1
APP100474,9.452270431694384,0.8815394194391428,13.015398985871496,0.46695171382030703,11.187432025861598,9.605476267145255,0.46902122857888634,6.463193713758769,276.9092629991903,1,female,rural,1
APP100475,8.218520021157895,0.8095771355663859,50.7295402356985,0.9074402018260107,0.0,27.0379707589016,0.9113582352209839,6.159719773257201,277.8259345705062,1,male,semi_urban,1
APP100476,7.868592144737406,0.9066854810943883,26.45600441057615,0.6571492289177014,1.4396465816316155,3.438706836735463,0.6496638186279705,7.165081163137275,248.1598175110999,1,female,urban,1
APP100477,5.298989352273694,0.6322973357530576,30.467105238892476,0.6075659720668456,11.419100344564484,20.038481211984685,0.5718135904850976,4.694732123945861,185.40212513041303,1,female,rural,1
APP100478,9.715673646650101,0.7777661367260269,18.51785014871257,0.8610118095183023,0.8429452897692595,16.215725832127017,0.6359255602539546,9.773293295099839,214.10827897309107,1,male,urban,1
APP100479,5.7082646966896124,0.6617119467371201,15.999831635274784,0.5365182141025042,4.980913810305857,22.473561421263796,0.8571211348108582,6.727982956243697,132.66983643064634,0,male,urban,1
APP100480,5.000147223425546,0.6976780616105518,22.76803271729587,1.0,19.127277708050713,19.280841243562826,0.4979466072148079,7.740793904350905,203.21535728387607,1,other,semi_urban,0
APP100481,8.499265603133498,0.8082080586441974,59.16167729417454,0.7147676331152495,12.749485500401178,21.922264715408875,0.7587418023692573,11.501424423596035,461.7547596331681,1,male,semi_urban,1
APP100482,4.694118572706989,0.6160750772417639,26.42164829049209,0.47167148158957495,12.175892927995601,8.964159583583275,0.49062333288915944,5.907830543531,70.46567538721501,1,male,urban,0
APP100483,9.069130075044463,1.0,40.07147066985317,0.6778064575548799,3.835919128334081,27.84003770445012,0.7563755009240184,10.218442240697009,287.3844921619427,1,female,rural,0
APP100484,7.648335868356821,0.893611789068694,24.02248019541487,0.7955942406502112,11.242335171966152,23.18037232267001,0.767661970945153,8.355798844557743,280.7584800976769,1,male,urban,0
APP100485,4.451445511673717,0.7979727269791275,13.502428293270397,0.8092450882754465,7.305547751525831,16.844299731024716,0.7140816831073964,3.404554816665271,162.92573124236145,1,female,urban,1
APP100486,6.433144682146179,0.4637147610821689,29.616943126721104,0.7645309260295078,0.0,18.97117357459097,0.7345914119851362,3.012917066391432,25.335178909258644,1,female,semi_urban,0
APP100487,5.910606200741481,0.5647058961900414,40.76204285194301,0.9927910172019574,0.0,11.648584842009019,1.0,5.173970881563737,284.4053663979595,0,male,rural,1
APP100488,9.116201814682915,0.8093870228923116,38.994935617758756,0.6872247257248226,4.946654856366383,19.86270572484846,0.4919743825919138,8.995877374220983,131.96677249431434,1,male,semi_urban,0
APP100489,9.039561433965847,0.8688911611955394,51.89081459482072,0.8837487508033358,10.544576421129921,13.81214011068218,0.7512282898731071,2.6188155994427165,115.62801246952142,0,female,semi_urban,0
APP100490,6.675876266252145,0.602916152072195,21.446166412095216,0.6578543001843913,8.752472800088979,8.47317658038882,0.5479070812594071,5.584930952218018,78.16685715372543,1,male,rural,1
APP100491,7.009276818895131,0.568815384730302,29.404479694185405,0.7293458717314351,12.978944841992615,14.492094458111438,0.9182803731623226,4.937334428479249,175.528215941788,1,female,urban,1
APP100492,10.261866441680505,0.9513218021132039,16.870334413074325,0.9388281846132003,11.070580613439237,15.043054662693619,0.7291472107895527,9.29259606742428,154.95902057343017,0,female,semi_urban,1
APP100493,4.695769096240352,0.6650264056682814,19.703496715643503,0.31607247112233583,19.75513164060618,7.275997106730211,0.1732303096434028,3.008473482356374,1.0,0,male,semi_urban,0
APP100494,6.14435804519678,0.8960810001276336,48.05820195519165,1.0,7.622917823139573,14.36897451023886,0.7618608141944831,6.010625107973133,272.2356536048931,1,female,rural,0
APP100495,6.02905391418013,0.5111332285865793,8.54647753552203,0.5652329798027684,13.672100757556937,2.5951512976611273,0.5367132875775514,6.179044948616774,115.58708155866134,1,male,rural,0
APP100496,4.219450769862268,0.5498923398033091,31.931903930682306,0.4028882303078847,10.339662397096935,19.878736861518334,0.6735311573164184,4.374092656845954,224.11075884859724,1,male,urban,1
APP100497,8.816687377919322,0.9845029788880563,57.20564240062743,0.7810134344749898,1.7320570451536006,22.887602046535207,0.7191821095529675,8.336521167161944,250.97122645093106,1,female,rural,1
APP100498,5.114108374974501,0.5947640172349337,17.17843291628385,0.666290293117392,2.443798824745019,4.497676933490894,0.6168902105425412,3.705005919705599,154.908047015594,1,female,semi_urban,1
APP100499,5.754292458840311,0.5955062595014355,33.51153019270184,0.6065652585318745,14.310201962445818,15.266595262653723,0.5933455587969518,6.313977628057179,272.38051302527725,1,male,rural,1
APP100500,5.34819054699499,0.4779086639063348,38.13624909085663,0.32206520295850366,9.060114283140713,18.351355454859686,0.44290587865069,3.6347977159054903,27.9636298018532,1,male,urban,0
APP100501,7.435159049946958,0.5623271997624517,26.81668398655044,0.6709190138173459,7.929006898262955,16.74471094209492,0.6251854164050425,4.124690327333796,104.72307793553153,0,other,rural,0
APP100502,10.88342642776599,0.9795907490707823,51.2166894467946,0.7836068088662558,0.10042270635070105,19.82279868706682,0.8583279744251461,11.867029632390903,410.5973155713503,1,male,rural,1
APP100503,8.40974811662443,0.474912892956702,12.38314233775047,0.8242039419769096,1.2503690940367598,12.59459361739298,0.8092112557879814,6.125037117701017,212.78244857169116,1,female,rural,0
APP100504,6.305083209363857,0.7143946752963379,28.774677721751313,0.4747833015953398,10.370995793222413,6.2164624364634955,0.554094349281543,3.504302190644064,136.47703332502942,0,male,rural,1
APP100505,7.30145661277523,0.6396359498451919,39.300566134336925,1.0,8.976718281793152,13.58216899553631,0.7979213422032408,4.927165493364366,240.92855514071525,0,female,urban,0
APP100506,4.999112259076872,0.7708449242604123,25.95297785345293,0.9172330932231105,0.8899130114481588,16.815068619263762,0.5968724480115939,8.444826095900014,396.8645980444856,1,female,rural,1
APP100507,5.884632267164504,0.5669392147239694,10.35555812378938,0.6295047248078047,17.077343720104363,2.102443838492138,0.7202726398089562,2.6580237168592804,124.49067992610333,1,female,rural,0
APP100508,3.7504746825825324,0.6781864205691275,37.05685164030685,0.83117893270853,5.76250791582361,13.345007019616887,0.5475425883354215,5.4892974143172495,222.57432548426195,1,female,semi_urban,1
APP100509,6.120789420247509,0.7906535445098148,39.00792296657243,0.6022111747496988,0.0,23.4060273322328,0.952592937122762,6.971395262530049,308.78502615589684,1,male,semi_urban,1
APP100510,6.9060639083264475,0.6432509693909451,42.01077624173426,0.6615986884272099,14.521839297373997,13.425233052097694,0.7018482621428254,6.5918858216602825,71.99456181556533,1,male,urban,0
APP100511,5.398385607737755,0.4810542066282568,21.116387749806538,0.8425670961667381,13.655433981130722,9.42516610533996,0.5039085380767038,1.0,155.31127466608245,1,female,semi_urban,1
APP100512,5.037282634288267,0.8122266980469648,22.848015605615686,0.5805233456556171,15.317292751446754,18.82269943570764,0.6568776442508146,5.108146032153457,71.79192619125465,1,male,urban,1
APP100513,10.262524219805668,0.7677058972048036,34.05087464925818,0.7875181896698084,10.196100777250527,27.37575159400875,0.40893837064090116,6.186025249181834,144.36266108128686,0,male,rural,1
APP100514,5.298427518743876,0.5214594248473323,18.558471514141836,0.47542070510813056,8.85714254515445,6.677947817663327,0.3644109376432912,4.24030980080561,1.0,1,male,semi_urban,0
APP100515,9.133020635926465,0.7704442580551439,53.07211870187764,1.0,0.0,27.758019162535795,0.9708471446416703,10.313369443240187,196.8674391393923,0,female,semi_urban,1
APP100516,10.854900063710549,0.7571707698929213,45.99111780583684,0.8214624909604586,9.028748369095972,20.084885181444534,1.0,8.575260147322878,94.531466451722,1,female,urban,1
APP100517,10.458565610926662,0.6778840247178299,32.43528693339333,0.6205418740329056,14.583997867081392,16.263615559811942,0.7389208997169954,9.173479916718525,173.28843927450316,1,female,urban,0
APP100518,6.787167342566686,0.7493569126108206,36.5043463395308,1.0,10.606997454570548,6.143637338288998,0.20254972889214956,7.805005442789966,121.79826834497271,0,female,urban,1
APP100519,5.879197520996382,0.5897657377382027,36.82944645841475,0.5219027847974826,4.765854587932088,15.573341898257585,0.6059241545344571,8.593101287205588,307.6172816225687,0,male,urban,1
APP100520,6.7896725620828295,0.40406833316046314,37.54280816809449,0.7565238312267829,14.976498253950535,22.472172106001384,0.6922340387647637,4.198375137865017,246.21874926918227,1,female,semi_urban,0
APP100521,4.257547212671652,0.6705898910971767,27.482903467093237,0.5558050006723865,6.202336655139943,6.720084728932157,0.768723510959519,4.026142017261057,204.19747032712243,0,female,rural,1
APP100522,8.943938210482635,0.7919289445433622,47.04587682448509,0.7703271026737434,4.960537718313161,20.256410236174133,0.8245484156350298,7.710865271420049,425.52287240589595,1,female,rural,1
APP100523,4.9114298887934975,0.5778979042095911,8.602162908510923,0.5275120368295253,7.059270884494007,11.611598932477722,0.4156989029886342,6.592542809461979,1.0,1,male,semi_urban,1
APP100524,6.965930553445626,0.8673695984748481,35.17034898725478,0.6784668789051693,8.273097546907099,17.76620342688434,0.8328197078501984,5.56826544338097,268.22706938170876,1,male,semi_urban,1
APP100525,7.033056076373459,0.26611576766216377,44.254763026404866,0.8457666594544291,4.107709646092507,15.121013877078607,0.7054271582883207,4.399906350492825,220.44884990562232,1,female,urban,0
APP100526,3.040304708190166,0.8708277878252219,26.29507289422111,0.3658921420046276,8.42300387721955,14.405736796114624,0.4631249215904377,3.2194717272883278,234.92174495992845,1,male,rural,0
APP100527,6.540064660751174,0.9539134349693257,39.448832568267896,1.0,1.5136018336139219,29.270499725283333,0.8776206041945105,8.5120135118442,120.11738604926632,1,female,urban,0
APP100528,6.807437748804966,0.6436393325913076,27.44741593162367,0.9308379473347932,9.986534688969058,12.539887077609194,0.6153170018992514,8.026299261174893,186.72425452507926,1,female,rural,1
APP100529,5.680470869906257,0.5496664874469508,27.482844340115715,0.7083035306755493,11.711127766721493,6.23694407041572,0.501873953729462,1.9224684680548774,64.17449414379642,1,male,rural,1
APP100530,6.72339103927644,0.8066065253116435,30.834619359920122,0.7787426145518123,11.317806865032342,17.784251865140057,0.6092323532568256,5.590488362513974,117.30102499221034,1,male,urban,1
APP100531,8.998506025249778,0.9399679266314391,57.518695357881946,0.946817097948231,0.0,30.277894105274903,0.8038657384224466,5.41565210179156,538.3524582165371,1,female,semi_urban,1
APP100532,5.149372210003612,0.5521612549770625,16.61572111167679,0.8791608398559171,8.804221390815128,5.050286802914027,0.7200684564302178,1.0,119.48782730423233,1,female,rural,0
APP100533,5.822384934966845,0.5239158000990134,31.45585884340837,0.5378686421540819,8.800026778173882,19.978477463618095,0.46517258174275017,8.29797790630451,343.27509352720386,1,male,semi_urban,1
APP100534,6.080603241261648,1.0,23.287595875039063,0.8252981590264716,12.567132134437983,13.602405085630535,0.8058468521679021,6.474491877681144,267.64916873466876,1,male,semi_urban,0
APP100535,7.967461258233485,0.9292328771989289,56.06907516088788,0.7096152604307477,0.0,23.56215433488905,0.7837165649240155,8.061095929169372,144.7425690106944,1,male,semi_urban,1
APP100536,7.1746788308002705,0.766212219991462,31.943927301133826,0.8968819272891295,8.095030735332475,20.275163845067453,0.644842529814675,10.02764122543236,194.75104313713086,0,female,urban,1
APP100537,7.3319176623418105,0.7373145396624821,25.504568076168653,0.6452767320550654,3.5505602103013096,15.78999667289996,0.6667997783339764,2.867493480346413,223.63564896675217,0,male,urban,1
APP100538,6.907015350537709,0.7451091205961391,4.7660955144030375,0.7769310063586577,14.22959998609543,15.033191531779066,0.45354306340160755,1.0,209.52567109740204,1,male,rural,0
APP100539,7.898326022384272,0.8028752717093693,20.140700236875354,0.48340745089379533,17.5924726696959,11.294398671979055,0.3948861995779757,3.5876291959330455,233.55006912847006,1,male,semi_urban,1
APP100540,8.791149724519801,0.5698100635625973,51.72770530064737,0.6767246851151286,0.0,28.139374728862265,0.7463395952198567,5.416021278104692,504.85649409418363,1,female,urban,1
APP100541,2.8710813759551375,0.5296876418841887,24.647416906922267,0.5756488175770745,8.839113879586499,16.04853959585315,0.218574652063678,2.419656933832245,203.67517880421377,1,female,semi_urban,0
APP100542,10.73058084656846,0.7533212597677212,34.42708546331769,1.0,5.06475236605296,21.578090205292035,0.5990358676374798,9.596633926145755,360.2833391982191,1,male,semi_urban,1
APP100543,7.986800266069895,0.7030268940682535,26.495229359588716,0.8360900176245327,7.027305485544153,14.32234108317982,0.4406398808509784,7.137964853388099,317.57771997736074,0,female,urban,1
APP100544,5.983212321303401,0.8432994813422259,51.08994576903249,0.8355076080130608,11.729440945354956,15.65825912217534,0.868173312484698,8.608640412687441,352.51093853186535,1,male,urban,1
APP100545,6.449027586048363,0.36698597046871867,51.15861763340983,0.7814643221245832,10.652892090864091,15.72343318374317,0.3767408280240845,5.451494821413122,105.55176805381532,1,female,semi_urban,0
APP100546,7.442572672222983,0.4203340136535466,34.541209335109826,0.578497080582941,8.056606982092331,10.925938759793377,0.5471947613296406,3.6460267451977812,9.871189880498122,0,female,rural,0
APP100547,9.137867605036316,0.567345098998138,42.8574157760103,0.782420040383684,3.9621038572052756,7.482125288593166,0.7795190684121709,4.340213934862451,132.6076370933357,0,male,urban,0
APP100548,6.27686554467238,0.6498817776657031,41.11995341380256,0.5556203137677462,4.621778830145779,16.09702434929778,0.6859258368319758,5.4095105937591175,31.420431018039707,0,female,semi_urban,0
APP100549,7.686270033809896,0.7646031138533964,46.72629996575779,0.6101550676907953,6.393801484380571,7.075035633188981,0.5304599310875577,1.7353607616671822,76.37028930399234,0,female,rural,0
APP100550,6.6506849915010715,1.0,35.77124999576543,0.806404181523917,1.7559711697813558,22.006097184561575,0.7285042313810672,1.5980749201897897,292.2373510447597,1,male,urban,1
APP100551,5.305545883647864,0.5476735374202063,11.373720438857237,0.5201258443931098,13.746828563605526,0.19952394731325995,0.5403059470915704,4.5929798671143525,78.15967852861385,0,female,rural,1
APP100552,8.460464872255892,0.9554377261864393,60.112800908224614,0.8623162067008304,2.63606973787711,22.084033426955358,1.0,9.085894774651228,366.4757702105019,1,female,semi_urban,1
APP100553,6.391088781368255,0.7316733053273252,13.62046384345513,0.6026088354012367,7.365317303934129,10.915966416655834,0.6183932505513571,7.641576352305133,181.1862545417807,0,female,semi_urban,0
APP100554,7.405588502254423,0.6471702126005255,7.646824652388217,0.4680100727061976,7.646224087718508,0.0,0.5826327872970769,4.711267736949783,142.26700711954484,1,female,urban,1
APP100555,5.303896378144574,0.5582953448059824,7.518026877739297,0.5485894150543204,9.319046142991914,9.760946823708412,0.8173813776083854,3.85710652550708,1.0,1,female,urban,0
APP100556,3.659080044872655,0.5111112861521224,17.07973354498518,0.6032111247172716,9.693398238571977,3.0452520627054787,0.5304753011033924,2.796560735513043,34.29750607815261,0,female,rural,0
APP100557,3.2760707282980444,0.41827200695119915,1.0,0.4228625014277898,8.526504763190363,9.327854972340418,0.6697812256299419,1.9393808870480695,1.0,0,female,urban,0
APP100558,10.151080087536485,0.5757550696421134,19.763365724834074,0.8387992110673903,9.773273934256283,15.216028475452063,0.7785262882532602,6.349373559433389,295.24399181141325,1,male,semi_urban,1
APP100559,10.610326241816097,0.9413713484072507,40.81442880109607,0.8639206913938169,8.214404298319973,17.062671605217695,0.95610998042351,11.696449400532563,524.9755708622807,1,male,semi_urban,1
APP100560,7.308408202768536,0.667589035611443,15.85846395558503,0.7274520298515688,2.9683524237264356,8.558990382421772,0.4751896776155929,6.44237558038066,207.9066535381221,1,male,urban,0
APP100561,6.681254633247037,0.650797341062925,41.805228436751676,0.6399692927060726,13.136948922946658,10.827704204105231,0.49703149663666646,8.130930512178917,243.93512665579277,1,male,rural,1
APP100562,7.930657694886678,0.8349789618035155,33.23967212248597,0.9222391868416703,10.232165315579556,21.67494751076488,0.617224616259214,6.9185803753854085,188.59983176764425,1,male,semi_urban,1
APP100563,4.450932604868582,0.5986847892072703,29.358453993713916,0.7882702913822679,11.39280737111452,15.616985936575329,0.6932379878771312,2.776078516846759,137.07778357359672,1,male,rural,0
APP100564,7.697020258208084,0.5707713085757229,35.372638140855,0.5763083885063823,15.362134863103108,26.359916213936494,0.7848551503290297,8.476122332073125,330.53020508348163,1,other,urban,1
APP100565,4.996598726439542,0.6439522183988448,26.48569269013965,0.7856676703327621,7.71121635689023,11.636964732660024,0.8298866028987734,7.818709931302362,206.11279365782497,1,male,urban,0
APP100566,6.971596352948218,0.8571297451138562,42.94448937520584,0.9802304101686119,8.818250989013361,13.98143370960097,0.690878532322695,7.051752501588727,293.0635497281562,0,male,urban,1
APP100567,6.069258028786797,0.548712862292006,34.723065362484824,0.585293024561984,8.540224305642006,15.786357151722804,0.7334610999263738,7.156730230765055,328.753154171545,1,female,urban,0
APP100568,4.366198839842571,0.8815415428867938,40.32949909183313,0.7635756188844687,2.9915078271706137,20.731167858844525,0.9189868641441203,10.004903755273167,421.6528685303997,0,male,rural,1
APP100569,5.498393752934358,0.6262559178565485,7.2721815452669745,0.761649919724231,12.585050955947663,8.815673775817888,0.5520880925230637,3.7546006509395973,163.83724220065986,1,female,semi_urban,0
APP100570,6.17541407735322,0.6207927638977561,38.348866208303605,0.5682017572497313,7.01011038819303,17.01783662512013,0.6454126083743656,6.17810791074013,245.7101166059015,0,male,urban,1
APP100571,6.197249472985103,0.6235194585321616,14.463972012668673,0.5718356310377786,11.467307645013648,16.89415741859056,0.3866531203305854,3.5310993905242802,150.8728075532498,0,male,urban,1
APP100572,7.8677991065172135,0.5219285424028306,38.99412069067512,0.6376913327364024,2.632064722682101,7.3233445889466005,0.6992210574711383,6.6259991681374375,298.1641959158841,1,female,semi_urban,1
APP100573,11.105651308026912,0.8133629220272356,39.511405948056186,0.9461541487352118,1.4150094909925701,16.98484055946032,0.7555460382960255,10.00002083822983,245.4885860894692,0,female,urban,1
APP100574,10.303688372836076,0.6850650442970503,33.47605742220088,0.8346324019651482,0.0,17.47478472166091,1.0,11.477609616820182,383.84120229352555,1,male,urban,1
APP100575,4.885483009268787,0.6864865199029838,16.889854769109057,0.48613304376049943,12.279279438016017,5.511891392169893,0.6169749496735889,3.6293438593966485,172.66186681456378,0,female,semi_urban,0
APP100576,6.3677328937386335,0.5944916126055229,23.659067214763347,0.5095747747602438,16.27636110671509,12.577523816258509,0.5572163446714464,6.0841057579148465,1.0,0,male,semi_urban,0
APP100577,6.007566647008614,0.46088487675773726,18.148598285832463,0.7247660660048493,11.055983545371326,12.917555398559738,0.7678286334195839,2.2025100426278366,1.0,0,female,urban,0
APP100578,7.306555544129421,0.849092990098311,29.22078735297285,0.5679771834709638,12.136986171617682,11.581726505066655,0.647259411252219,3.1535452093920666,187.23745729603144,1,male,semi_urban,1
APP100579,4.753979202367645,0.3673166510817159,7.46457613315739,0.3137157165824639,15.553942094785997,6.636061686716725,0.5825555198716144,2.128126670500619,136.7665407369053,1,male,semi_urban,0
APP100580,6.53957047055742,0.4860275703055463,26.7522918972798,0.3934336528510768,9.35659161766937,1.498376605554423,0.5077138886969311,3.8082241759107034,159.45440853016032,1,male,semi_urban,0
APP100581,4.08839168916446,0.4741692220559943,27.49350197960009,0.8836746942185587,12.846444933479209,13.125481834151568,0.5396726582325421,8.32259922283132,137.43510430268338,1,female,urban,0
APP100582,8.51182180229231,0.7883089074748546,9.523557424161833,0.7182481010276327,15.464652228553698,10.629857938472211,0.4510708076278765,4.860552815522575,209.88603227490267,1,male,rural,0
APP100583,9.077098273496926,0.9604300882507679,34.901358081875294,0.8892209465997525,8.726402264879962,7.1799395158263,0.8454829386106536,7.6111656085085055,366.3713005219039,1,female,semi_urban,0
APP100584,5.180329728124518,0.3059359766268967,26.49206261092157,0.3749509600333303,12.600179485811221,14.0338139991898,0.43158853461583124,1.0,24.549751679312962,1,female,semi_urban,0
APP100585,6.819651354946368,0.7069115359448014,47.69694718283476,0.8357552556782839,3.943923731964866,24.081452141059405,0.7416220285386717,6.9894842700488,241.70604851663143,0,male,semi_urban,0
APP100586,7.5341271005406165,0.6250454673462879,20.239660096182796,0.9929900200310129,3.3422417258586172,6.205763636616742,0.5426069076800876,4.108749423677957,148.23612459710444,0,male,semi_urban,0
APP100587,5.0097435195544975,0.5593497639921398,4.908692569739724,0.6084443778630193,6.090558139404751,4.42437491508699,0.5124552924725893,5.692785256478552,151.2098316769328,1,male,rural,1
APP100588,8.177830554121885,0.7204406843625307,47.07931588442665,0.6687688822538753,9.432749783504796,12.660410350710546,0.8604862789144144,10.69153143460939,337.1304811165011,1,male,semi_urban,0
APP100589,2.7912353862549515,0.5300665613389972,1.0,0.5505180760984262,5.415654625139933,2.8887124727121885,0.7424510205315793,1.0,121.30281477815996,0,female,urban,0
APP100590,7.85051952908196,0.5951933910682308,20.92606901792248,0.6178108045790088,10.069755850484846,0.6180420885024018,0.4434659993839582,1.2615442208048906,59.30152351037123,1,female,urban,0
APP100591,4.189249769268077,0.5126935034023085,47.21781798597728,0.7534281015827321,7.547936997066795,5.807864838684069,0.6771162614539172,4.2901127884218555,124.55635263841577,1,female,semi_urban,0
APP100592,6.486459961389657,0.6877643379309636,27.792549614920475,0.5865588808378362,23.95798454350072,11.791269008666761,0.7443630052700037,3.686169171807543,41.6672288626182,0,other,urban,0
APP100593,3.5494220403785004,0.5147610773733364,31.30854761885909,0.6171974212583021,11.992379567818165,17.770313490630137,0.6440074622536082,3.8671309054803253,319.8906983596691,0,female,semi_urban,1
APP100594,8.288232804010956,0.7282257447489601,41.89360838996765,0.7817859774477008,10.336554002532248,15.944810444135602,0.6308187270532349,7.8919234503782745,333.99135903523666,1,male,semi_urban,1
APP100595,9.093667594400284,0.62159366101401,48.37124580924604,0.8203566585924533,0.0,26.329735646118646,0.81621655934782,11.609416589369797,338.43614697309357,1,female,urban,1
APP100596,10.024236144317488,0.7272151748461673,61.41690116015632,0.6386701175606342,6.733870512968218,17.756156841469426,0.8216751973742457,7.996649612319265,285.70938846467203,0,female,rural,1
APP100597,8.172066712387277,0.7347650865488088,32.429166631364616,1.0,0.0,24.09536965715536,0.859916481400913,6.694085943308229,290.8172023658756,1,female,rural,1
APP100598,11.212529956107748,1.0,35.34030102489852,0.8518059015040147,0.5028725460549821,19.41626065763177,0.5898879336107383,8.947020006367246,176.3307809201441,1,male,semi_urban,1
APP100599,6.76945660136869,0.7781534860021728,34.55881404824829,0.7703863330248788,7.480342249851362,20.757082179959454,0.6933099693067244,5.663668470960051,147.37159807615848,1,female,semi_urban,1
APP100600,8.468799033664846,0.8444915808477033,58.75876455520686,0.8190176173000039,0.0,21.906461335838493,0.6970940582427113,10.488377916459825,286.2048452806149,1,female,urban,1
APP100601,5.5699936701548385,0.6274896501944626,18.008404812427912,0.635138136226276,12.385673792993815,18.354469918322355,0.6959155853213399,7.559454914572342,138.23590247665965,1,female,rural,0
APP100602,5.78120031797987,0.24982153564115067,22.52989012509093,0.6430503105188792,14.958781989707628,11.253109059769288,0.3817486878588401,1.0,110.79963881917993,1,female,urban,1
APP100603,8.843248832517492,0.4865038738347104,48.454208569927935,0.7520227689192583,1.975880379954702,20.582326331807874,0.6883852715038905,8.178968999434893,427.31333941653736,1,female,semi_urban,1
APP100604,9.32697139675338,0.7351072659507686,45.25163818546115,0.9891755542348509,0.9241642239347891,11.796004141242172,0.679222418968448,6.101767505500309,246.41115344098623,1,other,semi_urban,1
APP100605,8.774039662467517,0.8333702487282646,48.42350096082777,0.9177069137009409,1.218272291932701,16.953070853513314,0.8831825671920593,7.957479032887557,210.0415751326992,1,male,urban,0
APP100606,9.038818873946846,0.7345599966937947,50.46094349660428,0.7748787059584052,3.8226130904841713,14.487498340460665,0.8825638692529714,7.2246844892719615,267.11313454934697,1,male,urban,1
APP100607,8.247404180255488,0.7433378253129956,48.64751753669045,0.8196298119726753,0.36299639979590226,19.536307724375842,0.9402193720530876,6.776811677404297,213.99324698211197,0,male,semi_urban,1
APP100608,6.1296857543233,0.5670522156952412,16.708437540791337,0.7787255619491911,13.939572325305617,10.232492695431377,0.6948353944984305,6.479617006677639,151.32534205149545,0,female,urban,0
APP100609,9.056342329946133,0.6272060658118483,29.33638953827061,0.6739961797471173,6.158575991262391,15.017550188689324,0.8056483951478972,5.2219589744220025,126.96744616918504,0,male,urban,0
APP100610,5.687905607746556,0.8973768045875528,33.85683394167338,0.6291794193589949,13.192209618382996,20.426021516896146,0.47911160052697455,6.6705048335409165,290.64955755393765,1,female,rural,1
APP100611,9.172132074505381,0.9043610067500035,63.8472406694026,0.9860561891480865,12.617591039586435,26.102619903875517,0.8586717143745847,8.150777233259333,265.70843822108094,1,female,semi_urban,1
APP100612,5.369146590758339,0.44058628244353193,8.797295013594145,0.41759900202685524,15.355060278267622,8.59766939932905,0.3740282747778355,1.0,64.96439031320543,1,female,rural,0
APP100613,10.56622040106745,0.7841407509132801,43.07805505395595,0.9583581789894855,3.069800860100692,13.442215100541988,0.576024475432608,7.465274071845391,335.1078245847872,1,male,urban,0
APP100614,7.848760348794322,0.7254092228527952,13.549483701787636,0.32983659563248807,5.894316959423293,15.21167091487206,0.582013990164864,2.004947201604135,264.0793961762069,0,female,urban,0
APP100615,8.212578250637849,0.8345036151427545,37.70080995561284,0.7493584486188689,7.105549615473412,21.46223496345062,0.8481378022199082,2.7019085850555147,446.08745725750765,1,female,urban,1
APP100616,7.692735080589994,0.9510647327735621,27.414713169636844,0.9025671866597772,10.347448450420412,21.469696069894344,0.8722558669777123,4.123347071965998,274.8689931814792,1,female,urban,1
APP100617,7.088781680136313,0.7752004174306459,43.904884450314235,0.8151199919128119,4.215188488425934,18.200170054819086,0.5475132247632822,6.52368135336725,247.51933501612902,0,female,urban,1
APP100618,5.204339595842613,0.7943978342562599,29.73528057992202,0.7236921709744597,8.866338469631405,10.231968083752246,0.6416200113135826,1.0,92.37838911926004,0,male,rural,1
APP100619,4.807993925308539,0.513424084010895,43.039273832102445,0.5755765033570241,10.203437407490428,19.766310082309893,0.9291400255082238,4.753772686469071,231.79468792143916,0,male,urban,0
APP100620,9.770628488549692,0.6403545407862838,46.61619864368336,0.8176621002993794,7.085010975085858,17.693197503771746,0.9696200655921663,5.652673312991276,368.5335095254891,0,male,urban,0
APP100621,6.7071941070489,0.31509021268980447,23.52869948383548,0.6529596996952884,7.398151963905147,3.781152154847015,0.05133407901610454,4.586150877673176,238.66386330262782,0,male,rural,1
APP100622,5.754533299022436,0.7312761136354173,21.328350512032273,0.7711527589735037,8.26489297095014,6.364648215799928,0.9875571765678663,7.399909438166679,152.32847419526547,1,male,rural,1
APP100623,8.24440232746692,0.8529530521270278,26.753137804611463,1.0,3.0197976804011923,26.995107625560887,0.8639367391643553,10.540676656589804,292.6013048959611,0,male,rural,0
APP100624,6.96034360892853,0.1981137031338372,22.355312023841982,0.7872875988086737,8.39195526778403,0.5024350334466146,0.15566942782066434,4.48492924983834,141.04735693070253,0,other,urban,1
APP100625,7.3569905486571345,0.6527630925036633,24.78467349672431,0.7588841563052082,10.616909133361267,10.389947414655392,0.4408010259076367,2.5221756814768725,247.81007033995357,1,female,urban,0
APP100626,6.475847356956915,0.8484519038652112,37.78309756805195,0.9107407668887388,3.102940915157502,22.30660246113421,0.9109400515397454,8.489389554854554,280.49204133865265,0,female,rural,1
APP100627,3.206727255503557,0.8425846714056245,30.093809812572452,0.6566880316536974,2.217540767996488,9.201916039317997,0.7796666176253052,10.011189407362863,279.1360860749319,1,male,rural,1
APP100628,5.258915134503856,0.36500989913875537,30.36739035607598,0.4792533375782662,18.67495275797333,1.8116502716149796,0.3693929744609843,1.0,1.0,0,male,semi_urban,0
APP100629,5.289271794815862,0.7906064121353846,12.99061923224041,0.4665809574466915,6.926629079189846,7.498218157745682,0.6282674317959571,3.3635214549372576,262.2640301389387,0,male,rural,1
APP100630,5.889826024411738,0.5651513256372089,11.833356776135346,0.3812873030509033,21.98536054067896,17.193414062900843,0.561582401571531,1.0,1.0,1,female,rural,0
APP100631,9.088023509730121,0.8328301713191947,23.204636477045895,0.6417162708432567,9.587086314118203,27.29949681846415,0.6183278167402797,5.754496735008329,251.19467318018644,0,male,semi_urban,1
APP100632,6.380005501772208,0.5284250387080881,14.167603113396313,0.5488480002370564,9.24085276906605,3.694327480087875,0.4400620420456293,3.6925056877969884,45.90836287095969,1,male,rural,0
APP100633,9.04238707878481,0.7188406950461201,39.01732219288165,0.49814442163935635,15.139819902906716,15.981745784375644,0.7366439284314044,8.200109326573251,126.38493893374218,0,male,urban,0
APP100634,7.413631009891583,0.7703250788578252,18.477034765161598,0.6110566444701194,7.77901269033989,11.737297557878346,0.42480177567485905,5.862141393357871,190.38823897447386,0,female,urban,0
APP100635,8.058436740094706,0.5650042583458826,21.619454339251295,0.5844540860499363,21.52047272012637,8.37641180799392,0.31596122885512656,4.683204489792632,131.41562087157058,1,male,urban,0
APP100636,8.895398351820356,0.7310695771323302,35.603275586056526,0.5418762697028873,9.53508039464312,6.288810326784986,0.5399704857789314,5.860592623987072,1.0,0,female,urban,1
APP100637,8.98482942775422,0.8731655087365833,25.359854820011538,0.9377507596836392,11.213329860836083,25.822330303324346,0.49878840118771706,6.497038576503973,181.46897451556353,1,female,urban,0
APP100638,4.813169300805772,0.5383135759286983,21.073105701127027,0.36690650798511026,13.114330511150545,0.0,0.3821425529116368,4.066851120314277,68.77437073583238,1,male,rural,0
APP100639,5.682566934181712,0.572294347256008,36.20689700450206,0.9388404656421037,7.890780900590823,18.11571395915549,0.44226091733126366,9.428467833432835,353.9966700438716,1,female,rural,0
APP100640,10.356364483316355,0.7769370753962482,16.48966146989579,0.3593304993376202,7.710880380472199,10.538541804086634,0.6547564069794922,5.468850017892358,79.83194916869135,1,female,urban,0
APP100641,5.852607621615536,0.8324435228441731,17.90591536723361,0.610528384373352,6.268542357695331,15.90090066628546,0.6766550461029958,4.867732647069337,320.43238641247495,1,male,semi_urban,0
APP100642,10.47893576748754,1.0,43.36109815992455,0.6680468004083208,5.881336851709232,24.682645619280535,0.6645636672344103,7.364169327385054,368.89847593036797,1,male,semi_urban,1
APP100643,5.442447948199927,0.758438844598415,38.429081424990414,0.5719213069659708,14.832323041544912,7.665466892305703,0.4911929658619181,5.250615069719181,148.37038050059246,1,male,urban,1
APP100644,9.556896569393924,0.42244388942460165,49.47868035603458,1.0,0.0,14.752742031238991,0.7144764334503073,6.968741926932161,227.8524656766945,1,female,semi_urban,0
APP100645,2.4113036048450365,0.543208330444219,45.427361858763184,0.6038610026208708,17.851955736100987,4.178404997103861,0.43653325444150826,2.392521339538769,106.49312357546629,1,female,urban,0
APP100646,4.205504828491217,0.4670545878506895,21.78159104950049,0.39590542406415996,16.089622820950517,8.711239154944549,0.6159982122076211,4.841446769617722,129.80134574682415,1,female,semi_urban,0
APP100647,7.2371383827041464,0.7323805926270565,28.17538449991175,0.8270020056889318,4.91769741597151,19.83690309640724,0.5487637357902142,9.489515093388162,158.3307105018523,1,female,rural,1
APP100648,7.068979405631169,0.91157747537766,25.610874200257093,0.6247679315829298,7.184290562001993,10.708567003126795,0.5190372679201182,5.091900357150959,168.19288685798992,1,female,semi_urban,1
APP100649,7.543968838449858,0.46698087653630044,22.477942758319756,0.6678018618948379,19.803637933294905,10.229084996764197,0.4468374612159337,5.245349207620385,59.002629275678714,1,other,semi_urban,0
APP100650,3.873264912626653,0.9372955996276064,17.00807363807431,0.4764177636796486,16.159838486583297,19.587497886936564,0.6773281756370847,5.742594986622695,199.8730628667215,0,female,rural,0
APP100651,9.191640342213859,0.7227633427644339,41.03968178762291,0.6853441396031086,10.896317125662783,23.686815063576713,0.7154788350550841,7.3155985232634375,285.3370592675351,1,male,rural,1
APP100652,7.687369777412004,0.5081227571427761,27.379100840882813,0.5204005781623143,9.434163002397334,17.896721334384697,0.852913835716312,4.84234821830863,110.25073421900859,0,male,semi_urban,0
APP100653,10.996191875561841,0.8586023402754652,21.126372039157772,0.8805643089765456,9.663822238069535,5.380858347527347,0.7428417429436354,6.202463386380707,212.108650421954,1,female,urban,1
APP100654,9.177136798079216,0.9131252948451465,47.584869411683755,0.7747651488193632,7.140105144200074,21.459942944201106,0.9168642608658125,6.3905871317937395,203.50024580550226,1,female,urban,0
APP100655,6.762025755303446,0.8275776851552453,14.339672314407277,0.6016073180307683,6.073751071443965,17.761144611588733,0.6389662261649819,7.644883581511752,260.76068167305476,0,male,urban,0
APP100656,7.910103132098638,0.7724316878298347,44.68168117732911,0.96060417912247,1.9715352840791287,18.13257376511256,0.7434194321360899,10.782044264014296,237.93188205595567,1,female,urban,1
APP100657,9.402794692076121,0.7525703021794127,39.44710020223158,0.7113462714961742,14.345942968458978,8.643814875740258,0.6166084742357456,7.390407075065947,274.125374207571,1,female,semi_urban,0
APP100658,6.522327590915465,0.43938731758330485,26.571802393139535,0.692264021270653,19.693223445682957,8.628869936277077,0.41616968786550274,3.8816244347370503,146.41236519995869,1,male,semi_urban,1
APP100659,8.084765995714818,0.6549284166086473,33.13663839874051,0.7365595232623947,4.134481058726985,12.015787149023822,0.44336472881178673,5.090656303957163,225.50822739335234,0,female,semi_urban,1
APP100660,5.029491625379161,0.7163840798318206,52.443549534781155,0.747805703377378,0.3632075722481378,12.537229040498,0.8402962273584762,8.827616615952461,285.85335371633573,1,female,urban,1
APP100661,3.6954370239289625,0.4498196566999042,14.152542678594475,0.6451677663892074,20.669467773031133,6.332744575568802,0.4959291972005106,1.9872086872342225,149.58613157303142,1,male,rural,0
APP100662,8.072243284575098,0.8662630939427411,10.732067418002355,0.582991760132222,15.988509627931993,18.28513906824273,0.5553932042927666,4.663413907070141,122.15653754786334,1,female,urban,1
APP100663,7.587236489787467,0.6170406671201348,34.86631860503605,0.862169950829026,9.87013451601354,11.654259917469737,0.7111479916249217,5.01140314813653,330.4878146741435,1,male,semi_urban,1
APP100664,4.689868736977636,0.7075559722863229,15.87106089812994,0.7731689998878339,15.541300636377162,14.795033268412128,0.7078204001950981,3.325303011847509,15.778570006575734,0,female,semi_urban,1
APP100665,8.39429342739517,0.5976618972583925,24.357762271439846,0.5932511724838047,8.598869242953333,21.60625848009549,0.8985831544090697,6.158587554197559,330.32743046312834,0,male,semi_urban,0
APP100666,3.1360722500070453,0.7548899332023822,27.159864184647827,0.44539117329950384,6.981009359329039,1.1411284095645815,0.5889830908778172,5.2236499884351115,119.75327992176268,0,male,urban,0
APP100667,7.694240796103635,0.5109627667275625,17.37078650021696,0.6098322545993503,4.558486858779898,11.68052264677338,0.5150643738894094,3.3503717734029865,232.31072672131413,1,other,semi_urban,0
APP100668,8.53630158444872,0.952866179551132,43.14690135007717,0.7342262068462376,0.0,21.025244273301478,0.8559698590193136,10.307683759040604,400.81114858329454,1,male,rural,0
APP100669,4.143728130860412,0.7162055580579618,5.45216850450943,0.6761055160926891,13.06544341543116,9.880344592692296,0.46451040142785205,5.6708872284711305,63.47138249373127,1,male,rural,0
APP100670,11.364802587022847,0.825080262582002,55.862226712761725,0.8979550439996821,0.0,22.09179643319745,0.9175391734842062,11.618005717517368,319.7367526875079,1,male,urban,1
APP100671,6.667554905434962,0.6469372360902379,7.91437092397987,0.7057549325397879,7.118674631269778,6.800038572632937,0.762033848992017,1.0,195.18201508987292,1,female,urban,0
APP100672,7.488082532636492,0.5289897281734048,34.19046279885896,0.4852586665287467,10.963854259895387,17.599877647310013,0.34977178089036653,6.8683457138180835,33.00679961390722,1,female,rural,0
APP100673,8.633604919322133,0.8827177325710653,34.32378662562454,0.8350174660270749,8.759776567758118,15.760494520194293,0.6465832495852148,7.542834777944482,255.79350553652824,1,male,urban,1
APP100674,8.252323946189458,0.7404356297393907,51.576154600167186,1.0,2.8287371916065207,12.895168267821756,0.6741044022372139,10.74894908618863,224.71207013098174,0,male,rural,1
APP100675,6.321394809941465,0.6206625976899739,20.09049986336253,0.6839760406005612,5.00806831742455,14.265241023448972,0.5881515442436794,4.457557179699404,90.70968766724195,1,male,rural,0
APP100676,7.459608367757371,0.711270718059782,49.638598738824115,0.6469421994312717,5.4429121829044576,11.521580218488676,0.8289106706583431,5.807260136924331,171.0347593145076,1,male,urban,1
APP100677,9.469042877319747,0.4574754059801763,19.956088205543445,0.5895879993199029,12.786355429423665,19.99440808427237,0.43130480576446095,6.075412752198344,273.8799722070132,1,female,urban,1
APP100678,4.734074749277597,0.5878374969038491,2.989839226168108,0.6088009958453591,11.177394882468047,8.634862490165142,0.5195934343790468,2.1195913104433783,195.6896786744539,1,female,semi_urban,0
APP100679,10.427641073009172,0.9611556854551215,45.16528285527174,1.0,3.6695524740490724,29.08806219754056,0.7720256463600399,6.033347327476703,316.83679071725754,1,female,urban,1
APP100680,7.2625575324740845,0.8262563508382428,51.83922783287625,0.6392025535855982,12.07093092618798,22.521283035743636,1.0,3.3157057361198348,294.7748561106354,1,male,semi_urban,1
APP100681,5.106368787737614,0.9231796158090823,45.14668691181768,0.8079973693735394,19.40127664397712,17.0805039493818,0.88311603923989,13.514254032173545,242.94566989324338,1,female,urban,1
APP100682,8.918832337674802,0.7505815686288595,51.27557805435627,0.5884925311943023,7.4507672148331014,25.928897783606992,0.819774193841576,4.8063024646720605,131.85926326549966,0,male,semi_urban,0
APP100683,7.017351612938427,0.5952226250000148,34.87566284522137,0.6230674292788585,11.962715188555086,9.951626419773046,0.7504716945016312,1.9726578989950228,91.58433732812006,1,female,urban,0
APP100684,4.411558695346585,0.3708445227042626,7.257134707505182,0.5826630745576818,7.731881721384413,5.321402983020342,0.2501369783571247,3.912835859159244,175.1408665417566,0,male,urban,0
APP100685,2.6731729401483846,0.5002816242214737,25.167071328693165,0.3317300177090631,14.70256013144651,10.702963557264825,0.7805548723622149,1.0,213.6084120329833,0,male,semi_urban,0
APP100686,7.647442517649481,1.0,32.07428495764699,0.6726028859066133,7.8643310127033645,16.769760501307864,0.5396378311908052,3.035457665666302,142.30005503630662,0,male,urban,0
APP100687,5.336886442582224,0.6038259042028382,10.527182746174834,0.6138841183429953,17.273937287355388,4.756287153777119,0.6666604900338253,1.0,207.58871934162988,1,male,rural,0
APP100688,6.436356179556062,0.6634713760432618,36.41070363156208,0.8023852481658342,4.245202400530059,9.883339443840903,0.7968749183306825,7.611472387177783,140.41387467922777,1,female,urban,0
APP100689,3.2640026390306582,0.4353613757059527,19.202181946285563,0.6479117398011753,12.983691994679923,9.220915803452792,0.5475020554798481,1.5855362926991403,78.1693476146547,0,male,urban,0
APP100690,6.795729613026125,0.47184115810745,45.20579418069918,0.591883867343919,10.619434788125922,11.94544722564951,0.8468096498646372,7.519193007773835,208.0229933632932,1,female,rural,1
APP100691,7.555039817569883,0.5471506944157842,22.305101756894594,0.736689601620487,18.48287233017581,13.733715276107228,0.7641244662114016,5.282584112309435,164.19655969836126,1,female,semi_urban,0
APP100692,6.34503014118769,0.7285488958474431,16.704112006988623,0.5390023692814017,18.805413528225728,8.628624702040707,0.5594446623235741,4.464436423515423,83.7069926486182,1,female,rural,0
APP100693,6.182064647475398,0.6694999102954733,26.033534461550012,0.8698534131152138,13.155948113368533,13.089894655347967,0.628703549898638,5.764240003930539,246.5725403071799,1,female,urban,1
APP100694,9.152778174809677,0.6861002742637254,60.65282798008504,0.5244565900946434,7.09168507471294,20.150520952563532,0.8307368893322485,8.044939694456428,377.2504266141693,1,male,semi_urban,1
APP100695,10.693534420725246,0.7302954198956569,37.75020463174701,0.8587719541795729,0.3300627704894188,22.50902717126858,0.8314827377583901,7.360841471281707,197.3043481520425,1,male,urban,1
APP100696,3.8306811103330998,0.7034007649398779,34.50646036984998,0.6340575397923682,14.923440937369381,13.77398020690535,0.5855719894748218,2.5194184001051507,150.84370468248753,0,other,rural,0
APP100697,7.096700523674363,0.6879417034667272,19.697929828042426,0.9275623679552073,4.134069589388336,17.122502918255982,0.8032523920836546,3.8126337949464433,296.940780726595,1,female,semi_urban,1
APP100698,8.94865751273987,0.601865740700721,34.701414476835325,0.7334592589952054,7.110781558913481,25.26943577784359,0.7152182770063042,8.946890541424882,169.81359829248038,1,male,urban,0
APP100699,6.646663736460731,0.7576792091935861,41.97946580271415,0.8701725104571255,13.254032888579642,20.904053025459387,0.807652286962576,7.286498647454805,238.7341899040655,0,male,semi_urban,1
APP100700,7.016630687374009,0.9164385522187638,32.03373208735169,0.6525741280824109,14.69544570400556,5.913149123401358,0.4088500673169582,1.0,47.593062764674315,0,female,rural,0
APP100701,10.586734724499394,0.9601403641985677,47.83150952199955,0.9998095960334858,6.433173750055562,18.028369457593232,0.7951946383855648,8.06145907512746,447.92955285879435,1,female,rural,1
APP100702,5.517806125327915,0.8437014269894267,23.925586915937938,0.5815494191548989,12.45928734865744,14.011997703748785,0.2998695772070358,2.8606713626577793,286.94320809680886,1,male,urban,1
APP100703,6.658868087873324,0.4487431425820591,25.669526804057547,0.5275384270731802,7.126304943054959,20.595064982107274,0.5448222981301507,6.142213430096697,192.1296270438822,0,female,urban,1
APP100704,8.890743676389441,0.7000747948484657,48.296228678179844,0.5114005621708367,0.0,22.84435712820594,0.7693615191720338,5.915706557867626,333.2804163166698,0,female,semi_urban,0
APP100705,6.100555100223748,0.5619316793119026,19.909029459906552,0.7781105887391173,3.1253127105570737,7.847480739070308,0.7310906269163254,8.15335250404667,131.6385371225556,0,male,urban,1
APP100706,3.069179628484693,0.7548340080102323,4.915980328420098,0.7283962751013943,12.022162496088491,20.066268769103953,0.6134729608586111,4.697907467372762,175.93866795601681,1,female,rural,0
APP100707,5.659728285014356,0.7794990435710785,4.261866497211617,0.5971426429126103,6.178793834427609,10.79629716879262,0.5808085914012733,6.042707285576676,55.000288451302055,0,female,rural,1
APP100708,8.945621289881894,0.831631621110676,21.289478534404626,0.7300869810820059,4.56870217586,14.498629895694453,0.8088737844156938,9.074353993489597,106.1204534728362,1,female,urban,1
APP100709,6.402667987189308,0.45529897405545494,25.71220869289309,0.6240655712668132,5.846852574327457,8.289584313343427,0.6099272443805818,1.0,72.41110916459597,0,female,semi_urban,1
APP100710,3.290620137794656,0.44161892496191735,37.81405932598046,0.5773257753793511,9.979779561601841,13.092322152865751,0.4207522850939065,3.190910620091486,52.32666034994509,1,female,urban,0
APP100711,7.970166837031652,0.8847435310026325,17.849604379923445,0.9000896099255634,4.770665801211469,21.869272830003084,0.6171283052637511,6.316504653651286,317.13561464545086,1,female,rural,1
APP100712,9.311954830687256,0.8644505716120012,27.254014775107294,0.6221945055191567,10.643917335839266,11.76176237597166,0.7786256493872943,4.711475999940147,311.2742248670363,1,male,semi_urban,1
APP100713,5.847651730294238,0.6503195000265602,24.516155922367552,0.3806778897246636,16.100454302585177,5.436115165238531,0.8552165897778463,2.17409249032845,145.8396572131798,0,male,rural,0
APP100714,4.479978791001577,0.7043410233712989,44.093584348363215,0.5709524018395893,4.856280339689305,8.082142472802115,0.4927225552370611,7.340071780626601,109.45192228313168,1,female,urban,0
APP100715,9.034061959272949,0.7193587100214415,23.186254477531605,0.5356510419638062,9.119104654979894,11.93432568715507,0.6457634143078294,11.522861280944383,159.66536311606228,1,female,semi_urban,0
APP100716,5.833482649833757,0.6840077625553929,30.83589332523418,0.45115979857913463,2.84534167787199,12.569412196603286,0.5216171329054846,3.2622501412067875,310.93162248546025,0,other,semi_urban,0
APP100717,9.456574689468088,0.8620439145221731,32.41758665804241,1.0,6.36931110796208,12.101582622575908,1.0,7.524477873693328,307.6104772444228,1,male,semi_urban,1
APP100718,4.160067756025986,0.7447417094072002,51.59113312810751,0.3289436639680638,14.508999737429392,10.369211270699267,0.4436622516845259,5.625188785991053,300.718477812449,1,male,semi_urban,0
APP100719,5.545636119176198,0.6186788977865008,23.80810031969173,0.6999894245127577,10.634825139869303,17.767233820207423,0.519857655784512,3.242844990189287,306.28271307174975,0,male,semi_urban,0
APP100720,7.788976567781761,0.6942674228852935,33.703122925048724,0.8628776720951931,14.521566962865318,23.170282742922847,0.5973281140443716,8.847703266369932,152.04661644938173,1,female,urban,0
APP100721,5.73329147067587,0.61117250450136,24.026622170210757,0.7879203523330145,14.835242732473734,18.965729011035002,0.36718206204148673,8.879235623721982,227.01627923036907,1,female,semi_urban,0
APP100722,2.356480569496916,0.3916830615685958,8.639073560934225,0.5514090430696823,15.90097970485698,0.0,0.2146169714107946,1.0,1.0,1,female,rural,0
APP100723,4.192391730588197,0.6325522236571356,44.1342842341414,0.9809312061770687,4.948750484763705,25.943933303311276,0.7996405679175809,10.498915737690693,341.6271427879022,1,female,semi_urban,0
APP100724,10.313777249790466,0.850185411589495,24.583001800604666,1.0,2.927632087789523,18.888085138587492,0.8420378988397417,6.278415267411565,335.9486940391806,1,other,rural,1
APP100725,7.991267876250964,0.6343503719340805,13.69563943628452,0.7261061356410354,0.0,17.45388370574136,0.6176758596548706,4.8851065415258015,50.693945812334505,1,female,urban,1
APP100726,7.5350149897783805,0.7410776408930652,21.206934218314768,0.700981760836577,4.359648826257052,16.09389394272153,0.7600839112600357,4.1010841271812275,185.49023758533676,1,female,urban,1
APP100727,8.07257770002137,0.6709368634100357,36.23308151250898,0.8923371661767496,13.722333825761378,17.449209167788464,0.28567587003446365,7.31079939403979,116.8872863898307,1,male,urban,1
APP100728,5.994838869474559,0.696243864118287,12.789642829773936,0.45317375423286843,20.00279389390071,0.0,0.3028598781880143,3.25764810562162,84.34184639189132,0,male,urban,1
APP100729,5.915307275243361,0.7553647077308185,28.24878529101542,0.6430623120906587,4.001085672877333,9.928713361912468,0.47606801680015876,6.6720051700413885,120.493232014831,1,female,urban,1
APP100730,7.0269026176293945,0.7792563039938585,13.546550161056931,0.5780456812709074,9.992346089065103,10.810498153027945,0.5896780277341163,5.509487686346259,256.3276307393426,1,female,urban,0
APP100731,10.288362965873976,0.7045156396125785,47.463978380848886,0.879613512416974,0.0,12.147192869524268,0.6773270629264723,10.22509856424555,205.46246450802363,1,male,rural,1
APP100732,4.475751350013489,0.5847505814120465,20.62650607166093,0.24162773382001546,9.296533933713834,11.156567546008116,0.3991125136383791,3.5296150217494393,1.0,1,female,urban,0
APP100733,11.598157469212854,0.9270569252731925,40.67091860686651,1.0,5.22606623993738,28.013334381417877,0.8682255264577098,11.388575654634353,224.59951630758002,1,male,rural,1
APP100734,5.057507682525973,0.487743695905169,33.52714095227323,0.8280675230695714,4.691020295019923,15.969324879210292,0.8941137952217438,4.6936693326838785,206.02519154431883,1,female,semi_urban,1
APP100735,4.093731213773176,0.9221936258434522,13.088812151050563,0.7762982355250143,0.0,14.839944447315464,0.7290391153326907,4.931880165849054,222.1260597079479,1,female,semi_urban,0
APP100736,9.531173788477318,1.0,22.805432562403347,0.4491824498354383,14.14651491473568,18.44045746259,0.7458447600945977,7.39567875356453,370.08113929210407,0,male,semi_urban,0
APP100737,6.872599099615206,0.9154741444677735,35.38436678864577,0.6515326487748343,5.18593529919883,19.16481190825144,0.7297048917111828,5.759857175174026,311.25965482605807,1,male,semi_urban,1
APP100738,9.409852825792235,0.7772052773294365,31.206432778148656,0.899433933916537,4.006661554036308,18.40456800670571,0.7606156878450266,3.11225945355107,229.78373991424039,0,male,semi_urban,0
APP100739,10.503523699336048,0.8881478991180366,44.6288565643325,0.8107024926238143,5.145977205721088,11.16421271138652,1.0,8.760901194473549,351.3396745751646,1,male,semi_urban,1
APP100740,9.24443492522729,0.6423568430863397,25.549137249401532,0.4561212379665912,7.915149485933755,16.974108635100283,0.7343337468810059,7.147934501421708,276.71511610682114,1,female,rural,1
APP100741,8.123055473661335,0.6699012026653529,36.23218965492103,0.7429733998317368,10.58419220751308,14.380605197976843,0.559517731671056,5.953806168542115,292.82510780242444,1,male,rural,0
APP100742,7.965120181544492,1.0,58.29288897643532,1.0,0.8232362303537055,19.257626789283563,0.8845088552227154,11.248037811878357,552.8323710441174,1,female,semi_urban,0
APP100743,6.571723486891661,0.6913998132429998,41.47774115592437,0.9592790485479522,4.762908688912564,19.352356898724572,0.9087748223299086,6.541014538055828,385.1147752188493,0,female,rural,1
APP100744,11.540884154954352,0.6940886064420192,46.88429197314268,0.8747848791468895,7.3563148477353195,31.82165959428726,0.7582233085959091,8.28180116993966,350.6828641352726,1,female,semi_urban,1
APP100745,3.2406851840690933,0.5397364545611039,18.861683655181814,0.7820873510160457,4.932325151404278,3.329287670795,0.654032966944302,1.6270048723167383,92.63268400619671,1,female,semi_urban,0
APP100746,10.53154945708101,0.8753860379336417,35.66226246325326,0.7062647715312287,1.8405475722659213,18.00461688177821,0.785791311878127,7.817733164970044,295.6059292193499,1,female,rural,1
APP100747,8.830281846191882,0.6251668899820599,36.65080146467037,0.8679528327879128,10.269303829072907,25.900299589887005,0.8935203562249123,8.07688132753836,355.14190145095023,1,male,semi_urban,1
APP100748,6.4996944395144,0.6404591513120331,44.71708341200597,0.7163081530382472,6.143569711434987,7.362929355876492,0.4713281775654825,8.16911419809305,81.05939028203109,1,female,semi_urban,0
APP100749,6.697166280985742,0.619604976357717,33.357332299352166,0.6325941547687569,9.845416431833947,9.499489296623612,0.30828625352320277,2.3576123604149037,274.97731175264664,1,male,semi_urban,0
APP100750,5.7925757810211715,0.4211955727279997,26.81968060470693,0.5252484416123278,10.093878954780696,8.860344848345672,0.43230686906155824,4.2043632116953225,76.32520451235322,1,female,semi_urban,0
APP100751,6.918797426010178,0.3488623464081953,26.797049390834093,0.6901421166605602,5.440911186713402,17.804678144187093,0.6720949508753343,9.168776036173956,200.24720615544317,1,male,urban,0
APP100752,9.774360982545144,0.5884117944315909,24.833229293079953,0.7775252721974778,4.051721208383691,16.717872074650607,0.432850424991664,4.844395228425829,288.7523338858332,1,male,semi_urban,1
APP100753,9.14312099668233,0.7428676246497058,34.231472644258595,0.6852933581802696,1.5758471714213096,10.709914656741095,0.5633995624881757,3.6021989417166815,165.3974837042115,0,female,rural,1
APP100754,7.07829737817768,0.7625754152713723,41.50630369242528,0.8233211186900672,10.65809843977098,16.719707269932023,0.8296006938166237,2.844144011234105,243.53358375022523,1,male,semi_urban,0
APP100755,5.282409745666418,0.7196478692936691,42.328451939629396,0.5832823019921725,15.219246191716397,11.771657134112038,0.6618593086760935,6.158823229781772,65.42554135656908,1,male,rural,1
APP100756,7.85929328924088,0.718126674068767,1.0,0.8777708162985536,9.683368246698777,14.473321027391782,0.5790976655773981,3.0828613362551076,233.85456837447236,1,other,rural,1
APP100757,3.021449106434083,0.5430600766955372,48.79562098578804,0.567046447973961,14.95163873763532,16.469435949752917,0.41290647422768034,5.696493236179758,180.4021653873127,0,other,semi_urban,0
APP100758,7.0655727278801725,0.5338908857428011,30.568272386655984,0.8179921534587805,6.94520721675338,5.5679149948652675,0.7875201129275579,4.767336039085768,179.65602846021233,1,female,urban,1
APP100759,8.298188859410635,0.7688471138674453,40.22226082422145,0.8836444946967235,4.8088263732756085,20.7950696642025,0.6031336540103657,9.853574190230152,244.16401878652104,1,male,semi_urban,0
APP100760,7.211566262386518,0.7651770904346947,21.3251229933656,0.8589363758924071,6.660598480791284,18.573834103889354,0.7854236502660987,9.51451451308811,280.8913762674378,1,male,rural,1
APP100761,7.886316023645202,0.7977709795478308,24.184768387285843,0.6934368314720969,11.477051725314894,17.211513327905884,0.6632467673309667,3.6265650307204247,221.02199497331117,1,female,semi_urban,0
APP100762,8.368513463629501,0.8510788516909283,46.67703270259872,0.7212618668139547,4.150657757018665,22.16300317697274,0.7930287077594248,7.273274062649825,261.7505242486398,0,male,urban,1
APP100763,8.278162749819778,1.0,30.83280000927608,0.8046927525093176,6.490610375574406,31.25945440835256,1.0,10.37135395624251,288.6585718290291,1,female,urban,1
APP100764,7.107553602075436,0.5410174605231559,1.0,0.6576714338629341,4.685438928738231,10.573665681626295,0.6248269560982658,2.0796808560364237,1.0,1,male,semi_urban,0
APP100765,3.494088587670226,0.7349711528973002,22.09074490733358,0.5774258025036023,10.860704164110773,6.72547303000253,0.5443026175710722,5.861152470919288,238.96902170203816,1,female,semi_urban,0
APP100766,8.473830419913169,1.0,30.52241585877593,0.9152156575286596,12.427328161986988,13.001970601683343,0.6512055982960148,5.726280612167614,113.83014653891324,1,male,semi_urban,0
APP100767,3.3173479086401505,0.6607858661990796,40.1585742549826,0.6036265731403793,14.465274385403097,7.450753914203099,0.6556915119241008,6.672309415140318,319.934415139205,0,male,semi_urban,0
APP100768,8.645513280380301,0.8560264422266824,35.70255490285489,0.7571620766287427,9.34056302303541,23.097031865145876,0.7199136125999767,7.230375876936312,249.03780619455262,1,female,semi_urban,1
APP100769,8.057408536020493,0.6265302634752437,35.082667679376556,0.5496636040529356,10.789863053401419,12.798378008131643,0.7610437394359456,6.274503919428927,369.1591752510189,0,male,urban,0
APP100770,7.339548604475378,0.9107146292006187,43.87132858501243,0.9077110986654003,3.4560819760137607,22.826948549565095,0.6945005317575943,6.157152919334704,361.25500746119917,1,female,semi_urban,1
APP100771,7.985089589499906,0.8960688779397377,42.739118081963156,0.8380317448665693,0.0,15.218020950751889,0.6084726835368295,9.99895540939142,316.63324480039137,1,male,semi_urban,0
APP100772,7.824572533236832,0.688760537542576,28.576082037136658,0.9423568639456212,4.503570011860466,9.330299349979622,0.5912517666481931,6.668334293341806,261.375674135971,0,female,semi_urban,0
APP100773,6.85891033404375,0.6730483952002543,29.106188954282786,0.7507804574218128,15.200622570936408,16.697580727125207,0.4657268576350646,9.863701642822893,16.324515321093884,1,female,semi_urban,0
APP100774,7.829542065251135,0.741358616296423,24.71855522297974,0.842540649571211,12.02211400438843,0.0,0.5985904286454576,6.28942239582881,193.08358986762096,1,male,semi_urban,0
APP100775,7.724610879275156,0.7616557622056195,30.438633217047556,0.8530851072424873,5.262313637897744,14.743104485263775,0.9282038749139774,4.359180206394181,183.97528162846785,0,male,rural,1
APP100776,7.3735311100940315,0.8175189147650392,36.32213325659592,0.8116907622855942,3.3098627717809457,15.955591195629804,0.7934607609084464,2.7437843105973383,197.59181947791294,0,female,semi_urban,1
APP100777,4.173538724874479,0.6366208203295918,25.74209389695025,0.6807481281298495,8.599946903126659,0.0,0.45337849747315606,5.641284194641214,1.0,0,male,rural,1
APP100778,5.812855824316095,0.6301892360260496,28.77651595972509,0.39362282937439474,6.9953469908228065,14.758139266785646,0.5253000333047956,4.633286801590123,147.512328034042,0,male,rural,1
APP100779,7.246493232286732,0.8166057514448806,18.439463561400395,0.5505941036331201,0.0,11.231625271441265,0.7317723937149316,7.477593662789264,1.0,1,female,rural,1
APP100780,6.33841530301732,0.8400087156738937,8.88818010971563,0.505404986331469,6.301210385376973,12.418921453822644,0.9078797841777518,10.109158104551074,162.89524848715575,1,female,rural,1
APP100781,7.662292099033569,0.5498783584559388,22.091117238059926,0.840159415646726,10.584120278385264,18.365429252179784,0.6857434379860105,5.997822366824499,171.0774125397942,1,male,rural,0
APP100782,6.462251271030037,0.6545351967239742,35.64530450738409,0.5567117653947481,9.0924010918286,13.453853896453884,0.33549827767916346,5.770699230240373,105.73163572423749,1,male,semi_urban,0
APP100783,6.186480376382087,0.3428647768598242,26.232157201843762,0.5282604576469838,9.56274260894589,8.655618475187572,0.6646855518593164,6.615985367309536,116.81326590477127,0,male,rural,1
APP100784,5.239890307292397,0.8104674543387311,34.4838273226148,0.7517923055986595,3.7512287548739383,15.29408940672703,0.8347076505351697,8.066785969759579,241.82748626014438,1,male,urban,0
APP100785,9.25635697626945,0.9395684076515662,34.978803844408475,0.6015614505452871,3.1724371736526615,26.685555864635518,1.0,4.596529985658115,343.22837841183446,0,male,urban,0
APP100786,6.807240539536741,0.7066724445464946,37.1650240150064,0.8330067866547249,3.6400411510780555,19.286402539573725,0.6693314504179432,9.570637398010934,338.86687688767057,1,female,urban,1
APP100787,3.180886083758693,0.5696731874887884,6.528286973683393,0.2363064538838856,16.789379090794604,3.064074439266216,0.48285751781136105,2.901241258914548,124.72795618436942,1,female,semi_urban,0
APP100788,11.579449003154174,0.8076486390574301,50.46303812856471,0.7066392976727979,3.071625347986772,19.592313869115422,0.8933835291520826,11.896272486434414,312.86354985863164,1,male,rural,1
APP100789,10.13182201597185,0.7814415485734846,50.97540297815926,0.9112266581272802,18.968294007962612,16.000941687804076,0.7091858219428679,9.794612049996097,346.2352113737036,1,female,urban,1
APP100790,9.448081671978361,0.8003215659363693,32.3419734784114,0.6124374221079846,4.045960184437548,16.016242952445648,0.6036835938114636,9.693018609303422,421.11760929848015,1,male,rural,1
APP100791,8.23813071051389,0.6194560482226932,37.70839492343386,0.9615959482570232,8.89113072692098,24.89408920182585,0.7562691884836135,6.292621939545871,282.95283534390035,1,other,semi_urban,0
APP100792,8.112634358350778,0.7481991630139081,20.348668669538007,0.8258689572105221,3.5276564576795213,18.342866661979606,0.5229090354771933,4.635201077424647,296.07447365995915,1,female,rural,1
APP100793,5.044562146478159,0.4619152380216215,22.584288111088654,0.7796081317764365,9.912398947313646,3.1948295210269047,0.32444383047937136,5.079383367283936,229.7583239196515,1,female,semi_urban,0
APP100794,9.591043097236774,0.8831866758142362,37.20301430489395,0.885365834056847,12.492976261552439,21.895896562465317,0.8908830642999179,9.850207577920576,285.4428514988751,1,female,semi_urban,1
APP100795,9.703215690058798,0.8028481931535792,48.61895182891297,0.7985433190112502,10.644055246605104,16.385233566310745,0.8083789720170929,6.225385260674249,183.4186663829152,1,female,rural,1
APP100796,8.131684804049058,0.7175783407881164,35.41733498377636,0.6680627087021885,0.0,21.920251679537493,0.9402912538113692,7.238669971621696,313.02250860352245,1,male,rural,1
APP100797,9.411511978205404,0.6590749905869728,34.50283122073466,0.8120742633314438,4.514408801769327,11.463665098574449,0.6613764476656336,1.0,190.46560028605217,0,female,semi_urban,1
APP100798,7.611827734802305,0.7274115822581158,31.535108244386105,0.8592736158034328,5.200578994190965,25.252370160338067,0.727213844931817,6.899812978082899,235.71645304306583,0,female,urban,1
APP100799,3.0563814646342995,0.748077217717179,1.0,0.8987517452810309,9.737183241143475,4.271417099585652,0.6889765605884678,1.0289543970538997,166.30587994145344,1,male,urban,1
APP100800,6.002601213917133,0.7395071743923589,37.25394874434627,0.9681264545937868,0.0,14.457139937732059,0.7186432046900244,9.147627263382349,126.11471261624982,1,male,urban,1
APP100801,1.9682552014330836,0.6285846283649208,16.96708207064682,0.4778834225510778,14.412548997306718,11.354396134113653,0.3916591302504842,3.33640307465532,36.33670037010984,1,male,urban,0
APP100802,6.69648077985469,0.6153654717846516,33.411565849165676,0.7922031210811673,0.0,6.03954936213673,0.6667554731843252,6.453331996708805,146.7779548442575,1,male,semi_urban,1
APP100803,8.630619773334372,0.9540455470572214,43.531385882756055,0.9367192069789197,4.016921261911731,20.735824882330615,0.8824570497903235,11.283494465629799,239.19560424130515,1,male,semi_urban,1
APP100804,6.709705829290379,0.7679829315185773,17.05029621296758,0.8008792223929655,14.71633511363108,14.622425612273563,0.5304905129015483,4.729671377585143,130.4320720589892,0,male,semi_urban,0
APP100805,8.894261632797944,0.9918208562677547,38.38576635662137,1.0,7.843607496555123,10.485264017050314,0.5886739857160366,8.96980652607444,224.9571667334239,1,female,rural,0
APP100806,8.52756101565716,0.9381528312511969,20.31158833642997,0.720391540038879,6.665919237408667,16.19823026127636,0.6318865671390909,6.993249770259213,374.0521100392609,0,male,semi_urban,1
APP100807,7.679985428893833,0.7847098286758266,13.709820424666024,0.5886203017258365,14.124571010079741,9.562411146279572,0.6963202900537367,5.651240325515975,281.2823081080125,1,male,rural,1
APP100808,8.770328616978807,1.0,39.43568883293214,0.5781776929724103,5.574688450712066,11.609266642927132,0.8130602667821465,10.31616265289182,226.00893696515936,1,female,rural,1
APP100809,3.825487930354829,0.7897443422725636,8.698530623223846,0.3809495991447087,17.61501924510968,1.9761618343615979,0.3902366231160579,1.0896204433137706,1.0,1,male,semi_urban,0
APP100810,9.612396104814993,0.5635930396985426,43.66943627530644,0.6721220392005367,3.202150049503287,15.678082313316395,0.7657185188348041,7.4835259086494785,181.4158078653493,1,male,rural,1
APP100811,4.041431401418997,0.5654248018212522,4.212110214247328,0.9010496438950104,17.151305676180776,9.266148451732267,0.35330928827394426,7.555574884120633,147.2590273617959,0,female,rural,1
APP100812,8.500419831049252,0.5455418532376604,39.200914361313494,1.0,5.5388180191605185,24.030181725200773,0.7997351330199851,5.344991167076069,205.27721396067594,1,other,semi_urban,1
APP100813,4.421490051297869,0.7054360016368303,37.378667112269795,0.6960714389173681,21.264601981704622,7.7251508482723,0.7267594541535984,1.0,323.522042063245,1,male,semi_urban,0
APP100814,7.685293588004507,0.44123093934159896,25.247505835311472,0.8730094579528781,15.9278891556854,10.930758460908175,0.5183672694400493,3.2619593440118844,36.75522764554461,1,male,semi_urban,0
APP100815,6.910011739415637,0.42910737167118945,29.62005414007604,0.6144852777412789,9.425259746509301,8.254666725353129,0.6537462105837248,9.555786066208626,211.6558619085174,1,male,semi_urban,1
APP100816,5.474146506092251,0.4328031610436195,25.030553385725327,0.3822912052673921,13.619012444280187,10.991148604761875,0.4847112913423665,2.72962709098668,121.36512470496194,0,male,rural,0
APP100817,6.533038097137053,0.43478636712811003,34.64317975566699,0.5689955328409094,7.256657780616995,25.07115310253099,0.6098909068311625,3.509746962510514,184.2280402508374,0,female,urban,0
APP100818,8.846355706105273,0.7245884444676333,24.4537532338372,0.40151254735397585,4.472319761355987,10.673654512696247,0.47543560298755205,6.40800570997726,23.278493756884302,1,female,semi_urban,0
APP100819,7.448850623537265,0.56700138958856,22.588488675199386,0.5912998469356886,9.937093416401522,13.556380347704739,0.9858372675540168,1.1460341358680024,228.41245803959922,0,male,rural,1
APP100820,11.178269061359316,0.5280437127953728,43.86996143913995,0.7408923718391208,7.864695365280578,13.775734452332525,0.8098504766442235,5.722541894873711,287.4260164057357,0,male,rural,1
APP100821,7.94066092514157,0.729205022164242,14.113127942031813,0.7899273251138643,0.0,22.695197807513157,0.5937380379060032,9.537870282807754,300.48692702794324,0,male,urban,0
APP100822,8.615205883098838,0.8080712123939136,47.817679931921184,0.8640110467904759,3.8934502227621675,24.91024823985823,0.6641835361517161,6.199352623690124,332.61715477733435,1,female,semi_urban,1
APP100823,7.921146200862646,0.4954749780867053,32.91683460318395,0.7069897539220179,9.682086312206344,16.56576692412008,0.7541532359740406,6.99726692435852,376.599380800897,0,male,urban,1
APP100824,8.347825335739326,0.6263751563935254,33.039581458140844,0.8479513147284803,14.158623837343622,13.676295701122124,0.36663694754340387,7.256843557990282,50.9135135795255,1,female,semi_urban,1
APP100825,6.503453380906115,0.7145404165551784,27.06018192911783,0.6533873053593416,10.725814503632805,11.567545855831622,0.8400935894214396,7.104069992523089,208.1546511775322,1,male,rural,1
APP100826,7.662154022406186,0.676045870569359,46.97006877830203,0.759772236884658,0.0,15.031909848897865,0.6098841128825936,5.526345668617879,457.582570285542,1,female,semi_urban,1
APP100827,6.162651207363653,0.5939405616888843,27.392781191457495,0.49478609014817637,4.710071012109211,17.267547427901675,0.6375228340476692,5.960028041355185,262.93060362301094,1,male,rural,1
APP100828,5.099305220361872,0.7176552915746892,12.45122216266305,0.7091576221664639,11.843335958750105,7.245737467961437,0.5162924679290053,5.707693321984529,1.0,1,male,urban,0
APP100829,8.583658802765532,1.0,32.852650923819944,0.8075211923183462,12.52396194054738,24.96694756033984,0.8830126561209077,5.288192528100068,270.8629823885444,0,male,semi_urban,0
APP100830,8.92380275466839,0.7410592560622311,36.443291259676414,0.925884534974548,1.8827274188096146,15.801895934437093,0.833961368128647,6.792206456201477,181.77367851968216,1,male,semi_urban,1
APP100831,8.539083006744754,0.5948328292786913,62.34975709024668,0.6473254334933968,10.033972522834386,8.09216758427338,0.8778700877562305,7.652001761605465,240.99791196633703,1,female,urban,1
APP100832,6.423497063020534,0.469484656841026,1.0,0.5314197625194981,11.720812754813164,18.26028324873533,0.5586999744035019,3.49315659219053,243.4734984378587,0,male,rural,0
APP100833,6.40177115303771,0.6470051607638607,33.43632938224132,0.7184439033606276,13.537947287726563,11.965975665433144,0.497789520961296,4.423453258134933,234.66038407749397,1,male,urban,0
APP100834,10.621898982119419,0.6728695215898853,33.958570168382124,0.39688886939322815,3.96971195854735,17.93569577755757,0.9487847206261648,5.362894990861982,58.85076469926523,0,female,rural,0
APP100835,6.7714757391442575,0.7713835761533557,43.57830928189346,0.8774669472126613,7.738636245156508,10.051418861470182,0.6776559647839473,2.4968591681241534,125.96501685318468,0,female,urban,1
APP100836,10.088088269189141,1.0,46.1889779349535,0.6613151871712928,0.0,13.68634540624553,0.783279169581906,5.933510300191916,292.55920978365646,1,male,rural,1
APP100837,5.239429151094204,0.398265402348367,26.004647785605528,0.7062727545927415,16.782324039542754,13.53541849745178,0.4678762459060955,5.4900248350005,152.63534623817569,1,female,rural,1
APP100838,7.679981682588169,0.5291912365863436,31.67306308393108,0.886565272683583,7.8418768329397945,0.3042076588543541,0.500509144529842,3.0773849188871116,167.13046391247994,1,female,rural,1
APP100839,7.600816597662069,1.0,42.24114326043557,0.9925286395621351,0.0,19.18883537011729,0.8483819496127358,7.525465315662709,223.1694706194896,0,male,semi_urban,0
APP100840,9.602056544815651,0.7495758004855587,49.05899741335216,0.6453772759154743,0.0,26.505689012167302,0.8241448438410023,8.433905496444664,272.9519393171754,1,female,semi_urban,1
APP100841,6.180090148524574,0.7902060892275478,41.74258034341687,0.6665495559282166,8.560463739639097,15.831456717036009,0.8888447460005078,10.11900640358181,118.09637388025452,1,male,semi_urban,0
APP100842,9.30880012627991,0.9033543333091213,40.70993032185235,1.0,1.9044862547008705,21.710471474989095,0.7274012645830682,7.179422575874368,258.4533408102193,1,female,semi_urban,1
APP100843,7.9191275205734915,0.9702867702474521,33.384081438768206,0.6978328883170529,8.277200825437923,27.956436482649387,0.8578399370273,10.468999593362875,336.917354641885,1,female,urban,1
APP100844,3.5349434858806443,0.8349224834080939,9.874818318083822,0.4999297506904177,12.147164605991545,9.272785542144106,0.291069655430246,5.586097333944473,122.64799026772079,0,female,urban,0
APP100845,5.639549211719667,0.6864234158261682,28.787029954465716,0.5953379655250559,16.053643213204698,2.3009953954050175,0.8980593748616429,6.336770698816197,99.22968782499757,1,male,semi_urban,1
APP100846,10.677004475616553,0.5291011514806199,29.406121646964323,0.9128534105636743,2.8887723839941395,18.803430651356006,0.5846739280940317,6.124626938019076,380.13874615994564,1,female,semi_urban,1
APP100847,9.210583352460564,0.6955835202072381,35.559964055410454,0.607676456978102,9.609848905884029,29.65881960228277,1.0,8.2872535458234,381.2196748325154,1,female,rural,1
APP100848,5.042563694141572,1.0,20.179344816738407,0.8171044380556507,3.293591231027329,13.37227843583303,0.627610658557066,5.186804100585235,208.69150788445359,1,male,rural,0
APP100849,7.604536772341257,0.41863450995766516,28.85216750707565,0.5536898272001585,2.9065874212555647,20.85868920176869,0.2282724454596321,8.644115844321249,134.84717126944054,0,male,semi_urban,0
APP100850,4.391839124088974,0.6897950116839122,14.85310466169025,0.6279827288862575,6.848717113052874,15.881921767518826,0.7468981992812311,5.126787138559317,305.0840496191908,1,female,semi_urban,0
APP100851,9.413076140097395,0.4093594302571163,24.92089412425245,0.7886220975371322,0.0,17.284411582291536,0.7705184936616469,7.3043534373076,419.52458253374164,1,male,rural,1
APP100852,7.348128500293788,0.4652079746432355,16.00253044421096,0.7788435845385427,2.920622740912907,7.992120961922098,0.5418489546237978,8.927681484927234,49.57247852211154,1,female,urban,0
APP100853,9.52575478919122,0.9397931981975993,33.89685092964214,0.8419406586122593,6.331919683816314,22.037098983988237,0.8796929988389206,7.430044682226752,397.5508776177139,1,female,semi_urban,1
APP100854,11.280362996076867,0.8054327545044365,34.20046729197984,1.0,3.1770654137343097,26.354430929403435,0.8747095012644674,9.103989867732837,440.1699644899778,1,female,urban,0
APP100855,7.28684845159565,0.7455210487883362,41.69338548922703,0.9881500972533127,5.139320838841915,12.206173781515144,0.8396716624159303,9.444571914109089,345.58809994312685,1,male,urban,1
APP100856,8.301037242669665,0.6035029349360578,30.692837586105142,0.6345649762962668,9.739775152958197,16.88475436342339,0.8523262111174764,7.207885198471758,187.21937017657712,1,male,semi_urban,1
APP100857,9.4229215158328,0.43608785886701745,36.90433952068237,0.9698100597131332,0.0,6.571521178953375,0.732343960539137,6.498572032960778,205.5652231701925,1,female,semi_urban,1
APP100858,7.772374953811998,0.9198367166839494,44.93045028291307,0.9032150012380643,6.795748155895419,19.093336718327716,0.8922409337104931,9.991559601659032,450.8248866022044,1,female,rural,1
APP100859,5.0822851208292725,0.6042555939914819,32.610488063895936,0.6905511638193915,3.8385063368504415,4.062720911627334,0.5051449700730538,3.674658122156492,245.2341355227457,0,male,rural,0
APP100860,9.099186173271924,0.6403847225849904,26.10155912051718,1.0,0.0,26.244403980502604,0.9756652179289156,11.600681434448756,385.7511363321385,1,female,rural,1
APP100861,9.762239903735209,0.8562043942600165,32.37860838651271,0.7394632339919573,0.0,19.13881128455385,0.7619847367752323,8.470692035176347,533.7073417472365,1,male,semi_urban,1
APP100862,2.1236045432045167,0.6031417992545821,18.984780954419517,0.31103318076016895,17.714489607283074,11.587911208778783,0.25126210160442963,4.994682280842669,1.0,1,male,urban,0
APP100863,6.339981591226511,0.5707575201437965,23.19139504926651,0.6172071153974056,3.02463508538116,7.340470064895702,0.495133875781098,6.109741736010193,127.47653168048448,0,male,urban,0
APP100864,5.0234296818857604,0.7264662221304865,40.58538830257131,0.6442554590308958,1.6820996497299916,12.295504769597178,0.6199670678959109,7.279980556091826,233.9002994839225,1,male,urban,0
APP100865,10.545744931908736,0.8127689352029539,24.194315874001518,1.0,0.0,12.276668049624284,0.922974957190255,7.960597708811781,271.2446254552755,1,female,urban,0
APP100866,6.185658209073528,0.4883146431683299,15.738502071685565,0.4914771753881538,11.054514727661209,11.671943257049573,0.29993722689007607,6.092024917826693,1.0,1,male,semi_urban,1
APP100867,11.105717010352668,0.7905394221382589,34.45224384855185,0.8237376423456596,4.319637013031647,21.580528764171888,0.9170455926410124,8.790198691484987,362.1487294022069,1,female,semi_urban,1
APP100868,7.059945992010952,0.7474005631050584,26.006259986468052,0.6830524472758973,14.260359438174103,16.554622967319357,0.47795133135119783,1.0,95.22944982747873,1,male,urban,0
APP100869,6.940038143911749,0.8816751390383866,32.74184666891374,0.9394795354864733,6.550401966229422,19.599936047228436,0.3133639585567374,4.894146953162634,160.63703392736497,1,female,urban,0
APP100870,5.837942558903816,0.821006618237089,34.90652739055469,0.5785127163230929,12.744949395811027,17.12620953725685,0.47188812025289106,6.3854227167701625,179.48346261204856,0,male,urban,1
APP100871,6.22762102793415,0.5233542580357702,22.069167033172313,0.39838652321602214,12.534958304110697,14.210203935071293,0.5096434331498704,5.051832438535651,132.74358974376227,1,female,urban,0
APP100872,7.427026727539355,0.8269253900858787,46.557778371083835,0.9695954168446649,2.170330708299531,20.058831367199346,0.7560007679122523,8.04418521909149,222.68463808192018,0,female,urban,0
APP100873,8.227765167525806,0.7330570717811411,43.60343247298099,0.6957195787619427,5.950728872688451,17.700139501852366,0.584051460726493,8.362435351519128,269.161826496154,1,female,urban,0
APP100874,4.10752757180725,0.49357406755585564,9.823767244043669,0.7339955631204964,19.05185340040309,2.3636583097263504,0.34360718879424634,5.173916145146626,240.21894308573064,1,female,semi_urban,0
APP100875,7.471127241851186,0.4596713721130657,15.08975754959366,0.6614876536376795,20.111013531052425,4.156823820998248,0.31986765619374713,1.0,58.647985581183605,0,female,semi_urban,0
APP100876,9.686064405317499,0.8535472315801315,42.62333670954109,0.9375437108207274,10.31462878966993,9.464376487982918,0.5355625747329117,7.427156977988114,194.86210824298385,1,female,semi_urban,0
APP100877,6.764872192587038,0.9112133987858166,36.27422564492952,0.6735823025962022,12.613744883468753,16.894527500302104,0.6946599113266746,8.525150735290822,201.95093306686636,0,male,urban,1
APP100878,10.078427563259572,0.45369562975646804,28.211741057462003,0.6562869428047956,9.43500304603272,24.422118224292745,0.6682189943178856,6.732104101555465,148.65519354115304,1,male,semi_urban,0
APP100879,4.157161144168763,0.8347994048723723,22.53976857299589,0.3004504411144946,13.567875702926202,13.92121777325799,0.6030535660902797,4.182701527203326,124.04007311621694,1,male,semi_urban,1
APP100880,7.28216581017186,0.8728760264061602,14.008103605682782,0.5737983690263666,8.309751711307275,11.8773410747063,0.3822853555862464,4.97654172371552,123.53769948130552,0,male,rural,1
APP100881,5.184428757608691,0.7364767973557831,30.403393225298178,0.7417578138874928,16.262930384013544,17.857518674593738,0.5781638139625502,8.030625654144924,406.40672321248974,1,female,urban,1
APP100882,8.912467396160503,0.6067334072768595,10.25264402523019,0.5554865768232367,7.6772762240283345,13.886745927806077,0.8828708357971675,4.150464843500818,178.64318441810207,1,male,rural,0
APP100883,6.591182835357847,0.8960492210481591,47.45336797019907,0.7085345997962889,4.389552998517954,23.03985846407744,0.9180104078452427,9.935396975481112,264.70855864042005,1,male,urban,1
APP100884,5.439044898103265,0.6438956920675878,22.43866517398819,0.7775412921203105,0.0,10.482295681713476,0.6555595279161702,7.6566985832289625,303.5129208996544,1,female,rural,0
APP100885,5.812272156661319,0.6576352014915411,30.21638265119877,0.9087669427982427,1.3962833940769492,20.79015068925348,0.48225870317851377,5.794229599513785,87.33193862097234,1,male,semi_urban,0
APP100886,9.436042801888433,0.5089164432757658,35.90729964346077,0.7505394208657122,16.019844166798066,10.618072722058468,0.8538752482792787,7.571597145305692,168.58741520597528,0,other,urban,0
APP100887,10.256504524783605,0.5603873694840976,41.70406206492582,0.6918948510461832,6.8273478640381455,19.247072995056563,1.0,8.835661248493937,339.3530746227153,1,female,urban,0
APP100888,8.923047465661508,1.0,34.120300510589395,1.0,2.876573893133412,25.595613934217138,0.6226974668223999,10.874583324915253,309.1826549098708,1,female,urban,1
APP100889,10.04348128296899,0.8104674138424465,36.986869295072076,0.7225142801372905,4.856408347918056,18.183225421748304,0.6181473478763312,9.37356153914433,380.14293894793093,1,male,semi_urban,1
APP100890,5.059772064214155,0.6127461965690802,31.208072589782482,0.8143727072807875,5.332639830225206,9.506149969331632,0.5445611935044165,5.723301881523742,1.0,0,female,rural,1
APP100891,6.063211222841781,0.590694617962688,16.33132432502292,0.56774756446497,9.523741224202759,10.363257232199356,0.574973197459833,2.3782605858415717,205.10979427659942,0,female,rural,0
APP100892,7.662470496612728,0.45482598928643664,19.323589368227452,0.6043356198717265,4.944592878169686,9.279171624714055,0.5711568876365851,1.9266037505221776,70.3412861594534,0,female,rural,1
APP100893,7.209784614519335,0.692588211823887,27.910389501365565,1.0,5.17080928102955,17.507652773467647,0.9748148869338331,6.898375952103349,133.66269838065597,1,female,urban,1
APP100894,7.230286659308856,0.8056680101263469,48.48334453817915,0.6257638070413529,8.181962894080915,20.66907882432141,0.6192639504045706,9.338708255360036,123.90921074479803,1,male,semi_urban,1
APP100895,7.290800393470242,0.6428537798325222,28.289764683481064,0.5363774208827985,11.234271914153434,13.99098917938607,0.6214156516151642,6.509930995466908,139.2515740131939,0,other,rural,1
APP100896,7.37344726927921,0.5380386447152871,17.9384747636149,0.6207454913636616,17.665180215621007,8.066012746006752,0.696765412536374,3.514845932992809,316.2498662297035,1,male,urban,0
APP100897,6.5933910683969374,0.733771283162208,26.637569361391655,0.6610837741991433,10.808988183540407,5.342187205644107,0.7088728785748619,6.798083637430041,268.6058691775319,1,male,urban,1
APP100898,6.839936747729869,0.6172456889249428,17.598869848210096,0.996425325355447,0.0,14.440193938179632,0.4140664961733015,2.5241393701235575,273.83631689522724,0,female,urban,0
APP100899,9.031831089674004,0.9145174853631722,57.92813987311109,0.7668197862525116,12.307988904810102,27.99795973433723,0.7532280224516041,10.459327976162406,316.4414878404953,1,female,semi_urban,1
APP100900,6.669474778564551,0.7709671060822629,26.422059520075532,0.4902245581158432,5.0141697339778295,14.947886625914768,0.5376296623800831,5.877314661936645,193.51840612267839,1,female,rural,1
APP100901,9.08120629560678,0.7757110112726843,25.288574946759958,0.6985755630118579,5.265380415604153,21.710094115830124,1.0,7.575549626683273,143.83205154898755,1,female,urban,1
APP100902,9.816381708887223,0.8336894857465152,49.298373275481595,0.9387204682894309,2.9433473786531503,18.375192866951142,0.7020076733861159,8.108498233056775,187.1154160844403,1,male,urban,1
APP100903,11.429867540856062,1.0,59.92063491518962,0.9495523717991154,4.514586687968021,9.506940246673055,0.768850225942029,8.9463079075529,297.30846529485746,1,male,urban,1
APP100904,6.030356377253428,0.45679918548049403,32.825440908980084,0.5046385864622549,11.796242696142103,8.676630961777262,0.63931963210488,4.134124170999149,9.94463662734509,0,female,semi_urban,0
APP100905,6.315424369304677,0.4037070758787919,17.598328842267687,0.7110012393985223,8.862067264917297,4.750830977396598,0.4676179354368366,3.6019083686730013,121.41494192038806,1,male,semi_urban,1
APP100906,8.169223595930372,0.8084808748882124,29.576224818912095,1.0,0.5115616579341147,17.179501960410303,0.7201403097895615,7.70714835351183,232.75677974618566,1,male,semi_urban,1
APP100907,10.126736556617164,0.7131615055163247,39.37393000362402,0.8512847944950176,17.170173068110515,26.899396875959955,0.49952530675962625,10.46464851996436,405.18367549747563,1,female,semi_urban,1
APP100908,8.254583670589804,0.5446127236267568,30.373894464262747,0.7801407916112715,11.039643679114814,12.230075548049781,0.686659408255376,7.8454613413583285,215.5474583581132,1,male,urban,1
APP100909,7.242651017195744,0.7770816799272814,28.79625653449604,0.9456812065773883,10.209044438755516,9.421321868944663,0.5882261823532542,5.515989707577428,45.79335135940684,1,female,rural,0
APP100910,4.338104425122842,0.6506300517957192,24.070067765834036,0.5891846158022158,18.177248721416586,8.58812737231521,0.6399730806956536,4.547033316436122,25.296776868810838,1,male,urban,0
APP100911,0.472842323699604,0.32457280795256327,4.113429187952367,0.4013595358854187,9.14661740464717,5.926631032905408,0.287294401282418,2.540032685783084,81.37234920997402,0,male,semi_urban,0
APP100912,9.473625228688093,1.0,42.88237388963226,0.6966023165046625,11.033581868120919,16.702943117328143,0.7308860181731148,6.484714596581876,181.41895012227604,1,male,rural,0
APP100913,8.766186893961615,0.5322571086505513,25.411743525213556,0.728905976707721,2.6390686456667987,13.597349630510097,0.7364678076141626,7.72580334513861,275.8490734380114,1,male,urban,1
APP100914,6.797517388257634,0.6756571420282875,20.958135668673943,0.43908929663680163,10.408602730862903,18.995817718522225,0.8306916951759693,7.646064444300645,183.11862332905105,1,male,rural,0
APP100915,9.385341368802813,0.5061999389150937,26.765420771984214,0.8464895084843499,6.98656206895426,32.99142178818314,0.8576654944923782,7.575789704195204,270.85365239226735,1,female,urban,1
APP100916,9.060005003166346,0.6852014083889991,31.136364952526627,0.6952192028127495,0.0,18.17942792358298,0.3634059782514727,1.2173926366972978,276.5940443495513,1,male,semi_urban,1
APP100917,10.520234236336469,0.6971628608062271,39.464338019549444,0.8021165290927198,0.0,19.113437183516627,0.6417736938379645,9.465677630814897,374.8236632237131,1,female,rural,0
APP100918,8.279963096803984,0.8120000381394753,37.85482962265278,0.7498680442451789,16.313387479329084,13.842728109516933,0.5439324472216256,6.576589710466866,235.0277319743152,1,male,urban,0
APP100919,4.77479990263555,0.637717932179628,16.77739594874604,0.6965829523988311,8.827767310448042,9.448498441051473,0.6024652279805937,5.106346131857764,84.67722032275236,1,male,semi_urban,0
APP100920,4.854150782426478,0.8352136326431105,11.405890750937937,0.4517774786018529,20.36611459429069,8.960258625754772,0.5404104940651412,2.3036972429282576,109.85461116025998,1,female,urban,0
APP100921,4.580407531229074,0.7128772159414537,32.52107776498154,0.8552970835635572,11.84392658902396,23.65749839074298,0.7206795793994758,5.882051358732798,336.69309526278624,1,female,urban,1
APP100922,8.124415036228955,0.470928001604884,29.219896084803672,0.8218376737148785,6.492288113463585,20.589017501432714,1.0,4.801418582119867,335.83321290898897,1,female,urban,1
APP100923,8.456535915995985,0.7218670826076456,30.852533796526068,0.46995441428023066,6.939039720830037,8.464336181276193,0.5558651115916177,4.5573887342381605,85.04480407458259,1,female,urban,1
APP100924,9.46986256547539,0.7077560776769954,17.283656644251497,0.9958120655694283,14.644692589150294,19.113562049414224,0.9156795205529151,5.932563962773015,381.7072562413633,1,male,urban,0
APP100925,7.546224860347376,0.39598296135552924,31.985783553430025,0.5046114910716875,19.60458164653071,18.999224232608544,0.5889857600764545,3.014003847537475,116.47686232733069,1,male,urban,0
APP100926,6.861681321406764,0.5478783991703258,21.614302269591253,0.561222902942744,6.3505018060520255,13.55836192968575,0.3309531639200461,10.427014248633174,274.83006538083293,1,female,rural,0
APP100927,7.9652660256197665,0.7102089477441922,34.39593680973491,0.8911694631654479,11.463566279322771,19.981271655452616,0.8296723326455309,11.419761446020189,552.679394986639,0,male,rural,1
APP100928,4.253234264614246,0.8327262724768029,32.68478406391655,0.6920509280237748,16.670436083844997,13.450851579072859,0.6921580752733014,4.542704066861964,1.0,0,male,rural,0
APP100929,5.45822768073259,0.7196745335675228,1.0,0.7444030672753889,17.038218263644918,14.299972765886356,0.6369641453413804,4.203838497877462,190.63661681227816,1,male,rural,1
APP100930,7.348427716400667,0.7688508653974457,44.11602285514155,0.9452863825746727,4.27033974449038,23.195848638778266,0.8396864828735884,12.073284706248174,272.50283906437545,1,male,semi_urban,1
APP100931,10.958036923309164,0.8589041812005881,41.131921255452546,0.7463524847811722,1.5483300819538437,20.684829862023204,0.7639010368743528,11.013004450572662,316.45712977286803,0,male,semi_urban,1
APP100932,4.444084249873025,0.35392378998575486,18.197999708320985,0.6961073124832592,4.133630032976791,14.935076567419484,0.5256046886998337,3.7170206310267515,124.1744898908703,0,female,urban,1
APP100933,5.842303506315159,0.557789644771066,20.357257320733737,0.6128407006217128,3.490273402719888,10.737691617906387,0.7125922804554832,5.345864119800092,1.0,1,male,rural,1
APP100934,3.0956876276643848,0.6934836567053009,36.21055950837702,0.6761399991245,19.88774215786559,6.078137416267482,0.5015374337745335,4.301877923838017,92.15749257792237,1,male,urban,1
APP100935,8.837570349594513,0.8176556498024813,57.98566378559477,0.8397238532644591,4.805001734324141,11.859387816784006,0.6700109003100334,7.318279398731091,310.8672294202852,0,male,rural,1
APP100936,6.353868454578577,0.5762595127287435,36.79192278413019,0.6010720100046548,3.7754192385294782,15.835953880758638,0.6580484715818882,4.812316266230441,299.3015843376827,1,male,rural,1
APP100937,5.397286344693663,0.6230852385238815,42.45354792852254,0.5928527032120291,15.503036088261375,11.982558343469089,0.5160281598634104,4.40529368876866,193.12212633866702,1,male,rural,1
APP100938,7.121115766432462,0.8520689867386388,32.20842474618976,0.5611911511153875,2.058294104893556,22.345233471717325,0.9688205795301323,8.44852699039222,418.56268975330335,1,female,urban,0
APP100939,5.188896717756669,0.5776100985997431,3.310383121656338,0.7134098002772303,8.97964655463144,4.80628342350807,0.5688590397615612,4.013073568087935,74.85087127862501,1,male,urban,0
APP100940,6.050109106395742,0.8202706229663275,28.674587563773017,0.75964365915457,18.650849152971084,15.068931190149215,0.5222045653856036,8.698761644902879,151.60944037176506,1,male,semi_urban,0
APP100941,8.607802199934975,0.8686789187488116,48.9272105649666,0.5149807801414796,0.0,21.43688024362435,0.6293829169575564,6.80369274813637,331.5321648686722,1,female,rural,1
APP100942,10.817764259320352,0.835460687660676,16.74221447749105,0.9100954845433963,7.118125316480487,24.333767448450857,0.6374294907231639,9.109331444361658,220.33043272392771,1,male,rural,1
APP100943,10.102135841119466,1.0,37.798651610419,0.9303360800125745,0.0,28.738341381147254,1.0,7.641803659808373,453.21893344515604,1,male,urban,1
APP100944,7.535296337555635,0.8065256516510656,20.26202222343877,0.5646763469653865,4.863488965307198,10.420182710358198,0.5923637184988083,6.121684251264929,70.29682212606191,0,male,rural,1
APP100945,6.229062940869904,0.956194440583189,33.120196250214086,0.5656182309245027,0.8539522991588173,17.275298394700258,0.7575550936461073,7.987713106474807,283.9308927615288,1,male,semi_urban,1
APP100946,5.378660846176802,0.5695671191129026,29.60808030162953,0.5884152329895234,9.33551807218262,9.783256373257242,0.41709583925160176,6.545144549357468,296.4881792692192,1,male,rural,0
APP100947,7.488189971374528,0.49597968850966767,25.384151514241545,0.6244681905193318,2.411033083125008,3.677189114050286,0.531090017834566,6.064091330306166,268.9892529892315,1,male,rural,1
APP100948,11.079483064804617,0.7005308185617827,33.73967632206561,0.6296913542488807,10.201836744722062,24.708402168609602,0.6487014209682582,7.001050635079412,308.3249065215224,1,female,rural,1
APP100949,7.191201642242196,0.7076500913872684,22.286007259865464,1.0,6.31283138927164,15.199828514828672,0.9570266529235447,10.134369161920755,182.6899141560436,1,female,rural,1
APP100950,6.50485006044163,0.8497583465513631,19.511912006209922,0.7028709008119837,8.857255462696688,16.739626772925263,0.36994760831884044,3.4335241836242196,83.30728693244542,0,other,rural,1
APP100951,6.52863156150843,0.5819086240444235,21.979483477958276,1.0,1.8577424335614703,14.264049185013205,0.6198089327641194,8.16141208748615,280.25945272155354,1,female,semi_urban,1
APP100952,4.331635810844876,0.7858044138275089,37.28488493273688,0.8687015824765927,11.73626078284294,15.84507073174515,0.9072994500581831,9.882899326056133,218.22698071184533,1,male,semi_urban,1
APP100953,6.047406929024507,0.776253833367899,23.388030972958376,0.829301402531724,11.136709522388266,13.040882093151357,0.9082344536721455,5.533489357736601,248.6537161725176,1,male,semi_urban,0
APP100954,9.58953866308346,0.6495803337345083,31.014596433002655,0.519279798943804,6.883513696047187,12.991494529429739,0.6338166927769286,8.162040882465863,188.0675733932363,1,female,semi_urban,1
APP100955,9.979073282018694,0.8133364089096321,42.25405633234663,0.8562448306280104,0.0,22.834025636484583,0.9252125837334036,12.927769035798317,308.2327446338074,1,male,urban,1
APP100956,10.992026269004029,0.8558279324758752,36.91641228671817,0.8275459718860488,0.0,22.59061670135016,0.6430150048360194,10.228913853146526,311.9388732730486,0,male,urban,1
APP100957,7.611706583429087,0.9374173070252665,54.480983304908364,0.9030106119909913,11.042423785451977,16.2957884873099,0.5460027520561047,9.703361191333212,323.78700363165575,1,female,urban,1
APP100958,1.6503656282555186,0.8094026396094334,22.94655547352943,0.5814983841789603,16.77943601274352,9.15417630819573,0.32692746230872394,1.0,110.27824736595129,1,female,rural,0
APP100959,5.667182895146331,0.7269375078077458,28.2999375657207,0.8024676037853167,12.462276546880387,11.884965552050094,0.5465167740186568,3.7984809190550504,183.59426000650595,1,male,semi_urban,1
APP100960,8.730544249001033,0.6532902774564675,30.972689173747852,0.857454714616468,4.7502088406224905,26.129846487362524,0.7784242764545363,7.344454108655928,340.78978721392366,1,male,urban,1
APP100961,6.526389253501445,0.8748446782537893,13.208084713268116,0.6173189837792238,13.96680038535417,5.663225003509309,0.39788497278916,3.5777846988059876,193.09316126389015,1,female,rural,0
APP100962,5.964267336957084,0.4703485184446383,23.220579336398675,0.5876390677231694,15.516196575230499,7.489823605259674,0.6025521095614254,5.891626498880605,199.59196871614753,1,female,rural,0
APP100963,7.328549805667831,1.0,39.81967536970021,0.7089452791199321,5.028535296882176,16.629289985473033,0.6963822864071945,1.8039189452196194,318.628268208556,1,male,urban,1
APP100964,8.832436716814854,0.9298111838451419,13.393419194650612,0.9190602923500564,5.222578653275303,28.354203252715998,0.6008608999337693,7.802631774975026,244.5126244783363,0,male,rural,1
APP100965,5.6460609552832315,0.8832818831333088,12.748650527923752,0.6344913307735888,4.52305934847829,16.827759957197358,0.7325957357620531,4.845959288837642,148.92626180334008,1,male,urban,0
APP100966,7.111095373844256,0.7794332996359765,22.7351925189326,0.7480373808141165,10.948880919247085,9.563336503867909,0.4769262636283206,4.448898783336678,136.9529944419591,1,male,rural,1
APP100967,5.256981135402003,0.24739241983620092,6.8021261681830545,0.5488158963906816,15.546761763575205,12.324251783365298,0.6956880737801894,7.098508421951744,100.23899485987673,0,male,rural,1
APP100968,7.208749742244075,0.594898769157828,35.00159530398375,0.9415053644781528,4.190485000534845,20.117494264610144,0.8380850795423226,6.399204525940086,291.4328514292139,1,male,urban,0
APP100969,8.303102238272876,0.9210363207594403,47.571798318062186,0.6236653246090689,0.4311837592456276,25.118876797746168,0.7202386059306503,6.26653540869247,388.8093041035151,1,male,rural,1
APP100970,6.888964775947956,0.6339836106195199,31.95668575686441,0.8101924697919431,5.676951891658858,20.2456033670316,0.8744987585786012,7.620535346528331,249.44925391971222,1,male,rural,1
APP100971,10.610947034296029,0.7060756422659441,40.30482937533806,0.5968020020625279,10.088338488744533,17.95873881164248,0.5504739433154815,7.831697112096994,281.722960802147,1,other,rural,1
APP100972,8.453657409980163,0.7775869347959485,22.860790914806174,0.7674791460512685,1.630071843710291,15.137274019805904,0.8260441017790092,5.365439188812696,99.8317930967075,1,female,urban,1
APP100973,7.493250387846661,0.605348343307284,23.31695514093677,0.625218064116146,4.894175576283825,3.7775870728714818,0.6134956760214175,9.319474090883006,116.3361226848588,1,male,urban,0
APP100974,5.498980742755434,0.49572532954585946,18.03892196915247,0.47914655644764925,3.3210288875498204,21.144415675701424,0.3863545844036421,5.991766528534801,254.31523958582306,0,female,semi_urban,1
APP100975,4.565260539368473,0.8143017702253719,31.176963765838003,0.7547805516839153,7.906486712766391,11.83512273130766,0.4325094546687883,7.6586414031021155,121.07928314528556,1,male,semi_urban,1
APP100976,10.273592736835823,0.8858255104862519,40.53219003405064,0.8807911289386017,5.775732708366109,14.243375911273283,0.7249914207395243,8.817937430241335,304.1575560890214,1,male,rural,1
APP100977,7.3718246622852615,0.5969621933270884,12.102692745210232,0.6164173592582627,4.954715811406886,9.19396111655503,0.6980588214966996,7.22736471216143,165.37462066073988,1,female,semi_urban,0
APP100978,8.491384727224787,0.8923906784290984,36.1624738211582,0.8057285080403747,9.545503090227225,16.964765742272018,0.7315224703120657,7.0522609623957715,264.0275158222812,1,male,urban,1
APP100979,5.608878087428725,0.6585695873848993,24.6099087801532,0.6865782562850141,17.262308783637863,8.209449405738585,0.5510475714897389,2.759414052675104,229.3257779706428,0,male,semi_urban,0
APP100980,5.780144613149316,0.9647749518290778,38.666488599212386,0.9749376500662306,7.7915110446487255,22.141788148125826,0.7373638745086699,8.832893637905485,279.2500666765918,1,male,semi_urban,1
APP100981,6.48285355851052,0.6014647089631442,22.271702417368104,0.541482436615797,17.85652711189534,13.810141908139583,0.199216803932728,4.174212117550848,11.315564080168869,1,male,urban,0
APP100982,9.608139986568807,0.9538516375950981,27.761764495282875,0.939125092018475,1.489952662459146,7.967127243123322,0.8427119020754845,8.695694429838964,297.90100140797125,1,male,semi_urban,1
APP100983,5.434049634457195,0.3824646346066507,34.35257624249107,0.6783340802017715,4.820262118099601,10.60174804130154,0.8053394199357237,4.03682883847953,136.99457876666332,1,female,semi_urban,0
APP100984,3.7613955133960304,0.6292358477821387,22.66232627542536,0.7622573122656191,15.460765087475943,5.8021262015815935,0.5938454303447533,4.167438864371416,1.0,1,other,rural,0
APP100985,7.720186955291739,0.5642270016831098,15.905768504616457,0.6041233048143204,10.47126693033217,10.334586761415189,0.49135989425214954,1.2895757167469761,219.73268647542946,1,male,urban,1
APP100986,6.460224806665763,0.5993437851488734,21.111158555892196,0.6567779801041564,2.5468490470353444,24.94165672293203,0.5524955749043727,5.604457155143184,124.42543365163854,0,male,urban,1
APP100987,10.27417027921314,0.9141470847393398,27.151963351628957,0.6057670218702728,13.712218059378909,12.950706635985934,0.5381744449881796,5.398126039952433,208.35779106448,0,male,semi_urban,1
APP100988,4.66152419803007,0.6883699037700237,2.234131532665341,0.5568103144797848,14.568713563248734,15.562400142864357,0.29878735239673637,4.092056327020322,127.67024695770002,0,male,semi_urban,1
APP100989,7.095250940208484,0.44403473000335975,36.130626123792545,0.6566560514437086,9.93565669558066,16.519263633546636,1.0,5.931690635282925,237.1573671582169,0,male,rural,0
APP100990,6.675639789494683,0.7811895311424424,39.483465956805745,0.9062715852335388,5.543461178132021,21.55189779654802,0.6055080388270048,2.7316494140493397,134.21328889785474,1,female,urban,0
APP100991,5.3570662485742915,0.7182564636355783,37.83754367998141,0.5145941574950272,18.879843297596075,9.90192806551314,0.6971207171493202,3.446200660382755,67.41571084546044,0,female,rural,1
APP100992,7.629921190331039,0.5209127813886523,12.750201488094838,0.5420416903904851,9.692282164236904,9.328266862464389,0.6891625795114272,5.78444737015719,88.62274938834223,1,female,urban,0
APP100993,9.027304422143928,0.621277022140915,42.05957788048769,0.8645566573121208,11.46524234346208,17.21544403655201,0.7296073353977115,7.193618891181288,147.9598756386994,1,female,semi_urban,1
APP100994,8.30041480535167,0.4392974073919336,28.85454097610438,0.8779879452682211,5.85993177649188,20.355438135536083,0.4826063494739278,4.0675074947039445,182.02883933453606,1,female,urban,1
APP100995,6.064130453104025,0.5685269382186507,1.0,0.7437081191285851,11.672753982325613,11.749417860782605,0.626749949076411,6.0615621535113995,100.28448604228686,1,male,semi_urban,0
APP100996,5.712988268899389,0.6332115370114774,23.061148611648928,0.8386167026942032,12.194966779580755,14.037995824330354,0.4374147749822159,8.327507338083496,55.78782059464322,1,male,rural,0
APP100997,6.233449371766755,0.7693525425810005,21.04544166551717,0.6564959887275528,19.733929674383237,15.673639733525945,0.6775995293107686,6.813716426813697,146.32263707245397,1,male,semi_urban,0
APP100998,5.752599640889743,0.6998167098914273,38.455047929217955,0.6694170913488362,7.222026568125132,8.571866276019886,0.4437306454919124,1.0,121.66755723163331,0,male,urban,0
APP100999,7.2388297822363485,0.4102761168684774,9.524064984980892,0.8796838060234329,13.58863152591407,10.146557250691313,0.42115390579100065,3.859556616633535,136.07632223857627,0,female,rural,0
APP101000,6.237558007837638,0.5847743102177092,22.035528004761066,0.8086013637416358,16.24626565142857,4.306417720945649,0.395503842481941,2.695194624347485,129.2975956369567,0,male,urban,0
APP101001,5.904205806293943,0.5979925475280635,23.17805908960863,0.7602421347093757,3.1623221419398675,19.161294740660832,0.7799669513678585,1.0,282.851513854767,1,male,rural,0
APP101002,6.792051357574953,0.638560320799124,22.632492723531538,0.9796232651059374,0.0,21.032523043693118,0.3833659884064052,4.9948556663165675,327.3885070556386,1,male,rural,1
APP101003,9.325537534822146,0.4625257802685715,24.563814929518138,0.8548507483401813,2.987498033605517,18.51122573748437,1.0,7.617168936193179,112.77141937893771,1,female,rural,0
APP101004,7.689662295578214,0.826029573071277,48.22413115412761,0.5804515385000432,11.705081908419784,6.418818947933751,0.5695005621787088,7.017522046214973,38.65576454035735,1,male,rural,0
APP101005,6.517691134132791,0.7478223940504463,26.543948459556816,0.697522857837789,17.251835781602107,17.5768007087795,0.6075742533067245,5.778527175785932,58.9600293171554,1,male,urban,0
APP101006,9.683582924528748,0.8074556105721569,41.21329366453767,0.9764489317234802,2.54716360251349,15.309309149247268,0.7419213618433407,5.178619323437828,182.72727317506374,1,male,rural,1
APP101007,5.238703465161518,0.5243384473248102,32.5323029886235,0.7583228781414377,4.241248546395536,4.49296516971221,0.6161112137740362,6.836071909049987,15.464295083504283,1,female,urban,0
APP101008,5.587604434913361,0.6633949651091089,19.913330209263627,0.6454111599329303,17.853075373580957,12.36154600300699,0.6987107232906418,2.2950548599121734,107.84899410142206,1,male,semi_urban,0
APP101009,6.581419082662793,0.48886587828834227,16.73112026975879,0.9458804829266055,5.341898893566645,7.167085965418423,0.7355190480921361,4.127554967953354,209.28112561840678,1,male,urban,0
APP101010,7.446072548803717,0.71340766530665,33.007374547029244,0.9619647591592944,0.49221823206640325,26.12489725570762,1.0,8.592388060456667,280.36033400426766,1,male,semi_urban,1
APP101011,5.99704194586253,0.6066224231438241,35.657303811582466,0.7275948630728672,18.74097920222552,17.24798484669405,0.6366925934659724,1.0,161.25919837893622,0,female,rural,1
APP101012,4.92062447658404,0.6769623941217745,25.902223680792424,0.7109903363859318,16.65717346408052,2.927626243079464,0.5544075435343596,2.988867806786261,108.44178451338941,0,female,rural,0
APP101013,5.625546497909121,0.42111925536748274,9.551563268459077,0.767296521959961,13.879859675260132,13.122188594150096,0.5238504244391566,7.431980297918356,115.50533420018597,1,other,urban,1
APP101014,8.257542116852733,0.6956479819182864,52.22477729353709,0.9904650252318616,0.0,21.889530794684656,0.7560215706354351,7.397019614178302,479.43045904199425,1,male,semi_urban,1
APP101015,6.121032095151357,0.6453002345946661,12.141311723865048,0.9200739165480133,1.7039032144549928,5.057603154628827,0.8441230152510637,7.563935598529993,207.1088481785343,1,male,rural,1
APP101016,5.609324833157382,0.8349575785486175,20.944936739287016,0.929570717995353,13.91124853867353,19.141508459090236,0.9022550115253594,7.093497256462838,213.4663616578602,1,male,semi_urban,0
APP101017,6.797074218960067,0.5397847839054079,27.37046144091607,0.6143053035874132,10.92819405805832,16.21606201628443,0.7528029005896755,4.8981321800237785,257.29452280385686,1,female,rural,1
APP101018,3.885309431964679,0.5289995637988117,37.91638522318277,0.562229093194258,10.834361884378023,15.526105817990157,0.0,1.0,144.86950435191733,1,male,urban,0
APP101019,8.397200135972586,0.8251547580058063,46.111138355497815,1.0,3.1851003789807018,21.898130205941847,0.4233598075855759,7.893745657008205,243.31272435681385,1,female,urban,1
APP101020,8.653468725512592,0.5373986668627538,13.912822318748209,0.5644750855095055,17.9350917352494,4.347623324149509,0.4924312404607864,1.0,210.2757443302364,0,female,semi_urban,0
APP101021,6.681128232641443,0.7345010060099312,29.76996298584373,0.5222508253900251,15.837621058937692,17.286579709979172,0.6178686581051722,4.828155820240955,165.3251036221596,1,female,semi_urban,1
APP101022,6.070690387065134,0.37581374289614355,28.17670588828621,0.4509479426085819,12.255839337872025,15.301598674959703,0.4999253754399812,4.0375378254423175,209.62549418106775,1,female,rural,1
APP101023,9.301142704846345,0.6831664739385327,51.556742743384234,0.6907895171152899,1.7117005881841818,16.75237839480588,0.9396795667242906,9.369774868222141,160.10779936597066,1,male,urban,0
APP101024,7.55557247841019,0.9584778062841077,31.422749522150177,0.7050124555694757,5.106200758533235,21.42826140088909,0.884438281167884,6.562978496977006,214.8862884433616,0,male,urban,0
APP101025,5.213613430031743,0.7792423841472538,14.631319059684076,0.44828435860638743,19.841860151925108,0.0,0.4931465628412204,1.854617278331165,120.17965503136895,0,female,urban,0
APP101026,5.903772213837334,0.7512864403544484,14.93586451477026,0.7948202821165825,17.247975362311703,18.61775146976911,0.3274783129470243,3.120926639128596,186.10761859872747,1,male,semi_urban,1
APP101027,7.516767393600962,0.8792541484952969,37.929165606318655,0.6994461224564734,8.474437451922837,19.711705979360048,0.48336351222960205,5.347305631677109,144.72199495126372,0,female,urban,1
APP101028,3.359487830884106,0.24206423925445636,23.695298017057098,0.7071099830156881,11.79427187922665,0.0,0.43005292685423907,3.567283543303497,1.0,1,male,urban,0
APP101029,3.623744784617962,0.3820330671384776,1.0,0.3578356288881318,19.562013473114337,8.130152743928804,0.4929451935707424,3.186932080208374,119.6807906687336,0,male,rural,0
APP101030,6.631597792192137,0.6270823920327848,23.669226334938934,0.642467664281796,17.03355575641471,3.754864626660609,0.4345882364654151,5.430916874546812,171.7078214301951,0,female,rural,1
APP101031,4.855876242270798,1.0,22.747930030573098,0.8016714811842777,0.0,14.657013995473653,0.8168892331647832,8.345047389512944,215.51909059109502,0,male,rural,1
APP101032,9.27522604236654,0.6551118610052703,31.69577071557152,0.8489330043732308,6.765235596136861,18.4980631728046,0.3897366122035504,6.042557003758447,360.45205396143683,1,female,urban,0
APP101033,11.796450868752661,0.9154132343937407,26.9515208059985,1.0,10.151079392336788,19.50374899323792,0.38012295305395977,5.403866436660261,261.3871839473475,0,male,urban,1
APP101034,7.150487024039445,0.7497532465150519,16.168359299386644,0.6363745287747331,8.613451097346664,20.932936101682643,0.5099776944019844,3.6393004242858367,158.22447651413214,1,male,semi_urban,1
APP101035,7.672961812780204,0.7317357222365944,39.28374108853166,0.8496196297790687,6.315966031019572,14.23453323673062,0.8288560169995499,6.769700893759173,31.726097273637606,1,female,urban,0
APP101036,9.924295066403001,0.7833176438912356,36.16031001443167,0.5704192185000627,5.8862872369628985,19.155113457271025,0.9869018185073147,4.988976766265797,177.68333538781945,1,male,rural,0
APP101037,3.233824029447357,0.40138365138706567,18.725910211887822,0.7222618255127493,14.004921352612417,14.561902710937577,0.26249481395228974,2.8658214470001435,199.86513968769185,1,male,rural,0
APP101038,9.24298088745879,0.3515296776126498,39.42023508704296,0.587632542844287,0.38116399279211777,16.147230194934778,0.4931072178763165,6.905777143799868,187.23995502762853,1,female,semi_urban,1
APP101039,7.413333986714103,0.9624759508630549,46.02615169008224,0.8709711169543222,5.9969902614456725,18.38414742208446,0.8518897324992217,5.337272893125318,319.21551626699096,1,male,rural,1
APP101040,10.192196097546997,0.5912659822494846,24.350730191178563,0.8760862106984733,10.405744825225712,14.720377637921711,0.5635723227747554,2.3393311339828644,81.48028713992397,1,male,rural,0
APP101041,4.506323706044753,0.27251389149052774,12.769132329584696,0.6922380304895197,10.705443229799444,7.291536912312492,0.6706822279964934,1.0,21.207950190207043,1,female,semi_urban,0
APP101042,5.543006069274497,0.5777430021182398,9.1637311353609,0.26767826850640364,10.680849339722041,11.403532198261061,0.5267602466961434,1.0,1.0,0,female,urban,0
APP101043,5.560155928946519,0.68467009965947,33.78174090021159,0.5699982875340843,8.045752959909128,7.758575537659105,0.6897736349378354,5.6602965910322816,194.2974910911249,0,female,urban,0
APP101044,9.556179399861234,0.7659265310799092,24.885490296218755,0.7771254880878286,4.869442978792479,8.385602552497097,0.4651463187104985,5.809800604813941,153.98520031921973,0,male,urban,0
APP101045,6.0156157689516725,0.8529667615704246,25.793863447986748,0.8120548192081071,12.756773536943243,8.972068385915655,0.6985834787855729,4.192932929720746,99.2499190243817,0,other,rural,1
APP101046,8.32058072333672,0.533681880764433,31.346649572755812,0.7343607444877049,4.0782551593635965,2.867331449909557,0.9168698441056633,2.6958903982280695,252.95084993260363,0,male,semi_urban,0
APP101047,6.817174017098931,0.49389655689448275,41.575485158313356,0.31054570167119205,11.565183046365034,18.675901036739408,0.5777670199104601,6.83546300878389,198.34472669716496,1,male,rural,0
APP101048,6.36438742629971,0.5693893419939438,23.29036634543985,0.8115515154433508,9.027186033561804,6.355808319210066,0.5397432571985649,5.224589049126956,178.53495297997588,1,female,rural,0
APP101049,5.573115669524808,0.7052196654721176,16.68315516095905,0.7986594010710368,8.600000904458078,7.905705598052618,0.4371130765139938,2.3973974767318893,148.05213532665593,0,male,rural,0
APP101050,3.94001229236478,0.24730622218881376,37.073171593363405,0.5951008077874056,19.662065629420574,15.925034051585914,0.23808717357280965,5.628285654950405,30.169673069894685,0,female,urban,0
APP101051,3.4434681760237043,0.7407344598586765,45.23333227256133,0.7834781386383102,6.5934597762962746,15.365740293504935,0.5120375168886007,6.705279330647785,339.39980601333025,0,female,rural,1
APP101052,10.05545972036733,0.9360763775170942,50.51147941102962,0.9087494238735118,1.2839692315922107,22.384927307289697,0.6365492231584828,8.561190935400878,273.1001213854278,1,male,urban,1
APP101053,4.748932284954303,0.7324411970841028,15.886278160649434,0.8302307417990166,7.7159609514446,2.837673573693629,0.2768708322809562,1.892307180401097,158.2302990316786,0,male,semi_urban,0
APP101054,9.753469502677582,0.872888856869236,29.99613788198754,0.8375133240820792,7.364161973735229,25.322003340045217,0.5017334409011952,4.299615592406987,294.4161484002207,1,male,semi_urban,1
APP101055,6.699072401702831,0.8042184613587867,6.687609965307935,0.6341882344403481,14.066045886439428,11.630428941398588,0.2137327857655021,1.7552298065009504,83.53526596442136,1,male,urban,0
APP101056,10.303052235343435,0.3881003982768622,48.66517126142202,0.8949280468084261,10.847551000316589,14.917418462453,0.6578456282293799,12.16962270315108,455.8085767245028,1,female,semi_urban,0
APP101057,9.304430877745109,1.0,37.37952408920143,0.8059529256220305,4.591337151383737,13.576853725345076,0.8430865253890952,5.813643241559298,262.6436827366024,1,male,urban,1
APP101058,3.5805829939521,0.7680691273473996,13.65687581771014,0.7458593537047157,6.213551405568715,24.37529856292072,0.6256576458766704,6.500514637938013,226.88697103549723,1,male,rural,0
APP101059,6.036509626717412,0.7744754375747285,30.703473234860233,0.31868355951342514,13.055050633060254,5.783001976303585,0.44604929687822614,4.404780856625661,78.5816835914278,1,female,semi_urban,0
APP101060,4.5928812191495325,0.3976977916344111,15.276857143065214,0.6615543229701623,13.249369611990778,3.7116757771175912,0.6073829342575437,3.4362129859009927,218.91725696215073,1,female,semi_urban,0
APP101061,8.372867772600081,0.4119493727582237,25.611301543152265,0.8726195816932267,5.013897612652394,11.585822668046784,0.8721240240562445,5.19196695319835,298.5629375529731,1,male,semi_urban,1
APP101062,6.2346276123431235,0.8578110773933743,4.957205247816848,0.7541421422882495,19.167155037191918,9.719583236333326,0.8533175677260941,3.4439905984732277,141.63723606998943,1,male,urban,0
APP101063,9.167587567740103,0.6452306588598521,42.50078847081436,0.9623837712041984,5.163796092346508,19.969543909228868,0.7769377877725928,8.644070978410792,141.23233967184478,0,male,semi_urban,1
APP101064,5.844616349346507,0.6035713671656288,30.535583515221617,0.6610231940334375,12.416745444292026,14.731723136875118,0.5454781949541916,2.9243679803029488,157.84737873976275,0,male,urban,0
APP101065,6.216804138706632,0.8181657578605945,33.03440503064999,0.7907799359915243,8.755608159418088,18.126183286091774,0.6368476006499793,5.899877037621243,233.4365388863345,1,male,rural,0
APP101066,6.748842318089087,0.8424778494796024,28.20665720041604,0.9335733613181016,9.090595128366118,19.562936097470068,0.7718612790738942,1.9234228705320886,189.26056151092186,1,female,rural,1
APP101067,6.154925725219394,0.9854133853973639,67.39326109013243,0.9942104527879532,0.0,19.81881432620494,0.7811177859682191,4.746925298860955,214.23846205537268,1,male,rural,1
APP101068,5.203356900914539,0.6727660919575874,12.499557656753229,0.8796188756959227,10.093961747426787,22.32380580745109,0.5511633163225901,2.1890649642282716,24.56217384596698,1,female,rural,0
APP101069,4.721096372786775,0.5363426180142059,22.289640210608443,0.6178926598200289,19.596606400578548,12.282249334225366,0.6301408298076594,7.597273650147088,338.2695974648319,0,female,urban,0
APP101070,5.156044478281325,0.826838607136836,38.9585014819422,0.6466057821811814,15.206313660626186,22.804154471267953,0.5347341584602822,5.871469355134527,292.3765002027451,1,male,semi_urban,1
APP101071,6.492187914121682,0.7628813846788447,15.760418493062872,0.6239249745154999,10.377609135687893,9.729836942869474,0.24329301161479883,6.4847744119195765,178.9740655004864,1,female,rural,0
APP101072,7.4593654499674225,0.40496423570283263,17.067683078740806,0.5579170047824007,6.962996316597739,6.722136996460038,0.5211388546386758,6.314160334665263,134.4350325147749,1,female,semi_urban,1
APP101073,6.027783435316373,0.8511676366199493,35.76802839776852,0.45744225796074767,0.0,3.582802267368546,0.7915780346516238,5.2874902624904605,196.18360241459158,0,female,semi_urban,0
APP101074,6.707018250140213,0.357285591192478,38.7831412262958,0.829435883620234,4.451176441215463,18.037100403326047,0.8995050820748143,4.718764177169682,251.13194809970764,1,male,semi_urban,0
APP101075,5.828119939931552,0.8717778243750733,36.336772870682424,0.8037749729158326,7.026362701128034,21.640568902504725,0.811736733264347,6.482184428670651,186.35804747707448,0,male,semi_urban,0
APP101076,6.97331298579018,0.6348236697471428,34.51286333639915,0.7956165694105112,5.365511925415709,10.741901221759912,0.6133659194119896,7.107763517491478,267.5270206611914,1,female,semi_urban,1
APP101077,8.20196647579741,0.9681798247017995,37.69027226196556,0.9607093642705022,1.0792188086213452,18.73019778771722,0.7343647132302569,13.64842619951092,377.87968063792937,1,male,urban,1
APP101078,7.505561984021994,0.8165163372751444,31.07213754536903,0.5504288529734211,9.71260452247982,18.930001378636867,0.9436734763120593,6.10771999700988,301.8524664778263,1,female,semi_urban,1
APP101079,3.2308643428498676,0.595309084595355,20.288223871181,0.5414792775218863,6.467510035454532,10.031163371543558,0.3636273531813424,5.48198826774558,55.72582564096349,1,female,semi_urban,0
APP101080,7.713120517094605,0.7450726058927821,36.42902843026998,0.6555655446509708,10.15392223114424,10.942244062488495,0.6276717010037108,5.300433490483844,231.87050824118793,1,female,semi_urban,0
APP101081,4.229772769850934,0.5590539985521948,22.740490373652342,0.5882998654229991,11.927960287414187,2.204753336954747,0.7434506567255447,2.035924132029858,219.9972476745164,1,male,urban,0
APP101082,6.64949278878434,0.7460997865429072,15.232209974748612,0.43741860518651243,5.7232317379565725,13.495736147891023,0.5923509147850688,6.519212980091331,190.92854014653628,1,female,rural,0
APP101083,10.728546952376679,1.0,52.281706031168056,0.7656598692711318,10.775857961868596,26.25703712309456,0.8057877907887375,12.980120620644318,528.6245817049503,1,female,rural,0
APP101084,8.136802383541134,0.5418138887810777,17.084915864516162,0.7079029367354572,10.234058618375041,19.608734185765453,0.8777254941543441,7.384004807721049,226.0143495089607,1,female,urban,0
APP101085,7.467080587730374,0.1730040776981565,22.40612393065623,0.8288720905151065,5.775090107965699,12.693869304463297,0.5998343392249725,3.6584527815056846,18.824504410640827,1,male,rural,1
APP101086,6.244630872931953,0.7939548444389836,32.64705483244185,0.9401247758145698,5.115545965970551,17.536775004636485,0.8748081342206743,10.061102111813339,250.82894807097563,1,female,rural,1
APP101087,4.25946972119454,0.49397976279625366,9.42149385579499,0.7281415331527511,5.722261171774459,9.901955494374807,0.7104364857548602,3.890523330560367,49.70049379435852,0,male,rural,1
APP101088,8.406088840465507,0.6267963630424294,47.77470582208694,0.687995867492782,5.262498485510333,15.370720238758128,0.2475507061837704,10.10164020479884,247.84588556899945,1,female,rural,1
APP101089,9.585867267745545,0.6825023542622723,26.225396297413347,0.861800056026597,10.386462063738918,14.507334119220596,0.8556612507522712,9.913703008820695,375.96598912303494,1,male,semi_urban,1
APP101090,11.28980655394424,0.9320059024213752,30.91072937377247,0.9136447617898481,6.217647179899869,18.54533112391767,0.6614779482471235,6.155643860917842,298.1049540178988,0,female,urban,1
APP101091,8.031847760571065,0.3911523843257828,25.95567995690533,0.5840641554947779,12.913673486864882,11.749741830360435,0.4918562559843894,6.516422753346461,160.09742983107665,1,female,urban,1
APP101092,6.2172243514093255,0.6854720091738069,17.906989299345703,0.5388788886900936,15.809889387591156,10.50158534527957,0.5642631399574893,5.907834877700873,320.7485936471818,0,female,urban,0
APP101093,5.859111468930475,0.7449084691624022,26.978053691225863,0.4443131412968763,12.836538622613979,2.6542598960808252,0.48510269088708974,6.8535650062282345,97.05601160733987,1,male,semi_urban,1
APP101094,4.968598579243039,0.7078869959789934,40.73303621991392,0.5907816724677022,8.055143389818806,9.819086420585958,0.6347997137838207,6.0981262975981485,173.7541971254674,0,female,urban,1
APP101095,6.8972341019258305,0.813801288055802,40.21196027800643,0.8962491097620096,11.256480338369808,13.50210682164278,0.7587169515094015,8.831196727178995,199.82940868096006,1,female,urban,0
APP101096,5.047205471655442,0.7530284773184189,17.270631505763866,0.8135693089834927,2.6828785297322657,13.328388726145766,0.5688163257336842,5.094014530695054,37.33051211723587,0,male,semi_urban,0
APP101097,5.358276443198302,0.657911474456593,24.15170659661734,0.552637732149216,6.416942771534426,25.485751135074104,0.6040580133273308,4.488778784635677,1.0,0,other,urban,1
APP101098,4.927083652938176,0.6016648595778019,31.133601745156493,0.4127836480814857,9.137867878185528,13.351793598193154,0.5744090864844736,5.341224379960842,291.9157039741207,1,male,urban,0
APP101099,8.01852458986289,0.8006995463657178,38.84685591308269,0.8952036091624079,9.767605716300235,10.39736210700709,0.6699900393799213,6.32297687480274,162.03003940469662,1,other,rural,1
APP101100,8.91626437429716,0.7481419261140526,26.435356541108,0.6882426644286184,7.8419590970370745,12.101819394485904,0.6095176368105821,5.844512245005867,156.02982697852883,1,female,semi_urban,0
APP101101,7.7258947766023995,0.7885194614666137,29.56214774611616,0.47239369860095415,0.652340956934804,12.80653870144513,0.45247177275671635,5.260230942549818,215.05370828252128,1,male,semi_urban,1
APP101102,8.359633118751406,0.5660252997602209,44.675403640737485,0.3966263279980632,0.0,24.92718767421396,0.9941227682354997,7.8285207603072156,195.0637467741994,1,male,semi_urban,1
APP101103,6.591601537751796,0.5438408229873651,17.50108405805307,0.4357802738196691,12.161567132354303,14.779137164323341,0.47554622171322886,3.0641960903032124,38.430630664990616,1,female,rural,0
APP101104,6.141602840054432,0.44830319287280374,15.67738317481253,0.5521801104311022,8.827327000522141,17.360510980745257,0.47462911792431645,4.15497024746177,139.12424126817794,1,female,urban,0
APP101105,7.242129388718751,0.8043571183334047,39.24507147096077,0.5749913058037784,2.742680198383237,18.69676573437772,0.7346420783333903,2.8420890924418116,185.71399075972445,1,female,semi_urban,0
APP101106,5.25517084045524,0.7029967042957541,23.37708418936117,0.7095250746332424,6.323982059754801,9.69555330502579,0.5002844407293554,5.928669039816588,15.662097764572437,1,other,semi_urban,0
APP101107,6.14421468407091,0.6217797572299913,5.854952188547323,0.5614241929597099,9.965922160637701,20.56409299847352,0.7900707011324701,5.954691399334517,236.85301910037276,1,male,rural,0
APP101108,8.68158712796022,0.6376089989631893,25.971572466257182,0.7797343875119003,12.866334503853853,15.612448816766587,0.8429514705137924,5.717006107949964,203.46822314670518,1,female,urban,1
APP101109,8.144797254929118,0.8518973390065467,30.805036686421623,1.0,6.486954167485744,18.390038271323924,0.7418820249738804,8.429445245807193,269.07213467503766,1,male,rural,1
APP101110,5.810109876017551,0.6735299239432586,27.40515086682675,0.7353250003465828,14.804943421684559,13.458628051789137,0.7827325971736435,4.8541060393562745,210.2611481556698,1,male,urban,0
APP101111,6.201367613515122,0.9384130511295388,44.23932386029219,0.7351706762062759,5.274534828148765,5.565694197387186,0.7158440724557797,5.472580415536435,315.59748029312203,0,female,semi_urban,1
APP101112,6.4273794409730245,0.8971778560591248,55.8343998517785,0.6337001021917685,12.623990101653822,17.92053086425856,0.3909268238977138,5.373971203870994,190.2023571839582,0,female,semi_urban,0
APP101113,7.336151592743886,0.8296516419098316,3.570838837068681,0.8023402786171207,15.476121779349231,17.354845272460565,0.757911375665159,8.452146655626974,117.02495555445917,0,male,semi_urban,0
APP101114,7.131556087652206,0.7749822811823743,36.651593921092626,0.851856885397679,5.807698670408847,5.154135662605805,0.4150377083851754,7.361423436215086,344.6612961236593,1,female,rural,1
APP101115,6.090043145287883,1.0,35.424170679110624,0.6335706967754724,6.291074502338009,22.635609014158454,0.18814263362514871,5.49898291686205,206.80734035628717,1,female,semi_urban,1
APP101116,9.538304770098001,0.7802318498849903,32.16624468009529,0.7129663430749974,4.5832480910041395,15.689003791428433,0.8098541622404428,6.178849791710838,169.84565157604902,1,male,semi_urban,1
APP101117,6.261147143278368,0.4750035983701736,21.648836827547765,0.4526436753801234,16.3216373283915,12.286864275355136,0.5251377067658001,4.635748228388558,8.579857459739728,1,female,rural,0
APP101118,4.288112778963749,0.6166441032295225,33.11295258833879,0.7027918438529538,11.883279601301647,16.27620883351384,0.7289443341090671,7.167463033097688,12.543429980985508,0,male,urban,1
APP101119,11.257262125683079,0.7443339483465179,39.87298668788882,1.0,4.511329252040312,15.706262894845416,1.0,10.91612728274404,267.63146384425175,1,female,semi_urban,1
APP101120,7.519006251832354,0.7545425344218663,35.287246325587354,0.8800523742667778,4.9103602636528585,17.90666741412833,0.7156650846920459,7.896874076918717,287.322744831774,0,male,semi_urban,1
APP101121,5.5644962681391705,0.6547640656309041,25.242760535921434,0.583999282380627,4.515845667809695,4.7727900326902155,0.4498887654464777,5.2476847268956845,1.407689136533918,0,female,rural,0
APP101122,10.75004218242508,0.6239069652335216,46.87095819922279,1.0,2.9915333235202572,15.694600187089224,0.93972160754159,12.749601932409307,465.9094848057796,1,male,rural,1
APP101123,9.950227629696963,0.6640890741817426,34.714839774717156,0.7886271494441738,5.940252388531668,20.906543169989106,0.5822159000806759,3.923919136308307,31.910175777197253,1,female,semi_urban,0
APP101124,10.067687831922656,0.8361536457157335,33.545863148598016,0.5965466882227387,5.532070692603606,22.169027680121303,0.7445661111662378,12.898807169408556,217.6820087962393,1,female,urban,1
APP101125,6.2206163406946215,0.7204819798587178,51.34585238586338,0.8890249991368042,11.246129783833759,18.684745860977817,0.5928084937219438,6.3517427527026316,19.07485994400176,0,female,rural,0
APP101126,6.997893685347062,0.8335352348414642,45.963261400691856,0.8561417626701242,11.052213085521199,19.899257452173625,0.871660796357297,13.998417231217026,395.69431954812273,1,female,rural,1
APP101127,4.03084182328039,0.741355524024751,38.045769628906356,0.3918602053517134,4.354174918331296,10.419448213303365,0.6058954064512341,4.1270822537403875,272.23409862545475,1,female,urban,0
APP101128,8.746804081975087,0.5428593505139735,27.49936951201944,0.5172734936572424,0.0,19.625907661590976,0.6122252437831923,7.337657230677438,207.53477621110403,0,male,urban,1
APP101129,7.7746966406450815,0.48067539748359567,24.4656436737989,0.8012766473394977,5.176803705875461,6.703760588448129,0.37881643058674197,4.6676212702264435,20.122734698649026,0,male,urban,0
APP101130,5.25963750146289,0.6563110439220532,28.70570952432518,0.44861042576538335,6.041473884624137,11.721041703727728,0.48872416152737613,7.075886662884196,76.21853822176058,0,male,urban,0
APP101131,8.282964302934575,0.8890916172813439,21.00630761610736,1.0,9.472222607818725,23.250924675771696,1.0,9.189688342679867,316.88060045005864,1,male,urban,1
APP101132,7.390807925831252,0.8164759443879082,30.19363294699416,0.829160145209813,0.0,18.459294356530616,0.7123890461459295,8.351079819865632,210.48279484308685,1,female,rural,1
APP101133,6.268486740660007,0.5822987987419265,23.514587576206623,0.8429093870667341,1.8442030377941698,13.037467945681808,0.6904157932619561,7.750293140872101,166.633071544616,1,male,urban,1
APP101134,8.42067831939907,0.6517314705385123,22.844851598187972,0.6720967784259463,10.516979122164717,7.347477829863592,0.4103280115150416,5.530696163847944,193.7738471428139,1,female,rural,0
APP101135,4.360743308053951,0.7289879920264203,1.5007103019300398,0.5809934990576059,19.169102040133204,9.795069058306385,0.7872469407208378,1.012585765240475,24.527308433800968,1,female,urban,0
APP101136,5.632347561059399,0.7133797367663445,24.29525053192687,0.6956937075279598,2.642871237585963,9.744915796490341,0.4354565039831268,5.54131895043666,1.3365480190247752,1,female,rural,1
APP101137,10.273665449740609,0.6281124047615425,39.69789865283438,0.6657743848530236,0.8024937160014769,15.715082829965098,0.41435430450124533,4.014225409868787,54.58878364618131,1,female,urban,0
APP101138,4.260603472068896,0.506940140447402,27.778295920821975,0.5211018017087703,5.438769087806861,15.470745636075947,0.5918421821932053,4.965249598652366,63.010873331654324,1,male,urban,0
APP101139,7.229977055556762,0.553535027983194,14.635958043159343,0.7343875388549179,12.667886319621203,18.483470009022007,0.4668039865290726,2.3285950803070015,114.9268887465161,0,female,urban,0
APP101140,4.544153702604717,0.6421632963593116,14.396687750188748,0.3862679701449217,10.775017593694079,10.880895363899796,0.631215622541877,4.93534666077192,173.98954500409837,0,female,semi_urban,1
APP101141,4.771530549456325,0.6085711219531802,14.275603652591212,0.715301637562929,8.898863661226558,6.620359012646848,0.2572272920343344,1.4862925078714204,114.78594926428174,1,female,semi_urban,0
APP101142,8.879831932987857,0.8952928071848237,25.785180992143435,0.8788148324290251,7.831111626332178,14.981572110181922,0.9586302328067354,8.143211298580121,399.63734790076296,1,female,semi_urban,1
APP101143,7.764758686851334,0.7247221781515686,30.031761484000754,0.7569693592678151,9.793174701397485,10.612962984611402,0.7491343085171724,3.158431599899077,58.26088739773836,1,male,semi_urban,0
APP101144,5.285156443598008,0.5562598314156667,35.59256441570504,0.23323371046619146,10.549187323761569,12.29558159215322,0.5219420064684535,4.197241955014792,171.42386785467517,1,female,semi_urban,1
APP101145,5.901716791228896,0.5868101942860569,20.95379150021956,0.5150503647122233,1.2065978396952488,9.088524181150271,0.3560169523980036,7.068930570783307,111.81233263174663,0,female,rural,1
APP101146,5.541564674997786,0.9377278204579866,24.52249299809793,0.571149495175954,6.573625233142784,13.112909300097346,0.44151137052034,3.4219087260094243,335.8063512251256,0,male,urban,1
APP101147,3.388542569126627,0.48376134161604334,13.761222714758283,0.6766871055079678,22.431537405051962,15.698032119329792,0.4934181407949184,1.4780483987443191,100.8922150742284,0,male,urban,0
APP101148,5.926847711266851,0.37146997958060346,11.574019536007693,0.4319570850792266,11.035640686585866,6.035215487798048,0.29995525567304604,4.867792536144094,58.375040480767765,1,other,semi_urban,0
APP101149,5.682073932960573,0.33819720341131515,21.45619493995102,0.9767059914041831,7.275863044061298,2.628393710526317,0.3478325634540558,5.50665036526412,147.6907498429064,0,female,rural,0
APP101150,6.744036611576533,0.5864405739041404,17.914646656508296,0.6173493764426373,8.209081407436132,9.90393958717794,0.7316684982001531,5.636220257362918,182.299927438367,1,male,rural,0
APP101151,6.4957772754654535,0.8143370250510296,19.51654615069068,0.5426075576999829,9.52854208044075,6.553672674958581,0.6399118700050386,4.535883601688486,155.8095452454914,0,female,rural,0
APP101152,7.614835294001481,0.6738846621879291,19.231999583725514,0.7647839368989134,10.30703091439827,24.684958459473705,0.7438456299570052,5.946164674295626,308.66169286740944,1,male,urban,1
APP101153,8.7996285323077,0.9240423829555842,30.86325042715501,0.5850749828611188,11.020893142200773,15.545016761982373,0.7321379159677889,5.385332591914929,347.7456871457978,1,male,rural,0
APP101154,7.89419930490531,0.6563424082072024,36.83921154754575,0.49946274709130545,6.106807559672925,9.229463330156069,0.5722198719108472,5.030364778603358,260.7114319495166,0,female,urban,0
APP101155,8.383683672982873,0.8171992295924307,32.641984647661126,0.8212581536326325,16.081090983353306,9.738995076013325,0.5795310287354203,1.564456466971461,159.6734875997512,1,female,urban,1
APP101156,7.455997066009281,0.5794821993718969,44.30256654007894,0.7942690071100175,12.313528879964448,8.74645309349835,0.7098233007380651,3.8965079288599522,364.7549916923206,0,female,urban,1
APP101157,7.796944828932046,0.5065307366086258,15.86253757439777,0.7100178157518469,8.64911851323706,15.948863182946415,0.6686765196706668,6.859006001921102,191.7870762801672,1,female,rural,0
APP101158,5.924530145661301,0.6835671291822907,35.80001850518508,0.882662021330705,8.41214914623987,22.68149473452774,0.6871032966019324,5.813061485476701,88.63784293938875,0,male,rural,1
APP101159,7.9559993035094925,0.8562016654665005,26.517335711207554,0.8922965720522646,8.06969912279414,11.720459261572916,0.9738312995244609,10.13033042581826,277.80583185551023,0,female,urban,1
APP101160,9.241541176393422,0.703082416673139,39.785926732501835,0.5985556929258151,12.326107351204893,21.712604932614546,0.691102058812294,8.629872703301896,212.93665427427777,1,male,urban,1
APP101161,8.35145808054528,0.7496248691457792,46.95982742883391,0.837770970580623,0.20523402047308092,14.058498892181289,0.4551180754998222,5.490193507009564,165.59081776029504,1,male,rural,1
APP101162,5.688830091778106,0.7299066064942316,29.730849244023847,0.4903451191604238,10.395069585475117,18.419137444524566,0.7402827261386266,4.23797320069013,194.51867121724246,0,female,rural,0
APP101163,5.726354943528225,0.5066403012045143,48.39256995478416,0.6754748699711992,7.154311446605598,6.8166668882682675,0.6378822627469186,8.327448936982716,55.67613096274587,1,female,urban,1
APP101164,8.213312891831686,0.7501433294429886,33.128235233162506,0.8320867229722377,1.6018920631071225,21.191170838959334,0.6613014296678347,9.54297780712505,430.2438891315096,1,female,rural,1
APP101165,7.940647284228396,0.7533942837172998,40.465389021729905,0.8505192149349305,0.5291108619180092,19.52033576822997,0.9208482423559701,10.598763771592456,363.4718814007304,1,female,semi_urban,1
APP101166,10.538211836762276,0.6929121172254874,26.551902726437977,0.5276817733695955,11.05181661914936,21.466967272279295,0.784903805604867,7.241552592833633,91.8474051593997,1,other,semi_urban,1
APP101167,6.862937533995699,0.6758900971921572,22.685157896850733,0.48407506070324596,13.653345240823024,11.048631281830252,0.35176087659497507,4.582328539108352,200.1513958701095,1,other,semi_urban,0
APP101168,6.289003403848706,0.653474069324584,35.32406182395401,0.7544652473227054,17.51143595433441,16.570904298522105,0.7870851484297738,6.072728319478109,271.7884412297989,1,female,rural,0
APP101169,5.091489908205341,0.3765034445150821,28.214208721541105,0.607820219624724,5.9467578039849975,13.33332168503324,0.902728893433058,5.438364840610348,324.8257130828456,1,female,urban,0
APP101170,8.356821325986747,0.8328082846690898,40.40435794692231,1.0,2.7956594855591583,31.22579848595428,0.9089002991583782,7.994434922208351,491.37829645889434,0,male,urban,1
APP101171,6.467583287239069,0.5607271716404911,26.92776926256777,0.942559450837318,8.83491858535655,15.144535240046856,0.6370575347009895,6.2581903742895655,395.61909945351454,1,male,semi_urban,0
APP101172,5.347025212852439,0.6809215174139306,25.034160741123113,0.4517227878455132,15.753910151868828,14.645002248642957,0.28270132286274,3.809416096854883,114.85274102417333,1,male,semi_urban,0
APP101173,10.331011524923941,0.9314673346848988,38.362281428114024,0.8584025962071974,10.920616214671988,23.67320599023031,1.0,7.294775291371939,341.63300067615046,1,male,rural,1
APP101174,6.131233785410423,0.41250961249249024,21.96802468295087,1.0,7.112370057024815,21.380742609183798,0.6208733950188245,8.356974613176103,195.81612720941558,0,female,rural,1
APP101175,7.584422014061707,0.3938729326134104,1.0,0.49112602522694054,9.175851833631206,0.4266349242019656,0.2013114045258184,1.0,155.56442412766444,1,male,semi_urban,0
APP101176,6.242542611611864,0.7968388179698708,27.9900729318203,0.7132650512161557,2.911458460338854,20.727508554524903,0.7214178181685964,7.551531662280631,48.3443527968866,1,male,semi_urban,1
APP101177,5.427960057306441,0.524770839982988,19.426502556525413,0.8946480180881581,7.45006422718855,18.489452694187104,0.8463649830701805,4.878661416288795,122.29037569141285,1,male,semi_urban,0
APP101178,11.595467536045685,0.9549331514477302,34.02236190306887,0.8385955026216889,8.80011837396785,15.929418324014028,1.0,7.054977370739472,274.101997714875,0,female,urban,1
APP101179,7.320586562597403,0.7466443577521312,15.799166467112425,0.7910332646870788,4.6443294485358155,8.400365322797159,0.4107256547782847,2.260655325783575,121.51604109603065,0,female,semi_urban,0
APP101180,6.524188092523068,0.6622117408598477,27.32527600603966,0.6206163674264308,2.6219929340181114,25.79710217016381,0.6183637472865408,6.6719592455672725,214.59830322727365,1,female,semi_urban,1
APP101181,6.586346042413022,0.5182030980539851,17.42602709921482,0.5798878776081688,14.085623114042802,9.755459700331047,0.5679242169055497,1.0,275.40919920686224,1,male,semi_urban,0
APP101182,5.656008845335656,0.22315853395754537,40.188942081710806,0.6969851075655527,6.090835345586425,6.648935061647959,0.6336632936248999,3.7322744567838777,53.80102411910857,0,male,rural,0
APP101183,6.104946472081921,0.7487623161452707,10.788236637819836,0.6575723956947906,4.941837519228743,13.58647659279425,0.6472482718884559,4.624078016914648,38.7003443009509,0,female,urban,0
APP101184,6.453400257746592,1.0,50.480841972117815,0.8461198759768571,10.420408279450134,16.956045870050236,0.8071036594268461,5.9238344679565245,245.02688494807526,1,female,semi_urban,0
APP101185,3.143703883757146,0.9604579902673746,27.574247849611055,0.4285993776936155,7.204530060849802,15.257781408417056,0.7761118558958915,6.186628228510391,148.7875238924511,0,female,rural,1
APP101186,7.804414696627959,0.8088542370506299,35.853759907272575,0.8273507986250097,1.6774308328721637,19.660467582077793,0.6183151600288908,6.335501899846111,363.36411629487674,1,male,semi_urban,1
APP101187,7.71686897614649,0.4022744512816532,23.831584258453123,0.7040534203552627,19.525315270064453,10.320721753527378,0.5458509647141668,3.2359865023257495,246.8820110820591,1,male,urban,0
APP101188,10.788737248832422,0.892684766932049,31.50492645577122,0.6828647772855796,0.338677069133384,18.04262072166466,0.7670408661740125,4.838844626043777,389.43151183568216,1,female,semi_urban,1
APP101189,8.712974317498624,0.8213516678596686,34.56473172102817,0.9880299421637526,0.0,31.77906319219625,0.8179764774399815,12.908310319642275,413.33632909590324,1,female,rural,1
APP101190,4.421338299387376,0.6956054007580383,41.047806821523366,0.6795698207853307,18.810065103532633,11.424316908089994,0.517405891716516,6.200524494710797,101.6545023449255,0,female,urban,0
APP101191,9.548003365099689,0.8874675245282497,20.840328750351013,0.854854349035737,4.194694612061742,20.989683842932664,0.8476909033733842,9.334028166626725,301.9843154456395,1,male,semi_urban,0
APP101192,7.053464640999376,0.6736167094802269,23.921218831869055,0.8832876630252634,12.810207106224398,18.13049074341761,0.5140545231239917,3.282965305807086,217.96463387041476,0,male,semi_urban,0
APP101193,8.908229995210366,0.9214204516069984,37.94362050255692,0.7495596998582096,4.094561285450558,11.4017467124362,1.0,6.791808765624597,191.00133291210147,0,female,urban,1
APP101194,4.527042670850423,0.9476892566950473,51.985739502416784,0.7832968719515283,4.392641247963795,27.85056501539613,0.9636449424407464,7.288397644774299,214.90724812879057,1,male,semi_urban,0
APP101195,12.20099357314659,0.6525541337871887,28.80184680599825,0.7281564896532503,3.3976663059677916,11.605460640728458,0.8526331030544096,7.1029469450622,266.92049993052154,1,male,semi_urban,1
APP101196,6.691394336110559,0.4277119515617101,44.566246447620685,0.586529911253148,14.274341392135387,14.27117921255537,0.4032719288739261,4.120676627049246,1.0,1,female,semi_urban,0
APP101197,5.929421184717795,0.27354707342262474,32.94849105544625,0.7820098908317635,13.96235892993429,19.7037711828092,0.44193914383884036,5.418040517408897,269.64525510159626,1,female,rural,0
APP101198,5.7036986387881825,0.6335034682536617,5.015562396632074,0.48772285215630373,9.489941022732395,11.642352203030631,0.5999917630798737,6.393167320543485,162.9336422544017,1,male,urban,1
APP101199,9.580097954813272,0.6092771871362245,22.058009192487567,0.9376422462677338,10.73987516482951,16.515233478893116,0.7587188981192929,7.125818521508115,313.60680135240267,1,male,urban,0
APP101200,5.974275816289218,0.6449584640987237,21.756443370342144,0.6025535021858797,15.439215901254645,8.558056242267236,0.2853401526846151,4.326504023820038,140.17250468395835,1,male,semi_urban,0
APP101201,8.415139367114792,0.7347478354440538,26.222846236808863,0.903874047099927,0.0,22.364125724821786,0.8284063663048836,6.426689358124858,386.72298454506955,1,male,urban,1
APP101202,10.035300045750446,0.8224055754746877,49.56512101815248,1.0,1.7980843928126664,17.83570295565448,1.0,7.00339968864948,135.8535409299371,1,female,semi_urban,0
APP101203,7.74470971386013,0.8827141890425856,30.94543688853426,0.7167851238416557,3.625852094878395,17.499832901386227,0.3907974841262884,10.914146929969592,369.1291782942384,1,female,semi_urban,1
APP101204,4.8838187793143675,0.5783232273876227,1.7258882456435813,0.3373763178670551,18.11144472441194,4.36962742496854,0.2883635641803126,3.2067133552143314,185.48101899950706,0,female,urban,0
APP101205,10.128883140016885,0.8184524152486101,32.59013944207463,0.9070202690427642,5.549479978364002,16.041234075339165,1.0,12.331291648704205,337.2773913689723,1,female,rural,1
APP101206,6.556738027623767,0.8890813658236706,32.76971234980127,0.705957229195826,10.872800328512845,6.580854357874911,0.6262416899971982,4.172867791159206,209.00588833881156,1,male,semi_urban,0
APP101207,6.881928224702882,0.7737586959312889,6.44373682424197,0.8141573027003393,14.361671280869519,13.793052563138529,0.4738470169990199,10.082160729234143,235.95117977412218,0,male,rural,1
APP101208,10.954294703971863,0.7619545055487182,51.64277527658618,0.7841188262142981,0.0,21.769308449697665,0.9157213213629695,8.645881589850273,222.15199649303915,1,female,urban,0
APP101209,3.2343242926114186,0.5529776748897873,32.52527855851339,0.4977328422225471,8.181050612910008,6.613397115897261,0.44669987682024564,6.465233045652484,146.37189373523887,1,female,rural,0
APP101210,3.4756449835806404,0.6630881807868244,12.720742370564155,0.32048950213802885,10.839472045201301,7.637771479263249,0.42062080053120876,2.9623310167382413,173.7249193024726,1,male,semi_urban,1
APP101211,7.0836120963946785,0.733344925918466,16.218199976132734,0.523158800725049,9.156539452451495,11.911139754779981,0.482815987224559,6.388206531197522,51.30287951347333,1,male,rural,0
APP101212,8.417447411633436,0.6993092958517233,50.63213480715442,0.8510243257573151,4.9021371601606205,29.909617675901888,0.861891274878247,9.119265078566565,378.0052150105385,1,female,semi_urban,1
APP101213,5.8882662447968,0.7996945961108913,22.030297141213868,0.6686858885243359,9.201392657800152,12.759474090937834,0.7595881276216194,4.324148130013209,191.95159135997199,0,male,rural,0
APP101214,9.334156805277996,0.915421105425727,17.26408797828687,1.0,0.48593103665017434,21.82948869295207,0.6119196505747451,8.497210055132978,286.58868593768193,0,male,urban,1
APP101215,6.895559020776346,0.8851426956484056,49.80549516973821,0.4800386637707436,9.756156147296274,6.933270187887839,0.7567365399617252,6.140965079201681,101.47829550390728,1,male,semi_urban,0
APP101216,4.486092684740997,0.9467396319813001,22.535322398650578,0.7925533910508522,8.103854306124397,17.38019321061141,0.6616726203434807,7.967418967619452,154.56643273069398,1,other,urban,1
APP101217,5.572882062248896,0.9575726965169029,10.525859070201081,0.5567017212233362,2.504677252273919,15.340042643015423,0.7458422886687157,6.751447835747821,44.74236541915772,1,male,semi_urban,1
APP101218,6.704556442196739,0.9339863006981639,30.55482828405129,0.729734009619024,7.415754970646903,13.035205422900775,0.5486599371666652,8.31852631847298,64.24974436627014,1,male,semi_urban,0
APP101219,7.376656222578637,0.7722407288569014,31.224257180528234,0.6657987633155747,9.130171590288667,13.362805787321978,0.9096798018551415,7.265172076736985,300.6375892232586,0,male,rural,1
APP101220,6.136396523362027,0.5555585094625142,34.675925860488206,0.7529832151575415,20.227249940621924,8.571712281993099,0.6107666890936885,1.0,72.11762460659244,1,male,semi_urban,0
APP101221,9.07420154221953,0.5164009907887673,34.37050932969424,0.9815749601523115,0.0,23.254388144586915,0.8001535068173999,7.176413372807663,218.51746228648392,1,female,semi_urban,1
APP101222,5.483630625926265,0.6144214950636897,18.451655475274602,0.6099250776001797,15.002906057772757,4.586899560938698,0.5830652567494273,4.2054238149530505,242.74914791574602,0,female,rural,0
APP101223,7.788607857734229,0.9497482418436181,48.8212872925759,1.0,0.0,27.096340672378425,0.7950993234586635,9.462386729558881,307.9944807178771,1,male,rural,1
APP101224,7.050134591240809,0.75398916706058,36.26624002439673,0.8924045607100756,0.0,18.964640092676778,0.6299195157379078,9.585915353523697,332.32749061810705,0,female,rural,1
APP101225,7.976481822455335,0.5441432940250064,43.764257093368165,1.0,0.0,20.064859882793833,0.8485494168019098,10.819983064737595,211.08809975844702,0,male,urban,1
APP101226,6.314471682883145,0.6398152901487743,31.17227929281926,0.6991889720702447,11.626772460128864,13.05011134464411,0.4487005997114135,5.3663412238287895,165.94261249751102,1,female,rural,0
APP101227,7.134180324371911,0.736628308760841,26.230728077865702,0.8000768763390933,10.75546806042855,12.300725933536315,0.4845318420085505,9.65675936984314,83.36072330153728,0,male,semi_urban,0
APP101228,6.860954637112302,0.4964327789398581,21.36397342038184,0.5538705754096029,8.165352317125974,20.80909956749662,0.4473117682552368,4.308730826587387,222.05031464931895,0,female,rural,0
APP101229,8.570689470752898,0.7471657467949382,40.33486136853122,0.6196522123442447,9.508237824479629,17.855615223338756,0.7636632474611986,5.910859085678896,208.11141092300073,0,male,semi_urban,1
APP101230,6.29707583210735,0.7562907592993237,25.640229797173717,1.0,8.499972214488668,9.863874686157445,0.727487483786267,3.6461376617793513,269.4610718025882,0,male,semi_urban,1
APP101231,10.573329079260741,0.955081007942771,45.90823053702642,0.660428311254988,5.494089485721951,17.19280227065706,0.9494056604924598,4.629385755140227,289.29649951948727,1,female,urban,0
APP101232,9.185613057901936,1.0,50.93575261682666,0.7478108017719549,3.737540069517918,13.198293483071183,0.6978316325683526,5.2083252213770805,93.68063902487296,1,female,urban,1
APP101233,8.180789222288688,0.7108219039101168,29.299214523785114,0.5162317656271102,0.49991122913871244,8.92584923270833,0.6132045533759397,9.377006440480871,236.8552858999991,0,female,semi_urban,1
APP101234,9.293320658470066,0.8201169927288128,62.374638878109764,0.7022430904250019,13.217167089897337,13.816980390137422,0.5452972677045085,9.334071730050162,141.22656047425562,1,female,urban,1
APP101235,7.05063453086236,0.8032120527375552,29.259521865097593,0.6556853018398082,12.518849393171166,19.147965656859945,0.779332123817711,5.6519326244797075,294.39910541739687,0,female,semi_urban,1
APP101236,3.73808154862533,0.7908204204126525,22.353395448877905,0.6170473595381465,16.18129681500359,21.040496812632348,0.8512868757755834,6.0680422014558655,255.02701979760113,1,female,urban,1
APP101237,4.9200380906194106,0.7026159724611404,28.380404180282586,0.6822387652258476,8.033232731422705,16.079142474613832,0.5413150246377179,6.053048625966264,210.8058643908268,1,male,urban,0
APP101238,7.414710315467196,0.8666524926852286,30.17677332157107,0.7531696733104856,6.238803384834844,6.868779003575449,0.5951217565646117,1.0,163.6190100752394,0,female,urban,1
APP101239,7.629850863073827,0.3842739440362331,33.77531307634243,0.6121930814756583,4.738879313983865,12.71017255369644,0.6915284486247316,10.223791707231804,88.5870089025349,1,female,urban,1
APP101240,6.2655397616472195,0.7274225931110508,35.00725970375604,0.5668593782054402,14.605354621881423,8.542552202730777,0.6440008420509106,7.399462667452088,202.4019605682855,1,female,urban,0
APP101241,6.734261894231615,0.8401797847135156,38.56243242742221,0.9629781844456815,5.651654975564857,5.445359440227396,0.8833925435235778,8.96239208292391,296.94408979580095,0,male,rural,1
APP101242,2.593096861576512,0.5665046551505928,41.818433577709385,0.8703066303503224,8.721425105706384,9.251247238800712,0.8151145986683821,6.439943113734557,119.91276342615134,1,female,semi_urban,0
APP101243,10.002124666845686,0.4180556210005623,34.65688323501047,0.9782517464588192,7.8013105072726265,21.89912889304952,0.7968172473383549,3.07006516345968,260.93661507805757,0,female,urban,1
APP101244,7.053915465000577,0.7152344218984874,23.649609250445643,0.5054821504167248,3.4643209856788424,14.957239990643561,0.7651204343279399,6.050532763480634,58.37451290690532,0,female,urban,0
APP101245,5.252796195416762,0.5198894301473403,17.86552604095825,0.8206938089781934,3.7964732073599574,4.984594469429277,0.5222021996074651,7.046209546694847,160.81605393520758,1,female,rural,0
APP101246,4.655607563953043,0.8625651091279487,26.691705604840337,0.9027841008214643,11.76566187103962,6.317848636284023,0.5224179152114888,4.203377178511829,133.3990674426498,0,male,urban,1
APP101247,11.108491115979158,0.9047408654434619,48.219761263789565,0.6376106618541434,0.2239833404455145,20.778124000553973,0.8173626606731391,10.454296417643617,212.18975839912858,1,male,rural,1
APP101248,8.831851787269416,0.6146656471225502,35.12371373137974,0.925642001178091,6.741906527996016,20.550518642080522,0.6375634161222649,9.57611708290461,283.03565374680886,0,male,rural,0
APP101249,4.1156028902393,0.29653405505111,12.903736798625792,0.6512671487521117,0.0,9.307450479065787,0.5496674214120486,5.495862819997292,93.83910104299918,1,male,urban,0
APP101250,10.810355540856436,0.9261620585521653,53.46772775918729,0.8306949255571606,0.0,25.05301684308645,0.9156929273916677,8.235969544993738,333.79772887580367,1,female,rural,1
APP101251,8.979704128081009,0.9509096961590743,62.55376510566023,0.9057256588970974,2.6476576099837956,21.91765916321021,0.8426426404209293,10.081159068041387,363.7891643124001,0,female,semi_urban,0
APP101252,6.982264850777177,0.7275053478441701,35.68072201550099,0.8588449453974393,0.0,19.177538681018152,0.6827618155891438,3.855437034947549,284.49599019667437,1,male,rural,0
APP101253,5.461847707845287,0.7173690748594487,41.51964715969095,0.8163077294531974,3.1494359330591024,6.64004195082938,0.5774220004379119,5.517057584691826,34.44277046852406,0,male,urban,0
APP101254,5.36287837326534,0.6169477039996818,35.88950545864626,0.8562389980960142,9.272256968612323,10.030190144864617,0.4675068909457709,6.8830370599551145,152.32182890389066,1,male,semi_urban,0
APP101255,2.363598032822858,0.6830765370716271,36.25635386814294,0.2998294286854768,17.70311097441416,0.0,0.5492438494447407,2.7617847075627333,268.8971763694686,0,other,semi_urban,0
APP101256,6.894248140549897,0.7642395048513804,27.106751059407532,0.5324530390953238,6.504632341123873,13.775116041142303,0.48219711104175894,6.629795081094793,272.1007181318768,0,male,urban,0
APP101257,6.021178772566563,0.4109769316971459,27.479447124411372,0.6904525327197647,8.200815903127749,11.384861221243604,0.4227743584502346,5.693570765981938,252.71860310227478,0,female,rural,0
APP101258,8.288743149852063,0.5149164800344438,40.60158542610129,0.9880524742424823,5.958052633859501,0.0,0.7495058183464811,6.777812201703621,252.835695730317,1,other,rural,1
APP101259,8.820638698311779,1.0,34.00306221631202,0.4201126743320988,0.0,22.038501092380827,0.8425256463024015,11.517750229107023,190.5660429290071,1,female,semi_urban,0
APP101260,6.903045302626534,0.7785116948771751,28.552575692176433,0.5643922117361811,16.065551914683187,16.804818498156948,0.4443629996323275,2.857968424987994,149.4059441342084,1,female,rural,0
APP101261,1.7819778541334563,0.36737338672865494,30.41291283966358,0.33463825363024063,12.09964393705603,3.7779741581319692,0.5644485160922151,5.918878446195702,64.5283620893712,0,male,urban,0
APP101262,3.707773057468122,0.33163722300347387,26.242585146210317,0.370186873648239,11.78700401576788,10.761136266894798,0.5790777356720551,5.969813569272329,102.77327182774337,0,male,rural,0
APP101263,8.626650236473875,0.7826726833995917,34.32604203950969,0.9308054970692456,8.062176445282432,16.526705105348825,1.0,8.72072810648477,118.4468418992378,1,female,urban,1
APP101264,6.969098727813401,0.6540756758201656,43.29222455508642,0.7863180187348584,0.0,10.682046883231724,0.7715249632340564,7.699434092350897,389.97208213271114,1,male,rural,1
APP101265,6.925935700979364,0.6102497634953404,33.77479626458396,0.32742065944130644,14.078215967517789,22.652631582945546,0.589038353530523,5.840508597453993,1.0,0,male,semi_urban,0
APP101266,5.675692114085644,0.7436913871674534,41.81496000257978,0.7583653162735968,11.475639558509126,16.52056513063621,0.6224595501314368,5.407079985181179,325.22729230193016,1,female,rural,0
APP101267,8.931277601593711,0.8135416834270708,48.940313589395345,1.0,4.253898022619436,22.36245117160922,0.8829356029741945,7.41792173394327,384.1911666150147,1,male,urban,1
APP101268,8.873928182387004,0.8329102483662352,30.14803660309373,0.4134170148376486,11.573509525683074,10.073520261167774,0.6042212262265317,5.541475113800159,392.36252303913375,0,female,urban,1
APP101269,8.056594060351532,0.9681930283590986,21.122716929745813,0.7970426478722776,6.6153167755849465,13.171328768783434,0.7894138430155718,4.092352687619699,182.2536235463606,1,female,rural,0
APP101270,5.215444122650417,0.694266024995944,29.297804624808357,1.0,10.002840641831023,19.113497159382494,0.6675370708796238,6.855411214265843,212.77887662572655,1,female,semi_urban,0
APP101271,9.449546976033547,0.6088671167334653,41.67360686509073,0.8058608382653398,1.1389917687318087,13.710601308374407,0.8188608630983557,5.365315798889197,279.6806555852585,1,male,urban,0
APP101272,9.497663797788295,0.7426140204271312,36.90043294125418,0.9965230322868622,8.387959970543207,22.684178424146445,0.5946821601331926,6.991591220843629,248.59899367892302,0,female,semi_urban,0
APP101273,11.926512569236305,0.9934545874326544,41.40529356411056,0.6808525187053049,6.430677470789794,21.627362303032655,0.43454370430806094,10.244372897383162,238.4286820798616,1,male,urban,0
APP101274,6.6568966014237,0.5691365928970978,16.9135308078133,0.86271223038351,10.26991733344261,14.065086014400102,0.6562296857082022,8.986214975140305,50.739651419131704,0,male,semi_urban,1
APP101275,5.190570708104129,0.8433672067309427,29.91152987376667,0.9242806277752789,12.79216222894231,15.081757028630577,0.4075592429487684,4.249228560793359,272.1279245541871,1,female,rural,1
APP101276,7.881054805248179,0.5896988503339845,19.631440385406624,0.7372979360524825,18.406602563615046,11.957365868327132,0.6451638462109313,4.589739929891622,221.39274176600657,1,male,semi_urban,0
APP101277,8.202461083394283,0.6237514176071575,8.936177319244237,0.41255017812928385,10.231189830140373,16.178483685835417,0.5291207745774859,4.311268641519968,59.68393010983695,1,female,semi_urban,0
APP101278,5.638603808831636,0.45365772955211603,24.330209474006878,0.4936832171452516,12.873570652735875,14.450920652862198,0.558680927780853,6.203659483099673,9.726252194059242,1,male,urban,0
APP101279,8.05451650911796,0.6676150173914952,40.52068239578754,0.33511092120198155,5.178205516116433,11.30239835531392,0.6145843763292526,5.135809834784318,406.69514486851455,1,male,urban,0
APP101280,7.463314491705698,0.7973796858608087,41.3343539471815,0.94332641322862,9.139929757438754,15.319786058280735,0.7991800568986003,10.452051979032575,371.0198643988516,1,male,urban,1
APP101281,8.977281043339726,0.8858018457842747,57.593861270633624,0.9025514136500162,2.102157336560639,11.849657195670744,0.822690163903973,9.183897338800566,331.28207112896473,1,male,rural,1
APP101282,4.671237373312551,1.0,36.792600164677836,0.8423031162481387,20.44589173548731,19.82821655677271,0.750824254766742,4.566491459501362,269.9324632449354,1,male,urban,1
APP101283,6.986276728825066,0.7357843403022748,38.78285089094982,0.8124764081343409,0.0,18.461311963667672,1.0,8.221239420410704,342.68786846871456,1,female,rural,1
APP101284,6.276354118967984,0.352409633890864,15.803141629153126,0.8750538937597884,20.40431062569448,18.54657298735277,0.5391023478688735,2.797233896751033,79.57112605999822,1,female,semi_urban,0
APP101285,8.63613651368324,0.8150958572595898,39.61458982391648,0.9332575959075323,7.866710517968868,27.23159466040504,0.6483729293021567,8.00550193128556,337.00438685562625,1,male,rural,1
APP101286,2.4246427567232915,0.5699355767323917,2.3540316526273664,0.44497090127958405,8.51246317429755,6.446368189868659,0.21979546051958634,1.9041850138267096,100.64803514777729,1,male,urban,0
APP101287,7.479560596410211,0.8122213394743538,21.920896518384858,0.8392626058223417,16.72947052059351,18.69121782205159,0.8511589345011286,9.348215224621903,178.97390844537057,0,female,rural,0
APP101288,7.452310720227227,0.6735751216255604,18.017656046268996,1.0,3.45634893939558,9.09899087234459,0.40774039636675363,6.111482898993761,198.49134156017965,0,female,rural,0
APP101289,5.236485545864347,0.8142123695547643,21.047712458838525,0.6957620529659653,10.241416252950508,14.857643962306927,0.33235677922433976,3.115358546150625,91.14262335200297,1,male,semi_urban,0
APP101290,6.5984965131626,0.687571524870592,19.675478147781643,0.6295440297218442,2.667160184484935,13.073317731745407,0.40586032195610167,9.76073108950019,116.59885529731744,1,male,rural,1
APP101291,8.357600596616473,0.7015903863646044,26.55915617830578,0.7378026878784916,6.661896559417315,18.891896209972266,0.7402086001756197,4.784512564818517,174.48578123519803,0,male,urban,0
APP101292,4.7549119019406865,0.46798781117805804,23.716641415489953,0.6647310065968943,11.77398304412494,15.116207117262723,0.7054107702068325,4.493641758997755,1.0,0,female,urban,0
APP101293,8.68352218076766,0.4143104206448065,12.380548411924018,0.6351937462798063,12.979057621939145,10.987813276287962,0.4788043077865211,7.085465442825715,287.89031418780564,1,female,rural,0
APP101294,4.243229931817725,0.6645272258456801,23.17317977334343,0.5531035596043824,23.16158327201706,6.617543266055537,0.6072342602418928,4.862692778577481,286.9658345188251,0,male,urban,0
APP101295,10.906183527338344,0.804424664830041,44.56583254628486,0.7993651817606725,3.0687775129357866,30.724127352234383,0.3389731103010931,5.778921225817528,177.33958620182807,1,female,urban,0
APP101296,9.690407043694961,0.609157026291012,45.47068949851709,1.0,0.0,21.375174231889364,0.6233589942671935,5.685730025945218,360.94173779250235,1,male,semi_urban,1
APP101297,4.32168881749165,0.5503898452845596,22.299783427093278,0.6828228885940787,16.245891251726405,6.459292663378724,0.5616783608164214,4.604672387143783,99.90320350785322,1,male,rural,0
APP101298,6.942226454338719,0.7035025856832889,31.735404362186213,0.6917860090822642,4.370635878404786,22.453493803629755,0.6345046779095473,8.814408476297913,227.89224830887403,1,male,rural,1
APP101299,7.865392656967965,0.6433442059753144,27.094346652531698,0.8969986343084793,15.796592055497438,15.309679504743457,0.8453784345148057,6.857816110493467,121.18799191048585,1,female,urban,1
APP101300,5.382334257875533,0.4132919172321194,14.082379646000843,0.5376106015061206,13.696978611324411,8.241853131186012,0.10538211650905144,1.0,34.02026171202757,0,male,semi_urban,0
APP101301,9.386506207019892,0.8104078369437088,51.00273504425141,0.8325395367111464,2.466950601906513,14.641112985907355,0.6018105638025903,7.235256699504453,295.1871447677326,1,male,semi_urban,1
APP101302,6.733383355877659,0.7824129266274663,43.19628339287094,0.8938638403103724,0.0,20.72938157169933,0.8632678271543925,11.577181434825334,209.4329063451063,1,female,rural,1
APP101303,9.527788342891816,0.7361259219391658,40.160927755557054,0.5488332844143451,6.747309975454896,19.86839737640634,0.8719979554462025,6.705050968505836,236.82912101021586,1,female,urban,1
APP101304,4.412756042186555,0.6099176908648398,39.16209220325639,0.3119491573543822,5.2529193694734975,13.19902014558779,0.7765009061609418,6.369796923095176,193.64626731795335,1,female,urban,1
APP101305,5.150364639763051,0.5749232647033713,20.995134699670693,0.6402168657599845,19.03380040577995,10.935363682863269,0.5491530244992638,4.226011404037457,1.0,1,female,rural,0
APP101306,9.61437678733303,0.8675730707739217,34.85897769670072,0.6295839121983405,5.935533764870018,13.25205086502604,0.5145069946065934,8.976052235103452,261.2202011518269,1,female,urban,1
APP101307,5.346299500086799,0.7625102143596589,30.369106743173294,0.5145640901649353,13.970103688011088,19.455645368107973,0.5725255287926792,5.792648975739228,290.9627622274088,1,female,semi_urban,0
APP101308,5.39627054430809,0.7174401782608433,30.621385799386452,0.6613331434265495,0.0,16.127702767948325,1.0,8.24997459898773,282.5694503818635,0,male,rural,1
APP101309,9.486837682033002,0.8899832325326658,52.89387279823185,1.0,0.0,13.584985899286567,0.6407304965258228,11.877716622277948,402.63735519533077,1,male,semi_urban,1
APP101310,9.107901131840062,0.9064415779055507,10.65704740955989,0.7806806569421407,12.083504202340704,18.193431739806076,0.4398941317693165,3.2936266893213517,171.37519916643413,1,male,semi_urban,0
APP101311,8.360113141636557,0.8316967696109248,40.018137157534014,0.9061656777986302,3.643158770697704,21.09472069673989,0.8246520364813439,4.761926741063069,416.6078754994081,0,male,rural,1
APP101312,4.01634372699683,0.7305815187238724,24.472093568902267,0.7834596265787813,6.977947687703608,25.84532860382317,0.4805487726462002,5.864910292863868,127.63252698149728,1,female,semi_urban,1
APP101313,4.533541549481065,0.7996617035756811,11.297280375995491,0.5915427648690141,2.8031504257055744,15.28272307861676,0.9236848884578179,8.259667652596455,192.70900204788433,1,male,rural,1
APP101314,7.818852175233794,0.7211134412442939,24.287300930513844,0.8918991657291439,1.0039505275006828,18.15738337951843,1.0,7.783249066613022,214.521431386397,1,female,semi_urban,1
APP101315,4.3408984622811495,0.6682609791970817,24.29811165437011,0.746093106640117,13.255557316526597,14.425490261572463,0.539672568152444,7.173725015534819,182.2545687601791,0,female,semi_urban,0
APP101316,8.663133514534147,0.7238636246631424,39.76341673375789,0.8167353084356229,4.503520687393991,24.958857641927516,0.8179264946484623,4.761012173278912,261.3436912955118,1,male,semi_urban,0
APP101317,7.730665134807439,0.49652849946013905,40.02007934457664,0.7665764631548213,1.6800918348902378,21.241571582471312,0.41269077440544355,7.49512981638879,222.56952448532093,1,male,semi_urban,1
APP101318,6.524778794833589,0.7687197152461119,39.63667271037039,0.86332600806419,11.347417588828334,17.45864378376186,0.8263587064533621,1.0,161.90822507160783,0,female,urban,1
APP101319,8.241330269239587,0.6532819345530883,5.648043337625989,0.5015225147669841,17.329770095924456,9.899119581294059,0.19080438524650983,6.900659901317798,96.49561523908818,1,male,semi_urban,1
APP101320,6.127492164288084,0.5396291467185715,23.225784004833777,0.7563167965138097,11.558326248565207,13.352613627759952,0.302552150077975,6.254635329560872,1.0,0,female,rural,1
APP101321,10.066195679235308,0.9386271176932012,44.77829590049198,0.9034247967755598,10.10211108093699,18.78970133558842,0.7718562855693666,7.229282950541316,344.6595233962753,1,male,semi_urban,1
APP101322,10.511683148373828,0.7338135359351814,44.974089275119006,0.8851494728283195,0.0,15.656861451096026,0.9097161275133604,4.442934547755094,224.56207644373097,0,female,rural,1
APP101323,7.337061055718483,0.4717704314631827,38.39744324392694,0.9968483155824159,9.57431123533736,9.367780388641759,0.4742629234762378,6.552855510515251,193.94940703228454,1,female,semi_urban,1
APP101324,9.296837261425903,0.7679998323507157,26.205840765878914,0.7249883751350675,2.768898732998915,22.162036497430023,0.784328968508592,11.90526805335292,244.04722935793887,0,female,semi_urban,1
APP101325,7.9989669818522655,0.5652189070902301,28.77023232841448,0.764377061926897,0.6696014552185212,20.41783530029274,0.5212138483315205,8.975895064881307,333.54120957959555,1,female,semi_urban,1
APP101326,6.364336736177134,0.6402176771520525,33.716570168381786,0.49836363196676864,22.13236507260554,21.83575739278148,0.4643362194895245,7.709067230753141,78.23086575513841,0,male,urban,0
APP101327,6.1687367862460265,0.596807289697745,28.068624092408555,0.7895349983839364,8.827211003407363,14.880820889542512,0.5419105751582854,5.820308673626663,1.0,1,male,urban,1
APP101328,8.817702134562703,0.7963802269750901,47.61195547642345,0.8446234138784405,6.842209179962557,12.666845132879494,0.49049146493109297,9.254517262789546,196.77538754159534,1,male,rural,0
APP101329,6.365925894313366,0.8768851437053827,20.124154983115055,0.6139014478826068,6.967083930464056,14.59410192154736,0.7880765965052373,2.8218797177827066,166.98483514399976,1,male,urban,1
APP101330,7.396370586618702,0.5662310845591578,46.08567028036407,1.0,3.477326119286606,18.342889640473445,0.6984568764891931,4.800823693826231,211.6296505615071,0,female,semi_urban,1
APP101331,8.082971115429444,0.6738901260782608,32.45249787114376,0.7325809805091091,0.0,21.157023146541164,0.8530607373445591,5.530739131924237,356.2262739760244,1,male,semi_urban,1
APP101332,7.51463535160673,0.8595543027816492,45.76931176860271,0.8684144201502316,2.9743095514178295,15.777734937868654,0.7298553410661031,9.279314534623614,180.66144647554862,1,female,urban,0
APP101333,9.163385112584466,0.7739669561431349,20.47536484841621,0.6432678079180665,8.646753236154462,6.292246877657057,0.6662786055034915,2.3358608387983946,150.66410839338036,1,female,urban,0
APP101334,6.43224492522913,0.40416200407971903,31.701740103139723,0.7387354598335385,3.767202595155566,13.290920465059017,0.652304438852651,8.353434463120726,145.09177476761099,0,male,rural,1
APP101335,7.087001521776432,0.7785228500554385,39.219932833772944,0.6469445243318757,12.986038824809846,12.596755605343326,0.6216324399372521,8.316711356954453,326.0047553525101,0,male,semi_urban,0
APP101336,6.143958534699589,0.37970533989907196,24.707420979901848,0.8956438911076017,3.844079631851502,14.311391589710174,0.7472654482869705,6.765990689652945,224.1140850175272,1,female,urban,0
APP101337,8.335331390912286,0.7026406146737791,45.653686753021326,0.6924445968564468,0.3667237027248298,19.9533004980897,0.6926342866946873,7.689575605469858,271.61051359969923,1,male,urban,1
APP101338,5.288491250617066,0.7600785746265085,17.983967342571468,0.342694447512533,5.710346932466919,7.2955350615277865,0.47061419962639733,2.0312837702720294,20.34082722949978,1,male,urban,0
APP101339,4.006194344859473,1.0,23.89094358263245,0.4580809382345774,4.658245287449278,17.88940789011636,0.7006633051383627,5.664723623233657,211.77131729313777,0,female,rural,1
APP101340,5.163197919362791,0.5841599392699399,1.0,0.8517787965866837,15.937835418960855,16.796149697288083,0.6960925494638914,3.594780995126627,228.92565836772985,0,male,rural,1
APP101341,9.28841873393855,0.6045252128953338,34.869980774339574,1.0,6.085095029688583,18.431841493291838,0.7199200366200295,9.572830040180548,209.7414401087633,1,male,urban,1
APP101342,10.106976356356526,0.7274092459859798,52.034396376858005,0.5414018537238343,7.796480197533225,15.400822423967757,0.9114699034509249,11.289096717315518,302.1742789209074,1,female,semi_urban,1
APP101343,5.953429343241422,0.6377390147922591,30.451342413946225,0.7658665715325768,15.618025750124001,11.242459302643434,0.36805987774008886,4.142744013603481,208.79140720663514,1,male,semi_urban,0
APP101344,6.9372404260767215,0.5893803634089625,37.95794558401869,0.41636617946628784,6.686421972604491,13.827235728824018,0.59369488388291,8.643242503693749,402.0549488492377,0,other,urban,1
APP101345,4.491710447423039,0.43015665227442623,18.732395109039935,0.5734060514083026,19.95039168087812,8.130097905397582,0.37333012462279314,3.961370182009367,146.86177573546684,0,male,semi_urban,0
APP101346,4.403093960844239,0.513089599947886,35.70328411159709,0.4055940045890795,9.166450576544644,6.86572938889418,0.4961338005671801,4.939660379143898,117.8009403054311,1,female,semi_urban,0
APP101347,4.756288506494698,0.7017131266883299,27.6982754735966,0.7937908342746047,4.538191084600722,6.87184603747885,0.6881585692016549,2.407112075160897,152.77346651498618,1,female,semi_urban,1
APP101348,6.04506602824375,0.7665913397816931,31.679240435529287,0.9117021512180499,6.647989477854415,19.774581590913694,0.8483549230543302,6.670276060393308,270.34460899137395,1,female,rural,1
APP101349,6.628721252167874,0.6132523308745571,42.64575633104218,0.9231162334223064,7.1304931086445675,15.520313962481454,0.7698104220213238,5.718337236169694,313.17640779998845,1,female,semi_urban,0
APP101350,7.138693754445801,0.5183315886094663,31.92167031549429,0.5894101123444092,11.555365052996786,9.63237141660873,0.5691749530752013,7.272352634477292,69.74758198594888,0,female,urban,1
APP101351,5.4212702801726635,0.5751142638306638,30.64328641298509,0.6256428361201012,15.27485008858623,12.32945805076911,0.5475859860956944,4.245515282396829,246.83638139689197,0,male,semi_urban,0
APP101352,4.789858327479515,0.43734513056373936,15.823979243490069,0.37327960812990313,12.47698666546325,9.01616247289766,0.6892519602620343,5.20544091814334,1.0,1,male,urban,0
APP101353,5.729250669204779,0.5457601484602852,28.479592533359536,0.5162381953237771,11.251142617926,12.952694659759533,0.35781072928216706,5.088100473621471,233.84424527072025,1,male,urban,1
APP101354,8.365744719086035,0.7631242814463567,40.925347932018894,0.8296812567527687,15.967752045170721,11.343025917326774,0.5082081090334211,4.821193103141443,269.9666752076558,1,male,semi_urban,1
APP101355,5.972980609609958,0.689822153509974,36.96882673740416,0.8075063294761593,8.480444457665364,18.01923884116647,0.7421551826056489,3.746623357877792,300.8335190329775,1,female,urban,1
APP101356,7.0124305734318835,0.41010032719385686,12.803478028159454,0.7104140417226018,11.411977184320675,10.067172638997073,0.8455864395331858,1.8475544747966843,214.1773653824178,0,male,semi_urban,0
APP101357,4.366212772726468,0.6850031030651937,8.525834713795145,0.7244854620058993,6.817300311407384,1.123332040400749,0.3872004342628466,2.1510354243661847,118.98587010111576,0,other,urban,0
APP101358,5.4057158870418265,0.649429682927739,13.070300493805785,0.4027655958805262,30.553497554754266,4.896190188128054,0.4695127352499682,3.380716160336733,89.17312181456799,0,female,rural,0
APP101359,9.116655313897535,0.6092053689861109,32.95754410052967,0.9642819125600278,0.0,17.450318157614436,0.6023563478671407,6.779277791424782,196.2606576627702,1,female,urban,1
APP101360,7.15234459246605,0.6496329612205118,9.286740069933142,0.5531212958006019,5.147959817111765,8.782982807330798,0.5743219878356737,6.582297594464817,235.8043662392393,1,male,semi_urban,0
APP101361,8.050995805736836,0.5719493740253623,48.07455313240736,0.9362908037689375,5.475416642547604,6.074676300957028,0.7446898479357648,9.945910933809749,209.28156313708922,1,male,semi_urban,0
APP101362,7.3920458457038345,0.8305979788718266,23.852714895794,0.8393660137396526,17.52290330664988,18.970410654174373,0.9232217005616412,9.770381699489741,314.928252901306,1,other,rural,1
APP101363,8.762406325722266,0.5873082817984331,16.835567318072187,0.8056133342735541,6.990039083919383,18.52402179773313,0.5348272981876028,5.030793365013764,154.57694591657923,0,female,semi_urban,1
APP101364,8.425173682582981,0.7796475848592866,18.733638094191456,0.7216370184935487,7.039671716436164,22.316699661059317,0.6433583380631922,8.050379541024613,292.22819328115315,0,male,rural,1
APP101365,4.653531525898136,0.6855362936768974,39.91668094572773,1.0,4.699130059580024,13.280288339243555,0.6778570079851363,7.681917540714574,246.30463889213442,1,male,semi_urban,1
APP101366,7.145191865126373,0.4238282424019095,24.21770943857171,0.9638631582535901,4.694819931025695,3.7102406160098482,0.3401085173079367,5.531682952149088,220.90169549714176,1,male,urban,0
APP101367,9.923800127784862,1.0,40.504793468542154,0.9647309720681907,5.40191528517259,23.745236167322936,1.0,10.521293460322676,412.1564133748276,1,female,semi_urban,1
APP101368,6.990661864087098,0.7954724630071421,26.671052374193103,0.8969275806974684,4.540864829354617,6.769613623792132,0.4605437490838892,6.593955603056372,121.25606193887124,0,male,semi_urban,0
APP101369,8.065044848488112,0.6848525813038419,44.60445485418853,0.7887971178353076,5.644345262815914,19.414709350199615,0.8182689905837819,8.247292424634946,345.87343507097023,1,female,urban,1
APP101370,5.120925751175662,0.8149695782069908,32.95691099844116,0.631691891475984,8.116802457827424,15.31161661804509,0.8025869833988554,6.539648722210435,258.3915041360059,1,female,urban,1
APP101371,2.636096252106868,0.749875176927467,1.44916344618985,0.7360957535475706,20.902262349277898,0.0,0.6238579285045449,4.894019425645368,195.65341804270685,1,male,urban,0
APP101372,8.657604747766605,0.6541162130483309,12.202596092322025,0.5260779305765342,3.5876980524354165,19.690423573499242,0.620532643109017,1.0,302.3788178815672,0,female,semi_urban,0
APP101373,8.284086505196512,1.0,29.539327691716743,1.0,2.190463061059678,15.928781877476034,0.8306019526607537,9.506839996278845,128.3629825034882,1,female,urban,0
APP101374,7.86946822005293,1.0,29.27940388645358,0.838756539162377,8.793565328454282,11.29117003801112,0.6660429271252151,1.1880024902726323,290.3524813065507,1,female,rural,1
APP101375,4.72564796455689,0.689761597907798,40.08137765183697,0.7700482381619915,7.700845431568609,14.78913980858265,0.7860532528370505,6.798926948140143,205.85549689756274,1,male,semi_urban,0
APP101376,4.592725404403401,0.5568213950409238,39.6361333834363,0.6891203459646894,22.79697663718263,9.857789479916303,0.8497195413559988,3.020792808361601,91.1593386545777,1,female,rural,1
APP101377,8.774004012579834,0.6019914516807088,18.18731138086437,0.9300964669517378,5.369237799997094,19.843042852091212,0.5476255825368095,9.65809348105102,208.42550756154864,0,male,rural,1
APP101378,5.996654418558255,0.31132420467612054,31.105136755163088,0.702465051372415,0.0,8.463167931173153,0.3033432406598987,5.140093758397702,74.69213085976334,0,male,urban,1
APP101379,9.253722248930792,0.9837031904472283,32.53261702363613,0.7728723527261214,3.6309955448387843,21.733612848596923,0.5385678326817266,8.027346024707553,328.0358012250806,1,male,urban,1
APP101380,7.437026330846845,0.6774742738066115,61.97943185660477,0.5321345548816276,6.34067184992058,18.117441913800683,0.41613170417231604,7.516008758722613,139.74085965012733,1,female,urban,1
APP101381,7.401454209320844,0.8788341724758938,48.11331423849692,0.9223071210623957,5.131213489594067,10.487782015095341,0.5294611806731472,5.316934670666196,354.0374121542096,0,male,rural,1
APP101382,7.181775981562021,0.9415906072216135,54.230004464291035,0.8701039793430053,1.602481655161835,20.185341721894,0.5511615101408914,9.940785816652475,332.3645744066477,1,male,urban,1
APP101383,5.366520515287371,0.5483560987891716,38.969545197560635,1.0,1.0259346545042938,10.255219912396187,0.6006720054389029,7.6917045330597595,238.32021208519052,1,other,semi_urban,1
APP101384,8.625208026446614,0.5284549435780794,30.94581851583915,0.674700033413787,19.91475765070753,7.57564980551119,0.738364720157574,4.354706561203984,2.8045820781797204,1,male,urban,1
APP101385,7.412871734443357,0.8324969051008007,14.345618744452015,0.6249485136062461,14.113681850776212,9.992506512672842,0.5824651459754504,1.3935412998115813,1.0,1,male,semi_urban,0
APP101386,6.823627650903065,0.7816023663989158,32.29688438986432,0.87745168980331,3.8148737607923424,17.563838178803024,0.6718054607336873,7.095144611625759,271.8704651924121,1,female,urban,1
APP101387,6.718303567311695,0.6925850174536691,30.24548245235624,0.9256951202264094,15.431144652252446,21.446095771840803,0.684156343851445,7.617231206542327,276.4102958852598,1,female,rural,1
APP101388,8.855656094802875,0.7017117263267685,50.4396514312361,0.7582668466735014,0.0,24.833077324150423,1.0,7.000300432997964,413.44855887083327,1,female,semi_urban,1
APP101389,8.19779433609367,0.724591087193096,49.726878874479965,0.764953348118174,9.408711152094192,10.150445868481786,0.796479564755652,6.00246742334112,1.0,1,female,rural,0
APP101390,5.311343628798914,0.8317888925290028,17.93634723717297,0.7429542333868031,5.058527546178965,13.983325917134064,0.5579119889021026,2.9289879331036994,70.87817202570199,0,male,rural,0
APP101391,9.60424968681313,0.9264803365272388,33.90632943381968,0.8142082049077024,7.425529940933091,22.608313927739108,0.8228060652743592,8.068805665756885,378.08601975721854,1,female,rural,1
APP101392,6.4448482010786385,0.695179126779665,12.277295683549303,0.8074324332551103,3.450506417754932,10.462549886084807,0.5665064112708026,4.969778315289631,155.5860925715329,1,female,urban,0
APP101393,5.956805695701715,0.8801949687303616,27.219431131188554,0.6741638257867294,12.385226328757794,11.416471487777438,0.8778667336118167,5.8145339256617214,124.37899947877025,1,female,urban,1
APP101394,11.33593796735251,0.9571209322254232,46.59059398335144,0.8390046497980672,16.094765882713588,21.233446220903108,0.6812163005590061,7.017580342297498,100.71473431086034,1,male,urban,0
APP101395,4.983160053837089,0.6681826603570487,35.41906281457851,0.8054928318796752,11.334996465729597,9.305161112747056,0.5699747728107957,5.165419748375184,243.81539387298722,1,female,semi_urban,0
APP101396,10.226950426090612,1.0,48.3865679236917,0.7484239172563147,0.0,28.133064350086745,0.46659661544278286,7.520404423651204,204.7043802643002,1,male,urban,1
APP101397,8.657909191114852,0.6287274993005442,31.07975366751232,0.46879341260652935,9.374423360888317,20.74551361433289,0.5118463424712195,4.926996516580485,282.8134142226147,1,male,urban,1
APP101398,9.390965061702921,0.9736925946956088,40.71083518425473,0.8076608705827998,6.587668894639017,21.033333618605045,0.7036277369859801,9.547212417130133,423.65928036818184,1,male,urban,1
APP101399,5.024169751450417,0.7019416763186613,48.30272765689576,0.6696692857962117,10.373729056338547,16.904620901648517,0.7990580044828768,1.729809843778277,374.21023193157134,1,female,urban,1
APP101400,5.153545503354892,0.7092245499836097,7.541142985336698,0.26416153735760306,19.78505250919089,7.76649682928369,0.3759637434900081,2.7583732877795386,112.43040197954491,1,female,semi_urban,0
APP101401,7.46275120890394,0.7450614787984343,33.00031080463001,0.8016072567989089,12.741668742882549,16.112710855498904,0.760146255906122,6.505074616205132,228.16375114656904,0,female,semi_urban,1
APP101402,6.470933620739045,0.7319250862927754,43.7532663051428,0.7129144176257965,8.650106448183534,13.762100431634956,0.5124465684814985,5.493141962637295,132.3334552981657,0,female,urban,0
APP101403,8.011188953941813,1.0,34.88777962422695,1.0,0.0,27.123196814446455,0.7020403952423756,8.20551498526427,517.432741146034,1,male,rural,1
APP101404,7.638303425280518,0.8097055369875538,26.678917682254884,0.5168971691895097,3.564975459457191,6.598997822270006,0.4374657922514462,6.436355406862091,166.12487205743244,1,female,semi_urban,0
APP101405,9.360378297974288,0.830386217390657,41.610710600923376,0.8044964604763535,3.2401495028887357,21.15689793180647,0.697565492239619,8.627867866188007,348.92960443613237,0,female,urban,1
APP101406,8.34556312307569,0.5564963591715931,28.370145573099872,0.8635032000557095,11.338090348081478,18.302844265859996,0.6313366847609191,2.6860317213630496,232.9423568531692,1,male,rural,0
APP101407,6.578129962705378,0.7383275081609625,42.402563289890274,0.6501577722891927,0.9034988418624046,18.36554443403167,0.6335577453719314,6.648858916189741,180.5322015787376,1,male,semi_urban,1
APP101408,5.025458952867878,0.5231060651596917,42.94436132404718,0.7765280093374015,4.264973259002154,13.065597967556906,0.4929536011878715,2.9243346168615867,167.95594586281314,1,male,semi_urban,1
APP101409,9.554613633301969,0.968185886141941,46.95919225436645,1.0,6.081615253749311,24.410124323009207,0.7982608569225436,9.662113743676962,417.8604486299552,0,male,rural,1
APP101410,9.225252127179326,0.802024355550557,41.44747112131155,0.4149734068092932,5.721569554245603,20.133540430634508,0.5675216355536774,4.521773735533387,192.3707276090025,1,male,semi_urban,0
APP101411,5.835457895114611,0.5884795793259155,13.10148601452767,0.6707511563942857,12.810059800582565,10.480273849484242,0.3880010216578671,2.700066826069011,105.72534965188703,1,male,rural,0
APP101412,8.798441962842286,1.0,35.14458565485189,0.9834332067298982,1.3151242424001595,18.851372035979345,0.7557956666064601,4.072431793962782,193.38131533604997,1,female,urban,1
APP101413,5.932611302744764,0.8807675085100162,49.76189062867684,0.6187678092899944,11.107333081854446,23.279379421053953,0.8619654120296234,4.862295533958358,203.05591958550028,1,female,urban,0
APP101414,8.052431027165875,0.8429560788341942,60.275122227771085,1.0,0.0,22.56167337754775,0.7781989022666802,6.094180323754408,253.9002836088543,1,male,semi_urban,1
APP101415,8.884616815868243,0.844640195445604,22.613825274543288,0.8874234858164501,0.0,12.954206504024706,0.5056048204227668,4.229172308296173,308.3100678490594,1,female,rural,1
APP101416,7.68710462484725,0.668145069032538,34.94960457004531,1.0,10.805306547790922,22.185538834608636,0.940798778079571,7.500198566542116,481.2837306909473,1,male,rural,1
APP101417,8.434603397284512,0.7144608562382129,36.336660445177024,0.8745686509820716,2.585449804232285,19.774106273495054,0.9076781454175267,9.044247081105034,298.09439815713193,0,female,rural,1
APP101418,9.542630893883485,0.6570568834366604,44.85348069531503,1.0,2.60031754591483,17.660816894329006,1.0,9.164105452936742,461.4378939339457,0,male,urban,1
APP101419,7.94534432888446,0.6565207228869234,45.284841038148286,0.8018051845579957,3.5547950113807114,10.893802596536581,0.6790064855863082,3.70345381950497,166.8687005597339,0,male,rural,0
APP101420,7.402081738468556,0.6553615876540918,45.78338338569942,0.4872280618482959,11.736691746005768,14.743985159188613,0.4962417208434623,5.146832555060325,249.82299679463807,1,female,urban,1
APP101421,7.457623824082641,0.5667537412165948,40.7969562952874,0.7606348747086672,5.612535569773304,20.489936563320583,0.6608071635300276,9.677304296780331,409.8637156083731,0,female,urban,1
APP101422,6.4621888025597185,0.8420709520547496,46.21925498878382,0.9402469825546242,8.766257461826859,11.556193829131264,0.8906197061867525,6.838195643041839,375.8457314937493,1,female,semi_urban,1
APP101423,7.416906200230287,0.8853751479216858,39.366992491908874,0.9108663413562873,4.13032806516167,16.160426568535595,0.9309517285673223,7.292181702976162,349.17657609545375,1,male,urban,0
APP101424,5.090077649275347,0.5733403150747491,18.49620999789066,0.5372537547682751,12.142879117745043,7.969206200302344,0.35510400485084287,2.6160389739073313,117.38841497415889,1,male,urban,0
APP101425,7.084469062001584,0.35327724470629274,18.22613806883899,1.0,8.059937112137948,17.581105263120502,0.34431344800153874,6.3878795518637235,333.49020888363793,0,male,semi_urban,1
APP101426,7.208553434383491,0.6518546179885006,39.26705413895936,0.6604338285489962,16.082896219885054,16.94812501553195,0.6345865196766964,4.476844434660284,110.7704812405219,1,female,semi_urban,0
APP101427,5.806375360419731,0.3205953490894561,20.716232407198838,0.6026002398421935,15.496541525634097,0.0,0.30136531697702795,3.8160934643718223,226.84356817418563,0,male,rural,1
APP101428,5.984223976058214,0.4220875561080195,17.11362929010135,0.5803641998829017,9.509687339434715,0.11587740447826356,0.3108230821609719,3.6207750558187373,1.0,0,male,rural,0
APP101429,8.239400345019002,0.8591909474974966,14.913386166143487,0.45950503622429273,11.390451918785008,9.635298458031597,0.5410177662521168,3.7176648342292524,278.92280666824536,0,female,rural,1
APP101430,2.531427328920613,0.1684043591366624,34.61315167376479,0.5211984483331349,12.999874915027137,13.309661510460735,0.5034501855220218,4.181234121237054,179.1010933264621,1,male,semi_urban,1
APP101431,5.3193607002434815,0.5818028586539709,31.907870189325333,1.0,0.0,27.051771048595725,0.5381770004163815,3.231195740672117,306.5406547333161,1,male,urban,0
APP101432,4.880992722555726,0.7121328292927802,8.479009121480395,0.46031952754107003,2.7048073867446547,9.409084154798158,0.530033214408941,3.411701376030265,311.67541319832463,1,male,rural,0
APP101433,6.42278280676317,0.5482012817511746,12.790914173468629,0.766450111236531,9.295394923463544,12.902234893872798,0.5729396232492288,2.362459606177097,269.8338597463874,1,female,semi_urban,0
APP101434,6.605701665344347,0.5807907181662,36.55469603141799,0.549092265940566,8.174561097878584,2.660935965135387,0.3011418206375468,3.687388073255062,88.77362663827947,1,female,semi_urban,0
APP101435,4.546478612480659,0.8965567658080946,27.325123043929686,0.4632544443107778,10.316896880736657,14.107103843649197,0.5963660716216874,1.1025904485668185,181.85882961668034,0,female,semi_urban,0
APP101436,6.2160759791645015,0.7349383316422826,23.40611847029686,0.48830958989366746,13.184601139143199,16.157230898387898,0.5550745407333666,4.2521459313407615,23.593139064556595,0,female,semi_urban,1
APP101437,7.247853302466616,0.8083375329093205,31.76354702621012,0.8303768387358329,4.437545160236443,14.82528770715627,0.4206608258814777,6.60334566623218,177.94248061119768,0,male,urban,0
APP101438,6.214431596885834,0.8547914754860584,43.92925502782006,0.6849567537361768,0.0,12.79848471092822,0.6418390770205709,7.455097109036043,232.4263436606571,1,female,urban,0
APP101439,12.349963749164695,0.8465831414254197,42.40882015167346,1.0,0.0,31.015866448375842,0.833355521265502,7.278756321833476,359.15220267489013,1,female,urban,1
APP101440,8.530844156991247,0.9895606592901385,31.98271184204507,0.7577535187276,1.452627389867605,27.600560834883797,0.7818811207330696,7.652127726561859,210.89683610971056,1,female,urban,1
APP101441,7.130707302529469,0.8894310714158516,30.940176758791235,0.6357826049818646,11.08221594963478,11.653222294787515,0.6262012367357132,1.0,66.35270502694355,0,female,urban,0
APP101442,7.5322001126855,0.5409529583172207,46.78955783570549,0.8918726831802528,0.7399819906924892,24.633998631393418,0.832338158790006,9.01324031503841,325.2178929138529,1,female,rural,1
APP101443,9.396546249127352,0.7970371872612896,44.886931562534784,0.5975951910853002,0.0,20.372289319259234,0.6021779723870568,3.5514268397752957,392.479954206935,1,female,rural,1
APP101444,4.7098221525958515,0.5308325572971017,7.020794492338171,0.5725238032904851,0.8475401641740365,10.971003756742473,0.0034940602989946834,1.331769467897557,88.22039789590032,1,male,urban,0
APP101445,7.864573152271052,0.6075657854657369,14.16583843358868,0.7459367097359287,9.597287817055102,7.061609499265899,0.6330825172862755,5.281393260167487,398.04248328456885,0,female,urban,0
APP101446,7.77729250964602,0.9188432868464589,37.216816422347605,0.9766472645744138,0.0,7.215663348174308,0.8342479217296821,8.324767060257187,232.86890965111004,1,female,rural,1
APP101447,8.756178856603942,0.7004553861091535,35.86871230196112,0.5382370045377309,0.0,6.748654078288671,0.5720361458771813,5.716416607246638,242.61791761705274,0,female,rural,0
APP101448,5.875867116902543,1.0,47.08743413841764,0.6859930394900113,8.52548776441801,14.68075667023026,0.8419199117509328,7.3862773846764735,296.4102496479219,0,female,semi_urban,0
APP101449,8.93014327941795,0.8987787970024763,38.88031354572491,0.8618883844265625,14.545045929460624,13.469129111548455,0.5419271218151455,9.589755248529638,204.4562044405795,0,female,rural,1
APP101450,8.098234597950617,0.9660490299783931,31.016388006771724,1.0,5.380679055299614,20.307747134429086,0.674776720979372,11.256584627889364,374.0331945664171,1,male,rural,1
APP101451,7.829512853604876,0.6772588937463511,36.099943407043945,0.812899841688202,3.8425272210418084,21.569984842637165,0.7083304152310866,9.156780251547948,247.72102059806602,0,female,urban,1
APP101452,11.299151674561395,0.6704906360301575,38.057648916977215,0.6425484168338674,6.1854561232725,19.42685534986095,0.8688490937059611,7.627899001452815,91.72726013575999,1,male,semi_urban,1
APP101453,8.199309881412848,0.48653050120696595,20.483739836451957,0.5594605269943815,0.10630159970743058,3.831162038466866,0.38229515497780275,3.5822278615395775,119.96179733276756,1,male,semi_urban,0
APP101454,2.772491685887309,0.8240210072124001,34.37273975072176,0.48924888408928846,15.048901495355457,4.9218291002578525,0.865918869007132,3.2893225155113024,131.04647182525468,1,other,rural,0
APP101455,7.945926901038842,0.6003069117482357,29.28735795690938,0.8357234389044743,12.610991428839199,17.47468460157192,0.6314300755121133,7.659382434102246,339.69291870834263,1,male,semi_urban,0
APP101456,6.723824580175362,0.4703318974903362,18.025491722232285,0.4629245896143883,20.298224152448523,7.840577301037545,0.6585046748985601,6.763525977976956,30.788785726726857,1,male,semi_urban,0
APP101457,8.041454313082603,0.5570564940969754,52.82329360636295,0.8993529891959327,4.927807711775291,16.285817225704346,0.6082029098768077,1.5248379859092598,276.0784115264965,1,female,semi_urban,1
APP101458,9.617017537836531,1.0,47.574561116382085,0.7826717384036292,1.5223768036109764,18.867740577323893,0.8792868192313582,6.118974969392279,263.424758641495,0,female,semi_urban,1
APP101459,7.261563536467164,0.5653395118964308,10.97288243953055,0.7481235768810512,18.759187158186307,17.531145526095052,0.7032692444001499,6.7106748080050105,154.05765366510454,1,male,semi_urban,0
APP101460,7.342171125382312,0.7757758752109623,44.35385953490952,0.35733296404332116,10.62430841718767,14.712372758428957,0.5968009453231039,6.712186067523508,301.18653941733663,1,male,urban,1
APP101461,9.612011908434393,0.4753311682885156,13.959321473212515,0.4010041301659528,14.248486727725176,21.387907800721575,0.6242346183353255,5.756065339340338,167.7071793245276,0,male,rural,1
APP101462,7.987246192468299,0.816020520548459,23.151271292345662,0.8875491243026272,5.740006588228195,15.637962149077994,0.8062583474911403,2.240813837132893,193.7953083102038,0,female,semi_urban,0
APP101463,6.7762979923785505,0.45417798855665586,28.61808343267413,0.6398283329791262,8.649832701623032,19.45891567402626,0.7209344622350567,7.808813737368409,265.6961478705377,1,female,rural,1
APP101464,7.923842549750476,0.6699738510194669,39.73826742447825,0.6364698828659899,0.0,26.10663864965102,0.6579214782169863,10.354740543574717,288.4417148610444,1,male,rural,1
APP101465,7.176511705014529,0.4777272117828078,26.066560075300973,0.5679576978086768,11.913635511841118,12.970397730903757,0.5198015176061855,4.148539475701258,3.780318125598214,1,male,semi_urban,0
APP101466,6.9619540856218745,0.8095897591374103,37.97304573536447,0.8477057689759235,3.573995621740282,14.829417308764667,0.6337154075427668,6.22407998534569,230.62587773498245,1,female,semi_urban,1
APP101467,6.802169445797761,0.6088227772192862,38.64793473376655,0.7325560869603276,18.745290365680674,21.804531422131287,0.7073806240066535,7.441341476537431,207.5325635434377,1,female,rural,0
APP101468,6.705704398479001,0.9329371975417683,26.371964788365148,0.8000817896485172,10.59133666790458,13.346461157842551,0.5373009540633951,4.011041417759229,162.6366987313937,1,male,urban,1
APP101469,6.946867776343525,0.7363759930925836,30.22255235797827,0.730879104389695,0.0,14.553069219793176,0.6570364859366817,2.8774617524692707,152.18474838909927,1,male,rural,1
APP101470,7.125510362072146,0.624272679854992,33.283855823869445,0.7982000445029871,7.022261090039689,17.04991573155424,0.4163227215024077,8.158531855920494,246.94924109199042,1,female,rural,0
APP101471,3.381908142453699,0.7401335273718689,6.260886178685784,0.8040579847647205,13.673671134393402,15.24503011888348,0.344816614109862,6.0014465031672755,103.21379016620564,1,male,urban,0
APP101472,8.05247325734025,0.5949642243326484,30.686223989035298,0.6710744747846867,7.241706638637129,14.663179918826646,0.47346258997302815,3.5938952436497456,252.32544867719088,1,female,semi_urban,0
APP101473,7.316430612374432,0.6729697434507901,36.49872519817548,0.7876901060377134,0.33247071654058846,11.14595942438116,0.7028869354541782,4.900044462941867,334.4131862824083,1,female,urban,0
APP101474,10.533043461523356,0.8679150510125687,25.879747537981302,0.8831572652945525,10.128585745705735,27.135418984733313,0.46511610049105434,4.915163160934661,21.066747747515933,1,female,semi_urban,1
APP101475,8.225981531019938,0.3834094149587823,30.37155783648685,0.8656486951657315,1.3964044017489021,21.741324326431457,0.581647905636418,7.421961616707755,119.51631006363075,1,female,rural,1
APP101476,11.547550910007676,0.9866718722362688,41.87723065268425,0.7880767398655137,4.7014926659417045,21.07000258378139,0.9872797944237973,7.200583460572817,125.90950428598467,0,female,urban,0
APP101477,7.2012351431658335,0.5433653056609276,23.08047248711957,0.655303653329284,4.509080993495964,6.829980275049949,0.7224866633446716,7.57425863785183,148.10387487500023,1,female,urban,1
APP101478,9.818112846320377,0.6491774670611734,52.66275184113334,0.8541489976870869,3.357593757422391,22.564775368202298,0.34041698964216105,6.197570788385977,222.0361026073904,1,male,urban,0
APP101479,7.047482097388761,0.9398521137712159,46.05438600777659,0.5763737991891101,14.666145329972627,7.211247111236103,0.49465262168549967,5.655214718543627,183.1865204598075,0,female,rural,1
APP101480,9.708208743956273,0.7773484504324327,16.87234612436361,0.8207828435734661,4.9498077546517205,26.85510267247434,1.0,7.65420810138741,403.59954861342777,1,male,urban,1
APP101481,8.120074618257762,0.8087354269458912,31.763084851076652,0.4772979862531509,9.369917680378173,18.612825891711328,0.6645910739478021,6.475011515622399,180.1643245575879,1,female,semi_urban,0
APP101482,10.537243379093326,0.7291057231884366,38.399224928323385,0.27820448609244025,8.297815265716245,11.112112408635182,0.6951260907208285,7.076151961512522,146.1543785155804,0,other,rural,0
APP101483,4.5047198419195125,0.6180763371242244,15.295723718836292,0.5120943474797518,13.330796949136143,4.336450178825603,0.5604066747231846,1.0,105.08238507513698,1,male,semi_urban,0
APP101484,9.066123597856235,0.720667535743852,44.523299545430326,0.8096228533907373,2.003580871067017,15.561356791984869,0.578971531552079,5.80565088919982,209.23625473939276,1,male,rural,1
APP101485,5.20818694867923,0.5356629634781955,35.838002881794196,0.4268919468631091,4.579053585488879,4.109113816187818,0.5334424397647733,3.30816281052007,1.0,1,female,rural,0
APP101486,9.974201460739243,1.0,29.572257678157293,1.0,5.6772681294981915,23.53155255263058,0.9053528176309474,7.903137640673361,406.9582173147023,1,female,urban,1
APP101487,6.72157644103547,0.8167915841129461,29.287650490273936,0.5423703691908437,16.44771014195203,15.72252513974415,0.637590226389266,7.2876124259981925,231.12801283859557,1,female,rural,1
APP101488,2.3420070831676725,0.530289283658728,41.039200241530224,0.7552761894729093,14.337714683590644,13.899532052311745,0.47250684355760314,2.910441835095593,269.3343735912873,1,male,semi_urban,0
APP101489,6.909634964952375,0.5571129150005618,18.881837239375553,0.8035441338743318,8.781060314339722,11.533096341718473,0.6602799903954775,7.709588824402822,109.16270280832936,1,male,rural,1
APP101490,7.790561815853368,0.5650775537689381,24.595051828627938,0.9982924993066502,3.6111781324391785,16.837227532509473,0.4199140763111462,6.024299289523283,29.232425869199886,1,male,rural,0
APP101491,3.1542042990514356,0.6673585727712371,9.328112642784802,0.6036269659601349,18.681171475239292,1.068333867233517,0.5172913525755816,2.186797593471282,1.0,1,male,urban,0
APP101492,8.31306760452502,0.872246962194475,40.108815040302936,0.5029321858766629,10.566460077458956,18.969121440802027,0.42900379716787684,7.421563318327752,242.4796743907203,1,female,urban,1
APP101493,5.854479265191589,0.6885125748761278,33.38685258359935,0.7765849047579481,15.116246294083298,2.8302549807966635,0.40914990631621434,1.0295648788483707,216.2589867726007,1,female,semi_urban,0
APP101494,6.688597037730717,0.45587321591953944,31.47827058550768,0.9778247377956119,13.225845107227945,22.758142350157613,0.7502538235221528,5.844392745408008,234.55676636842014,1,female,urban,0
APP101495,10.267576764542504,0.9403237745204706,41.77521508880654,0.6023321860849934,11.47604289977755,18.755263421488806,0.852609600781167,6.996669356378792,318.3683506387659,0,female,semi_urban,1
APP101496,9.930019318863108,1.0,24.259353565887217,0.9640047364311138,0.0,24.35701764616433,0.7364167953743164,8.330796678318091,382.33183428974655,1,male,rural,1
APP101497,9.346408478906303,0.8404060066589889,54.52355244410154,0.9827163176203488,0.0,24.1109337410968,0.5360963034139393,7.348638327990855,254.43070694313857,0,male,semi_urban,1
APP101498,8.48859026502524,0.9946197890638913,26.25677661155877,0.6904312700570268,8.823043677532118,8.534794949397,0.6401417604218069,6.072955271656149,303.3172124786669,0,male,urban,1
APP101499,7.365670759142284,0.5059226202642939,28.942889093992967,0.36628354675137215,3.245021502806968,19.3790767538307,0.5605588367050319,6.100337160039815,391.702638451816,1,female,urban,1
APP101500,2.7802321146961617,0.6858698723456927,29.199385011273808,0.5491486537402133,6.611273048010476,6.403697567776825,0.5759985227363095,3.940483543020625,26.71400095806051,1,male,rural,0
APP101501,6.939451604790011,0.5807423238631161,35.01579424175381,0.6758370863992775,12.918335288248937,15.158408279873374,0.6147257859672302,7.032278433770978,212.46639257207943,1,female,rural,1
APP101502,5.895598906243102,0.9655947889637557,49.651634746592336,1.0,0.0,16.98956383207902,0.5209168486151061,9.28299130262853,165.02489526818454,0,male,rural,1
APP101503,8.659687937756681,0.8368385082574029,40.07594555031713,0.7622343584305499,6.372836037621395,25.314436860388614,0.4985769558374007,4.380725703987421,156.8157166460611,0,female,urban,0
APP101504,10.927675850992541,1.0,47.53812716067592,0.8569065318939825,0.0,17.761379886218812,0.8012321611689188,10.463232059287094,374.49768198715054,1,female,urban,1
APP101505,8.316577246728087,0.7685578808414686,32.52857058587348,0.6298249209199681,8.539139584307406,16.83151851474737,0.6583170226879201,2.8467632131545977,53.49560334071643,0,male,rural,0
APP101506,9.357412172729,0.7476504388832246,28.51489327754166,0.8956449018100567,10.125290825584742,17.294260967216204,0.6107311221956802,2.5763001583340737,221.0257619440874,1,female,rural,1
APP101507,7.68640671069741,0.5753074025777433,23.917312804687192,0.6761191551207293,15.851588622796793,17.903757452123422,0.47243714212101695,8.924284645482432,266.55257174517635,1,male,urban,0
APP101508,4.246110082750878,0.6365410865248906,38.50656104021587,0.5773343926409585,14.13259241324474,25.310155915194485,0.7364556143693961,3.603674576561651,210.66108900939625,0,male,urban,1
APP101509,6.032101054614478,0.5696214896365162,16.17430809991555,0.7041119514512864,9.490086801628337,9.159778486513758,0.7492342870251372,4.028524417183958,238.79252719446174,1,male,semi_urban,0
APP101510,3.5009232686888456,0.8102861624205041,14.587022724425795,0.5381590538702272,16.76982900676927,11.111284879233347,0.5768119857970355,1.0,24.745297576080304,1,male,urban,1
APP101511,8.387209351890363,1.0,32.75197975280447,0.4805138152766638,5.659430770275085,19.489667957476183,0.7676364406183007,7.657361839724948,312.3301646108249,1,male,rural,1
APP101512,7.478944829358154,0.34581936495591525,19.861209321814638,0.6792959774043195,10.344611640519158,13.705580022402696,0.3946684408845455,3.8196806404718577,282.5332121455268,0,male,urban,0
APP101513,7.011422957197272,0.5971918337067458,34.25469162970203,0.6888451539627223,13.708184169087177,8.328381736259809,0.5951809132744288,4.314312954121972,69.00752154383248,1,female,rural,0
APP101514,10.26655274712595,0.8609153700143096,49.110347768266536,0.9254452167326571,7.124410081978215,27.10469405668505,0.7919717520013665,6.617273745762219,279.73456714273357,1,female,urban,0
APP101515,8.382401204472549,0.6931278108881372,18.159363485643926,0.7827422076642745,0.0,18.527450518731257,0.9259217524768825,7.319140407737473,345.0945360462524,1,male,urban,1
APP101516,4.6319891459693086,0.7072295869869221,31.22053793723496,0.6483695744382076,4.745690905704263,23.293291902610157,0.7227677371168721,5.567352880479837,85.13422199501602,1,female,urban,0
APP101517,7.924831436665155,0.9620802864067679,29.444838920064377,0.896214140434396,5.778593965371187,6.1900120632580276,0.7652024073723568,7.336150689231921,306.7675605144342,1,female,urban,1
APP101518,8.15538353231512,0.7997293332317672,32.03004223225041,0.5919309846036673,3.0826798784714065,15.182227289293888,0.5328043646853351,5.575669026248133,22.769984992319877,1,female,semi_urban,0
APP101519,8.942338886822991,0.9905623685369102,36.470188164254715,0.9535117461674064,0.0,19.372398759194123,0.6975699014442884,9.290895362625616,58.06845683886175,1,male,urban,1
APP101520,3.6155162873610696,0.5251666542788453,15.359749264440122,0.4283267891084284,8.244275542038832,11.413167727265211,0.3196156607360919,4.440756394590142,188.0019943325204,1,male,urban,0
APP101521,5.676229738167286,0.6067637254145692,20.40116443853828,0.639172895029086,16.414880565221793,11.491349102656136,0.5187111138542885,6.810248867046603,47.78141722713782,1,female,rural,1
APP101522,3.638405814034434,0.5523793882523419,22.635687609054933,0.6919934751658028,14.012826000724111,13.653496645012513,0.5964793880917033,4.75823704563609,134.5025455745719,0,female,semi_urban,0
APP101523,10.168522147020928,0.8667309370778794,44.85062786639212,1.0,5.026825942595052,22.636013667664763,0.606891639357636,10.005365402507778,387.00889842222807,1,female,semi_urban,1
APP101524,3.928789564481044,0.6139710488048282,8.949756649698449,0.4347831745834446,13.64203551299218,10.268173242224305,0.8353148757808614,4.75130767446476,164.5950643888266,1,other,urban,1
APP101525,6.412426574076399,0.9271162790671892,26.234953498421326,0.697061628324409,15.527471903082047,27.901934020244198,0.8373627458328324,4.384506479504076,161.89744882694873,1,female,rural,0
APP101526,7.767679683915242,0.8664093573981726,34.565520613669705,0.4813846282772789,6.374749861437011,0.0,0.4856651246718928,6.269520343525139,233.81464271169122,1,female,rural,0
APP101527,6.785465826125727,0.7331065126151808,34.76678943576279,0.5609697618498325,11.66377284409941,20.723394823176136,0.8703287171624129,3.3149199896470187,130.30078617691063,1,female,semi_urban,0
APP101528,9.235914868660066,0.6967956155764511,47.124476479397345,0.9048614276005491,0.651321895540828,34.09004484188726,0.7328690123759773,6.498721725745828,341.90404858921636,0,female,rural,1
APP101529,8.69175964155892,0.3907872742401901,13.937457978264897,0.33563831257129406,5.2864319697517175,0.9252621487079846,0.6415673324336727,3.0234096945796622,128.39537203529505,1,male,rural,0
APP101530,8.78422715343066,0.8334514978755814,27.589665044115605,0.7209426784685958,11.983708059525018,18.011706651984216,0.7324555050097369,7.432346563894805,116.2746569039573,1,female,rural,0
APP101531,8.217562716321293,1.0,36.285096335496625,0.9804934112859564,1.3756439099255298,29.139790051341805,0.7628193937350267,5.783535602360235,255.06830172233967,1,male,rural,1
APP101532,8.579052024822365,0.7496309666794272,43.70542663907402,0.7695865581661112,9.606868660211449,22.26015360045171,0.6661459518121329,7.120762246264873,32.92266064341018,1,female,semi_urban,0
APP101533,9.228855840853507,0.6480890894099252,37.69734255427389,0.9356287185544336,0.5674207203433026,32.24095378987114,1.0,9.108808532681694,359.56423549156375,0,male,semi_urban,1
APP101534,7.347153358457231,0.9091810685469841,29.522495849964663,0.3826112572469299,17.856817196231106,11.683100282598417,0.6520191044388396,6.005709696230048,168.07158402941846,0,female,rural,0
APP101535,6.0475303712488016,0.681814986591094,28.12541894059364,0.6069480035552073,6.219666017551924,0.256248463387033,0.5171446480928591,2.9010033622288613,77.90500710089049,1,female,semi_urban,0
APP101536,8.347826631324756,0.7775340074823079,47.04492002208201,0.7876484579493397,12.004366261566597,24.11628639751283,0.4072798704750119,9.41690061358629,238.48324737043345,0,male,semi_urban,1
APP101537,6.378726853410354,0.6276229585959298,49.88520760210062,0.8161114593656535,8.872374754646202,23.318310072256814,0.8241874727415553,8.82997032867787,199.44807255512347,0,male,urban,1
APP101538,9.21169045051506,0.84374330151836,48.14453395037628,0.9068949956821686,0.0,29.397261089483813,0.639667343669996,8.759234539559783,429.05910392978586,0,female,urban,1
APP101539,9.269727590489882,0.9599743824551843,29.437946397658774,0.8551906600340913,0.0,15.177137915546512,0.9269661427355895,11.686158119330162,211.97039275979523,1,male,urban,1
APP101540,6.230115604770159,0.8265488272554311,40.69989848408498,0.7140770686851423,11.315793041018912,11.474837561195258,0.6067615599034568,10.866980317076806,220.32882130130997,1,male,urban,1
APP101541,8.31632502535409,0.7079220811062922,41.04619744994772,0.6926776648902597,12.33995786108263,20.57753880004687,0.6959672290927236,7.777005539113168,175.58429197830273,1,male,semi_urban,1
APP101542,5.625058248943858,0.5562021797942245,14.096040113670494,0.7190264608598428,16.310812564875256,14.903568483018836,0.3852397785690678,1.8150652529926588,129.70562234631134,1,male,semi_urban,0
APP101543,5.643005114180302,0.5175676289075732,35.51941955652302,0.43971596157784976,9.16830736224975,18.55637748023502,0.6905380282655043,5.057341818685309,235.9145288088764,1,male,rural,0
APP101544,2.8721065466634546,0.8156413097037593,16.428179809139756,0.5979612563445748,7.847705237568633,4.67212372639914,0.21758119834079664,1.0,1.0,1,male,semi_urban,0
APP101545,6.829059499572526,0.8501567467532796,26.13881932671023,1.0,10.275874647964827,13.764088997955232,0.7805713470505068,3.7164546545611943,280.80589697231267,1,male,rural,1
APP101546,6.6366807278665645,0.6439309638051455,43.272869147827926,0.9156190976455229,5.079552999464164,30.48886486275156,0.7295716086374902,9.065369435446824,373.7753400925866,1,male,urban,1
APP101547,5.664536518927206,0.4163473001304401,16.194670503504547,0.6794746782325983,9.875573003505256,6.816990960952779,0.5036268786765354,4.976075096686312,140.3201121628591,1,female,rural,0
APP101548,7.925814636316968,0.7948399818997116,28.990162554625076,0.822275009345568,5.018345052801147,21.03512389215698,0.6492523853616984,5.347017231457237,189.14800514123814,1,male,urban,1
APP101549,5.871053002655236,0.5919755645972755,15.659294552599835,0.6674697574483008,13.602349544896569,11.03569116357285,0.6803450172597014,11.58805805989448,180.99679735091664,1,female,urban,1
APP101550,6.3201278922843365,0.6369955376059001,21.77497813039276,0.5895068011539948,17.041271584810872,17.360873989018938,0.583673653715671,3.230562262318553,160.70054001323803,1,male,semi_urban,0
APP101551,7.891419843345658,0.5824236107238608,27.399622362386804,0.7462192411589131,11.289696089356626,13.303620834309854,0.6485215116960609,8.293560449770053,426.31622968517866,1,male,rural,1
APP101552,8.57385248364509,0.556914514732755,36.986799330146006,0.8209353979869629,7.745853310882424,11.242112085338334,0.6703453172145561,4.579518561524475,291.61913704365094,1,male,urban,1
APP101553,7.435544176417529,0.7255727490410954,19.914777300611735,0.7847759965988744,3.4630015406253403,13.204696478020646,0.9094286167664619,9.585585335353276,291.9206608824183,1,female,urban,0
APP101554,7.056592817928337,0.521434154823181,1.0,0.687457536244952,16.18674579818048,5.347209625058268,0.24990168674588162,2.16746197180096,300.0531101199414,1,male,urban,0
APP101555,6.875705941655159,0.9528717894625923,22.08781484596882,0.7711447402611088,20.583402138148063,7.399148134387875,0.5730989174178068,2.9986667271070924,239.804911914762,1,female,semi_urban,0
APP101556,7.026533323324079,0.641238653500862,10.349544552419177,0.5348446424940373,18.19416924792328,10.234289061719796,0.4436694267924606,1.0,88.15021649928582,0,male,urban,0
APP101557,7.776970152172728,0.44218096775274096,22.18150286804657,0.6580798733849356,12.015921688991677,20.19865458181278,0.5105796855629992,8.463996539847626,148.48374175692302,0,female,urban,0
APP101558,10.991094392963737,0.5794325714042765,52.70418046477823,0.5636395543698546,1.7127017970925982,17.53637518555218,0.5581768141683626,6.95965980782215,504.7139264789014,1,other,semi_urban,1
APP101559,4.470241189498587,0.7063894019790776,25.915179892819282,1.0,11.592632190527063,7.39085541067745,0.3199620341146882,5.8936506358893315,103.46185891320782,0,other,semi_urban,1
APP101560,7.524350449406364,0.6106840046269916,42.415477349472376,0.6294134909111906,14.815390585276795,13.558249781046664,0.6637573784498879,5.413732374918206,172.21430652931608,0,male,semi_urban,0
APP101561,9.386381404268295,0.936981280757195,32.67193473951463,0.8646714221747447,7.857443187001358,12.606269613815474,0.5061737106875239,5.642287859087248,146.7832721171559,0,female,rural,0
APP101562,8.92883666863943,0.7309659548259577,39.05133892869212,0.6500930906000961,7.878812853265176,6.258652506755254,0.7883135852231511,1.3183401175078622,37.87205243504101,1,female,rural,1
APP101563,4.937896824471109,0.3422202898119858,19.08957794308076,0.5913863236900121,6.677835030508403,17.301246958409692,0.42211910118168217,4.335360838400563,85.52069811299346,1,male,urban,1
APP101564,8.382957039248836,0.5735454386941488,33.45822401496577,0.7192161816442443,20.021065112032147,16.72548586553946,0.7657203947797326,5.985813382394376,152.43243130190461,1,female,urban,1
APP101565,7.465729817444107,0.6222360396001626,22.787871293906306,0.5647015909867705,2.7218509080857762,17.068884631823018,0.5930025311811918,7.10810270052826,171.38703622417987,1,male,rural,0
APP101566,10.87441944087293,0.8398941468460033,28.480983475655144,0.4357552848271764,0.5076119255191784,9.043609207652826,0.6483856530081036,11.762708603340453,320.2954271101384,1,male,semi_urban,1
APP101567,4.134658100747478,0.4897935046786317,23.046908927810037,0.8401231757418889,10.650764238584113,9.46150728649999,0.44755472022079434,6.243113607954969,169.70933481505617,1,male,semi_urban,0
APP101568,6.024303267264651,0.7348051483870497,17.784085290757485,0.8202232065049769,6.574473956361665,8.514741623531041,0.7303756146967899,7.957373115310749,309.90225482756256,1,other,semi_urban,1
APP101569,3.772559516425209,0.4654782104093864,28.52466124060102,0.5492600403078598,14.309955876553879,13.192684693799299,0.7147116368234536,4.707670728860003,198.01242694800425,0,male,rural,1
APP101570,5.983931261774963,0.6187282682617906,19.574441165406558,0.7003120806692429,16.1625446215314,11.561647365216954,0.4999207307136788,1.7294613073233878,164.4655157236061,1,female,rural,1
APP101571,7.978283550250288,0.5943387740902861,17.840938189244344,0.6672793355242823,7.569297976642813,7.609740234828059,0.5372244980406087,2.2181677658778476,62.90447010611955,0,other,urban,0
APP101572,5.472383634272135,0.8218196184084989,8.10146652717733,0.5114641622469467,7.631422221780607,6.794923816689044,0.530132582989987,2.5828877270115393,312.17156941640604,1,female,urban,0
APP101573,8.246465162732003,0.8098306588038163,43.586814180184646,0.8688958319138572,1.0681390190485747,14.384863861912027,0.5411087142922406,7.359745166649413,226.6411104306548,1,male,semi_urban,1
APP101574,6.021554692085137,0.4572361971057378,36.1533158716159,0.7407352330493321,16.131511475900048,8.02123988303613,0.5564630173802555,2.6065938772352375,202.31145120247308,0,male,urban,1
APP101575,7.279515064163338,0.954214149155342,47.58903574260496,0.543293459378059,9.08247988521857,18.29823138634085,0.6427486526910702,3.2498786418492065,126.29910930411052,1,female,rural,1
APP101576,7.176655886132929,0.6476977517299508,46.80476643984977,0.7770829418508222,7.01143302183641,10.862649700091438,0.22682365588049308,8.037446683662193,169.4695541518573,1,female,urban,0
APP101577,9.426056074116413,0.9385509198901965,41.45074136657954,0.9174884681416094,4.793940498838063,16.4387629216045,0.7445290539915153,8.168743794806263,482.56820953428604,1,male,semi_urban,0
APP101578,4.910064011322939,0.553292233622027,21.547115403413382,0.945447524644832,4.285762575860659,7.787766362928062,0.32750820422941845,4.244458859160419,230.57357242427406,1,male,rural,0
APP101579,5.927215572765505,0.6515024483231958,29.28554923924041,0.7386767110681992,6.46123627275374,8.602138964060948,0.3876261738147685,2.5481549472600413,37.439537146429316,1,male,rural,1
APP101580,6.5628331757713525,0.47647206221570704,18.317405024589927,0.5471128915377115,5.1167188395700585,7.569865549939524,0.4834850691897808,2.9824431719006714,39.629409088302225,1,female,semi_urban,0
APP101581,8.657436436251672,0.7659771440628499,14.18306207735909,0.7005645712027115,8.110112957551362,10.391000857709674,0.6607648614241837,4.626147982648618,367.42075715640976,1,female,semi_urban,1
APP101582,9.352622690499038,0.8475655613550509,40.622216374472224,1.0,7.7637745651617935,14.122012088482474,0.5584811525291877,4.151845721531556,238.19497533383796,1,male,semi_urban,0
APP101583,7.188942654653934,0.6048326789699665,25.770712531122,0.648206565323285,3.811322540877746,20.133299695661872,0.7029107757316173,5.906494987597076,169.5175937243546,0,female,rural,0
APP101584,7.87872269992758,0.6403517542960602,17.39673704091701,0.8388002302076213,9.30094260180823,14.677615893054044,0.6615754204291198,5.522415238587127,157.1394679817436,1,male,urban,1
APP101585,9.025673863161838,0.813549170458921,30.319556739483424,0.7567726597307812,11.18465117563056,11.80707329412398,0.6614361995992382,8.69773328725823,226.45348677899608,1,male,semi_urban,1
APP101586,5.710425678360969,0.5497530044175604,25.498884467303977,0.8573828763469887,3.774893815704271,2.3828030680364414,0.6233924388349856,4.74939302542206,317.3789782026073,1,male,rural,1
APP101587,6.027221259877724,0.4710344360904417,30.00366420954114,0.8931672472721416,6.412986713336405,24.11823304566194,0.8291663204488811,6.2040970342619275,146.04244810526643,1,other,rural,1
APP101588,7.594530246189887,0.8050945982716178,34.928812168804164,0.7802293620500712,8.744076136472188,23.302356295681594,0.39259634597130827,7.214874892888831,194.90602060555906,1,male,semi_urban,1
APP101589,5.522576366479082,0.7128522845610257,46.300814945806636,0.6966185412495423,6.952917446174228,17.873366334633587,0.8811871773086655,7.349760600239984,285.7131931759752,1,male,rural,0
APP101590,10.254186507032793,0.8569267812494418,32.97760720557356,0.8586964429731987,0.0,29.626300646042502,0.7778232388096584,7.84279282000724,248.618807215347,1,male,semi_urban,1
APP101591,10.610986972511162,0.913984823404437,40.70274178055151,0.6187132666832456,1.0422074007485471,24.429191676118034,0.7029421897878213,10.514718923335899,227.72081599200004,1,female,urban,1
APP101592,6.226641134910423,0.8185596596757587,22.960601187237035,0.7619618350314429,4.949454258524193,15.594004449022805,0.6139826219014738,4.028931566960507,225.15175422171134,1,male,rural,0
APP101593,5.578460943983748,0.5375655268723096,30.11610546736859,0.5814897253006397,11.987858475206668,1.8848485935864758,0.3441391911328639,3.3191884258449904,109.10967664403427,1,female,urban,0
APP101594,6.75098819274452,0.5779119071503411,28.553567550888804,0.6546815657622534,5.739896142437323,26.85878350835544,0.5518341455660056,4.516395018792638,171.90369053176738,1,female,rural,0
APP101595,6.597369211676362,0.6790274771689114,33.29509641286855,0.5339457657994408,13.211491051637232,16.55556958506474,0.8705432187949668,7.254853664134161,308.6976868943183,0,female,semi_urban,1
APP101596,8.495623130332149,0.6818966938826516,30.970643041769673,0.636863941748924,10.662154265645839,7.7956545230387055,0.5416429436743746,5.66472479070098,150.30725010324267,1,female,semi_urban,0
APP101597,6.501743198066526,0.7874665929895733,49.27830563699305,0.8502754188139862,0.0,18.53759359571929,0.4461040373810922,8.451082018019632,82.63847019141292,1,male,rural,1
APP101598,4.6496222083491245,0.5887761741684375,42.13784249168984,0.7518418749128937,9.462253117509006,13.835110719573528,0.7151666168522804,7.541914577595758,258.67498511389,1,female,rural,1
APP101599,7.337354286520055,0.5833607731872038,13.660556189038495,0.5776553202922134,16.70309931074,17.924472376030277,0.7305398113407428,5.413924721181177,159.50244950156684,1,female,rural,1
APP101600,7.152403050226921,0.7759814770407738,33.32686602209507,0.765737525254829,7.748639040664888,16.46334057441143,0.4064468559717803,7.484011182714822,270.0263315173586,1,female,semi_urban,1
APP101601,7.077010371747095,0.6051629498298373,27.15814240649005,0.6289247853857398,7.9651867564818595,9.03622228575901,0.6000523120433902,3.383764170628117,350.9802304360992,0,male,rural,0
APP101602,9.446761824204948,0.7759021664118264,26.157257008173392,0.813042166289925,7.769567749733449,13.27916586359425,0.6968121715137664,4.343002658508661,176.20824940817047,1,female,rural,1
APP101603,6.00641337909194,0.8433742430747098,31.698329722293536,0.5916849611076894,10.5191389471788,18.28908587801451,0.4236979283558977,6.489545746302493,160.56797551482688,0,male,urban,0
APP101604,7.28134987086711,0.7296743793124197,49.751770156551444,0.9837058664007967,3.7721116300342925,15.520062975018424,0.7885432682722502,9.232007273113807,391.54151060963704,1,male,urban,1
APP101605,11.248097504626424,0.9647730733031574,51.395227822443005,1.0,0.0,28.349571820258067,0.7016429069163155,7.351835323132235,226.22369474625,1,male,rural,1
APP101606,9.579042217554148,0.7987852344556549,45.99127168233286,0.8301885477746971,1.910283312806289,18.799928906906807,0.8288584290649991,8.950750510604443,438.83754882046327,1,female,semi_urban,1
APP101607,8.027528918208828,0.7286575297420214,31.033583454221965,0.7726066198707376,8.079261832022805,22.417068718528178,0.49557005081371164,6.2322507528834175,159.6501336070135,1,male,urban,0
APP101608,4.538883365674049,0.2666000629955416,43.248026237774084,0.7243603665524915,14.356187937861762,2.7849434627445877,0.6749770264863941,4.5720084200239945,74.76100237908622,1,female,rural,0
APP101609,8.268929994072257,0.5263683161484072,23.47435754084351,0.5396520169148697,6.066299069004603,16.873470065673985,0.5784779094925345,3.730874019765615,401.9349585150188,1,male,semi_urban,0
APP101610,6.751653095274696,0.46562110308526017,5.121659020774633,0.5430762124565629,9.909546362428951,5.70441456361333,0.43667251877863167,3.2930900196310584,170.01568080109658,1,male,rural,1
APP101611,7.849738870455777,0.6898973228579132,30.740157661124393,0.7950411509437437,6.905284646550376,13.712418512626364,0.5887413617056292,6.5666444248739,384.2485740395499,1,male,urban,1
APP101612,4.010214163034611,0.5763263763737233,17.903012718865778,0.8706046183337518,9.041803155603453,12.482941858988218,0.6050699854189555,3.8584701639699865,102.01977652822447,1,male,rural,1
APP101613,6.738831435770489,0.6952067557020007,40.50456960230548,0.5139931633217985,8.524094035015422,12.453574049254481,0.506424487358795,3.8235611028038887,180.1762675468603,1,female,semi_urban,1
APP101614,8.39711157688255,0.6711541249625306,18.43650682978449,0.889987276560603,12.845836013510405,24.401663354355172,0.7194319848144405,1.981888454063899,1.0,1,male,urban,0
APP101615,6.246135420844666,0.6563974479600868,40.234823038791866,0.7625475713413392,0.0,20.547096260740112,0.7559368465310647,2.9172448417583814,345.4079636464998,0,female,semi_urban,0
APP101616,7.867292289793893,0.9415038373588324,27.629502607543873,0.8748587696870626,4.709299107167862,18.411091229970147,0.6144076239720284,10.247610038010265,348.02267981228346,0,female,semi_urban,1
APP101617,6.240732232777328,0.983555658891627,41.90879434160692,0.9213893442311104,2.1227805688954913,18.207122997887954,0.6690998660475493,8.131426719190845,209.05957654479948,1,male,urban,1
APP101618,5.636096670825496,0.5971564938719719,26.197164573599796,0.9721420526242297,4.393112679525047,11.321761435967845,0.5947229720925471,1.0,225.8879803993626,0,male,semi_urban,0
APP101619,8.889372263741489,0.7279815944531547,38.67230304606284,0.9319001657603402,0.22240640271721235,25.53684683929759,0.5966914611819683,8.701978004843145,309.09491142456596,1,male,semi_urban,1
APP101620,8.55959256262572,0.6053159611015598,52.046940362836764,0.9088422494816287,14.543040989601668,13.924853326136923,0.661387003662712,5.408046916444608,131.18141616922873,1,male,semi_urban,1
APP101621,6.479623396910172,0.6319869889985057,33.42408414780493,0.496016520196475,2.2532650054132013,12.991723464883533,0.6302855120305477,6.817397436093348,182.0125872448852,0,male,urban,0
APP101622,5.691150464500337,0.5277947928077289,11.200914547042604,0.5405714224129555,8.9471858193586,11.325125177826207,0.702546991368209,3.712656830837672,122.83184238171434,1,male,urban,0
APP101623,6.788857795198969,0.3986752435427487,25.146287748910463,0.4751354214102861,9.329889157745793,13.303369430456398,0.7604309642260961,6.255512299045372,245.36338870093556,0,male,semi_urban,0
APP101624,8.775225523845505,0.5374364913522984,62.398629899847606,0.7106047185596871,11.877661980020696,23.006454907406706,1.0,6.268511085053305,226.73693222354933,1,female,semi_urban,1
APP101625,4.159983648541707,0.8318646921125232,47.88342327272889,0.7859759114067609,18.480444297730678,4.925545840030351,0.6236328892865182,4.202534570450625,151.94753712498306,0,female,urban,1
APP101626,7.202835332583348,0.7986330423486028,30.80238557255065,0.6514812473038254,9.16713696053026,10.805749562172368,0.6160251621000504,5.661750975735882,90.79512126547209,1,female,semi_urban,0
APP101627,5.27466183405207,0.9076021880858078,8.615206120751257,0.947636499562832,11.830142439912052,9.875066703307638,0.5185882064412817,7.509097369130412,106.1552004577972,1,female,urban,1
APP101628,8.10657048248084,0.852068068433378,53.95251895528302,1.0,3.392960756205841,14.162865562360025,1.0,5.824617439507545,251.56160086384222,1,male,semi_urban,0
APP101629,8.702646496097854,0.6308304080430933,30.80010945357212,0.7939238512168353,4.713824747211796,14.784274216566267,0.6156924967219275,9.874208099659867,308.47077504685444,1,male,rural,1
APP101630,6.844967936117085,0.6315026895012869,42.98363941053792,0.6199030893410682,9.464168795142047,11.76148603625699,0.9223918339898024,3.9945142913020524,140.4321343557101,1,male,urban,1
APP101631,8.251899966945485,0.5110588084400545,25.902340976283654,0.9381182078073564,0.0,15.561661108673167,0.9500993064745138,2.031216658730891,130.28690205751028,1,female,semi_urban,0
APP101632,8.383569606247546,0.5485713834728996,41.91326183367462,1.0,5.028649559865367,20.589405843138646,0.629835098563373,7.582740303401424,339.5869799960721,1,male,urban,1
APP101633,6.055707828009792,0.7042698238245573,20.535411287436773,0.7529151891630539,11.444477342965913,16.010487178453634,0.7629245840733601,6.333949406258316,172.05072472815448,1,male,semi_urban,1
APP101634,9.374005370251439,0.7862429401568538,26.852405611627585,0.8368992680363263,3.5124800146838577,13.224219109133989,0.7252485856580759,3.076362222463407,283.16439271361037,1,female,rural,0
APP101635,8.509563923773896,1.0,38.90676011563171,0.840932826162575,9.24295415867304,24.414668610637968,0.6254910899314933,2.6310898998127077,212.5475008395322,1,female,semi_urban,0
APP101636,9.220779621798249,0.8053762058450886,27.416637571190396,0.7092567691077111,0.0,19.03536199232021,0.7769289591070231,7.367221080468391,246.92212907767671,1,male,rural,0
APP101637,10.339272975482796,0.6496909926587429,67.52713962595818,0.7147512523599191,3.100015133205396,12.936027745570346,0.8815294022815046,7.810199106604938,168.13428474274514,1,female,semi_urban,1
APP101638,3.5287897811466227,0.5208308771172696,5.248489449126797,0.5363735166814081,20.341731960764076,5.232989908065666,0.5029945881312644,5.521611275641151,1.0,0,male,urban,1
APP101639,9.24820594245997,0.5900343421153194,13.084787717852455,0.6188163079482236,9.272936753369278,11.855962813127208,0.7896328087417999,4.672249048897094,80.7651134033677,1,other,semi_urban,1
APP101640,4.188640667676358,0.547655013100304,29.17191649509263,0.6780488062244433,5.862224221174374,0.0,0.6373585438972562,5.89588423023995,176.28985064421227,1,female,urban,1
APP101641,8.636459072603643,0.8493428407988007,51.71964787720695,0.8153192322853593,0.0,25.92569985952774,0.6567451650636821,8.374988708421402,273.52631743142695,0,female,semi_urban,1
APP101642,7.60112904359276,0.5865470180687206,32.947583103293745,0.5468179294818196,7.547495562315222,17.940511544150315,0.8474402961881449,10.511745527065553,169.24302898787204,1,male,urban,1
APP101643,6.7475312132090055,0.7352184000138661,20.690224483886443,0.425732470613909,12.093725571422123,10.018530069872007,0.40736409806484597,4.528807044873548,1.0,1,female,urban,1
APP101644,7.228660370114273,0.8584041901636825,26.23648394064068,0.9038679752993346,5.596088429095588,13.232837482189723,0.6678492465416264,7.037487055045863,297.13704834063566,1,male,urban,0
APP101645,6.570941993292219,0.9615277985207925,24.070846258749945,0.680219454356233,3.9816960679649465,21.236981646245102,0.6671614433597752,3.833201484075412,325.39003832641976,0,female,semi_urban,1
APP101646,10.192883376459386,0.840581048638538,41.54401671747002,0.7959590943941434,0.0,24.1208394564474,0.8662781163675002,9.503283486228549,367.34007405108844,0,female,rural,1
APP101647,6.412902605148555,0.9377985207127503,36.61987958130547,0.7328005623160463,5.773580949038361,15.822692823622786,1.0,9.854655890972335,184.16588253747238,1,male,rural,1
APP101648,10.41755590169673,0.7628962641988191,45.911586411079156,0.7337083886855484,0.021842856971929336,14.697575423579055,0.8445049188016597,10.33516051827103,399.524393961618,1,male,urban,1
APP101649,9.133602647169665,0.7317428618939956,40.613470546603345,0.6710819260671141,2.13264134350539,19.523722855936242,0.6925280778713062,7.2983659471430915,318.98103777816675,1,female,rural,1
APP101650,7.3375166215144425,0.9627672774512438,43.69624279747079,0.9461394549477907,13.961421939098011,19.60155987997815,0.6209957253005639,4.232929562589689,305.95232355367347,0,female,urban,0
APP101651,8.274344344858074,0.5259578975332473,28.753160316309607,0.7247849586607242,0.0,19.411124710678425,0.81487564210176,6.4611107709918585,178.92690191015998,0,female,urban,0
APP101652,6.957176239357234,0.6524639390566341,23.782101206668344,0.8347665018325532,0.0,12.83111243491158,0.6369432831687796,4.903267981516476,207.7547187439444,1,female,rural,1
APP101653,5.38423606838348,0.8716499844187288,31.77741414056062,0.8430436540586825,9.073222300145186,14.508657633239208,0.5774983733078722,7.892966768511518,376.62385751721513,1,female,semi_urban,1
APP101654,5.632725109608954,0.6862249488948109,31.06035345569308,0.792612791272238,5.447235299800225,15.995299229746914,0.8150577144040168,5.504408057984038,374.3802311179587,1,female,urban,0
APP101655,9.704475038792658,0.7719138794918533,42.85739672812429,0.9744049787180605,1.3896001986840378,25.571768228052438,0.9688340734835936,7.398966367464876,291.7202825740431,1,male,semi_urban,1
APP101656,8.8347998490462,0.7221631400829344,28.45953677084971,0.7968547052568324,7.1945527298458245,24.744665960369048,0.5835499393775347,11.587225783420468,273.72476636113913,1,male,semi_urban,1
APP101657,6.6293625701828685,0.6686624628073561,32.02024558674887,0.8745482169261732,10.99140586394784,20.557937312433193,0.36437453604969827,6.620433813217541,1.0,1,male,semi_urban,1
APP101658,3.7017450383530375,0.6821805661121393,1.9503862955749707,0.6451889489986602,9.457433795439973,12.475802068443837,0.40941755230602567,4.537230048086652,182.80731012649923,0,male,semi_urban,0
APP101659,6.334696889525208,0.8133243404132648,23.318218545877784,0.8399922931327432,5.927371788394505,22.801786504587056,0.4473263492902079,4.469580395146347,258.12390648905273,1,male,urban,1
APP101660,7.84781120066583,0.7907946486523021,49.3072589511347,0.6844329194637597,5.130126895821747,24.519608486950872,0.5697865816290865,5.58080192085149,307.86346340410586,1,male,urban,1
APP101661,6.147917675014827,0.9817472103089612,29.29685367645255,0.8971116088692485,4.709266081094144,17.94768185033334,0.6412626799979113,10.491372027475744,244.201537838251,1,male,semi_urban,1
APP101662,7.059582627727596,0.7491157946556722,40.30864697065216,0.44732423689535944,10.491628685256353,22.559885430043906,0.8042879879250447,8.941142535414706,214.3626199201375,0,male,rural,0
APP101663,6.269472766659556,0.727920723496145,6.82374911795568,0.8215877265958711,8.617335977052802,3.070532675823425,0.6213736184223736,1.4080682788375953,266.2073433377842,0,female,rural,0
APP101664,6.505506388810756,0.5060174582622801,10.572300400869036,0.5868079673427707,11.125695233953643,24.835968106190407,0.9689629075959252,4.1704764110310055,212.7803723668348,0,male,urban,0
APP101665,10.980204040389566,1.0,23.020259093903668,0.7517807216470062,9.656618043296023,14.54542426513777,0.6642457192348931,5.940124804742844,513.1741054501528,1,male,urban,1
APP101666,5.223669159865315,0.7150661165958333,29.551135935117074,0.4996839686436013,8.863100807129122,18.5399484175187,0.8270180485561052,6.603517213799433,269.5585102037747,1,female,semi_urban,0
APP101667,6.624572518179177,0.328835470803645,40.99332606554782,0.7657763588399008,6.047992176710439,24.275362599253985,0.7753857964428033,8.99432836944889,158.1217510958835,1,female,rural,1
APP101668,6.690121469486355,0.9149686077511268,39.86949889465585,0.6465566413575791,8.010899661284823,15.598426297324934,0.5240912993607314,4.5841745533441784,147.55749833291335,0,female,rural,1
APP101669,6.014736722769731,0.6106973401803382,34.023226616254355,0.8970861380116057,8.0651945013811,0.24519740415707503,0.5154225954325787,3.456371716070825,78.57154596552971,1,male,urban,0
APP101670,5.110040140573552,0.704799444368155,44.39810431790036,0.9260242889034175,1.0657799939856298,13.466457270915601,0.6459836841696333,3.368985371693954,335.28606676621246,1,male,semi_urban,1
APP101671,7.130584097647118,0.5575833467441678,17.04138806842409,0.5897926153801846,8.314055167022534,14.20585821077907,0.6243532890648166,3.060232510269727,275.14646429187803,1,female,semi_urban,1
APP101672,4.648359157648261,0.5843175401678128,5.250268050290137,0.270756349556736,16.610265514425645,9.097717303064348,0.5709955611220601,5.382474001954806,228.26006437657162,0,female,urban,0
APP101673,2.645324254336188,0.4883692401651283,30.82440523571031,0.29428044841983686,6.297261190495052,10.18742084734932,0.4967487681299614,5.41787491195976,121.30734336864913,1,female,semi_urban,0
APP101674,6.224924554017787,0.5734632610890682,40.61301514381503,0.5260611423086077,9.023024446557171,13.371638259584131,0.7272566868769502,7.052563335138867,222.12019774064555,1,male,rural,1
APP101675,7.0606188138223525,0.7019636908769371,27.329177781278798,0.6208248501116738,4.071477711495346,11.900260877547854,0.946803820174519,6.967584598804887,388.90919632389586,1,female,semi_urban,1
APP101676,5.300317982683277,0.588183135388262,36.82181066881484,0.7008147287742005,19.26832233754806,20.47277110175632,0.7891127791472495,4.094280625673509,298.5001675983426,0,male,semi_urban,1
APP101677,6.143508602285969,0.6994294144937385,17.700583992923995,0.7895574295535907,8.92901744393562,16.945864273955788,0.5699466061667263,7.57144828456266,156.7855937883402,1,female,rural,1
APP101678,6.174674303305838,0.7312815387679279,25.201598651126105,0.6188782878044757,14.915241826004841,14.111764583306531,0.5218265782562536,4.715666249007687,193.33028623319677,0,female,semi_urban,0
APP101679,9.290834955710391,0.7172040380433251,26.850949631371485,0.5562744925918388,13.421159882886098,20.84504501999232,0.7270957871077127,8.282979234914702,85.03530936232491,1,female,semi_urban,0
APP101680,8.996160387385682,0.8655305124936598,37.5498527084118,0.8677017361708186,1.5414032705609637,14.553533446108226,0.6202085150396879,6.785994721973528,235.77223503898273,0,female,urban,1
APP101681,4.242636925703554,0.8237045372508615,33.202989777091084,0.5480675087501347,13.759796336524083,17.245786995305927,0.49370632159558075,6.366108734696932,116.47451649843224,0,other,urban,0
APP101682,8.154553200049424,0.7344464690784933,25.819652991887047,0.7662169494474749,7.101488796098204,18.810489131685763,0.7065516307201021,5.38170804329809,190.42304992213928,1,female,semi_urban,1
APP101683,6.775941950050271,0.5514802765213481,34.868181845646916,0.8546295848202949,7.61824001361796,13.936080655405606,0.593713702485901,2.154203690962075,82.92181181119537,1,male,rural,1
APP101684,5.4305140179733495,0.9762447265801659,31.098881728554545,0.6763375442095249,1.7349429232358045,19.91021859650224,0.630984409861795,7.949655919375668,107.72610425183228,1,male,urban,0
APP101685,8.055601217183655,0.8741412295342195,42.504107643949084,0.8309339838675269,4.766544860262168,13.414330157084446,0.6230616485944709,10.195125098289711,154.84670308977837,1,male,rural,1
APP101686,7.71109756040131,0.9013540833043561,42.25260677588292,0.38282906833018915,0.5902544395013809,13.246389458687972,0.9232711937073745,6.719521238596102,206.85130139197634,1,other,semi_urban,1
APP101687,3.7548603302263346,0.7056874666819534,17.814772445477562,0.24825732194300715,11.991345027480286,5.67086074078671,0.3938862014564356,3.4707124883201326,100.93037740772515,1,female,rural,0
APP101688,3.4414392772931253,0.5580801889875752,15.255047300681182,0.6921166973527846,7.668739391098348,22.984509773764035,0.6467642772174765,8.249595440530317,7.3907614118078016,0,male,urban,0
APP101689,3.378904758155203,0.3075641837486373,14.999487431609833,0.836783840299516,7.41661266944017,9.674045357664125,0.6774905480598714,6.112972737096975,426.54604281639894,0,male,semi_urban,0
APP101690,6.3949271442582205,0.541865855146585,49.34324688941544,0.7187740128232962,0.15216073964417998,20.03624553919237,0.42946565638238043,8.130102727875549,185.70550591334455,1,male,semi_urban,1
APP101691,7.261565295360202,0.8284663402895632,48.672652901844714,1.0,10.363436286847755,25.632604449478066,0.9111529214349937,6.941705133614113,115.10732159853433,1,male,urban,1
APP101692,4.658910770292563,0.5802657531494437,29.47123079932413,0.3909592320693396,14.619185226658262,5.184570752336444,0.6132796912474121,4.497956709389946,184.07581462697948,0,male,urban,0
APP101693,5.133769072778264,0.5809353352807608,25.55069229189679,0.5599043446170736,18.41194690208482,12.672305451759643,0.6034337613391498,4.612352278035968,167.52282418647582,1,female,semi_urban,0
APP101694,8.144881564902548,0.3452024596996524,39.90984924824658,0.7679911752734089,15.623597210188535,11.044709602083863,0.8330343465972861,8.055870331411706,151.5139798474554,1,male,urban,1
APP101695,8.024059353906992,0.7200189293425648,45.02357551872517,0.8193927484269039,8.011447808547913,6.03480035639412,0.6703177195896892,4.2571955836495565,261.6463611519747,0,male,rural,0
APP101696,8.223144544379759,0.5993168468114528,29.362956870242073,0.7066961779392371,10.961586807904279,14.154094223192953,0.8592692317528352,8.070192788700304,195.6704581174216,1,female,rural,1
APP101697,8.52889637694716,0.6116202595805118,32.12294122503897,0.5889226026179972,8.596811503869924,13.162065698456104,0.3939135448770154,4.6994622759399665,198.59597525826015,1,female,urban,0
APP101698,7.643906351101774,0.936073439887554,28.70784891252739,0.9401669833074153,2.0637110789725712,17.87324969141146,0.9083262487831368,9.190876745663788,423.3245465663523,1,female,urban,1
APP101699,3.1947589160468812,0.4014018914630474,15.728970355534647,0.5827309310432622,11.657338647362302,6.290443386756129,0.4972616011535861,7.903716994978908,112.94894618158479,1,male,urban,0
APP101700,5.039950651938213,0.48151001507930585,38.38344244470014,0.5850656839147116,13.939883288447374,11.108807582865376,0.581844183018548,5.830971542459288,206.44336041215792,1,female,semi_urban,0
APP101701,6.168272427659989,0.7315188214570277,41.11683739533997,0.8039641776458925,28.310753322013653,9.200080562287972,0.5282593392199768,8.421482337096002,165.76986559265302,1,female,semi_urban,1
APP101702,3.6013830994670517,0.8094087993111692,29.419971715325065,0.6804216187820838,14.584962179205975,15.68582535760784,0.5903687897411191,7.376043555608154,207.7040069231365,0,male,semi_urban,0
APP101703,7.310752599994143,0.714867819643287,9.84230218927452,0.7887215894691156,6.597456934057494,24.830345723613817,0.706874031243744,2.8539495839743543,197.08202747708938,1,female,urban,1
APP101704,7.191142408047297,0.8223400824383668,14.645273097271104,0.5885534534727933,13.839935782975266,16.766114690673067,0.35695365831396564,3.7817670640267345,63.33588487502125,1,male,semi_urban,0
APP101705,7.857782633656117,0.4852997891598475,28.963074575036988,0.5760790235548917,11.175836408608745,12.55413690959476,0.6751203909910195,6.4377503332084425,155.71137875803328,1,male,urban,1
APP101706,8.605634083687667,0.5364155464589753,32.748015592703084,0.6479278500720116,5.640218561578795,22.195633838251233,0.9541315567775893,2.91270261183928,188.38720108072482,1,male,urban,1
APP101707,8.988819700086156,0.5885332759392574,41.07608162426723,0.7804990996972974,7.602433959820347,17.566307916631697,0.5860894483976297,7.820790061179862,392.9930764505118,1,female,rural,1
APP101708,10.827439772415271,0.5624452342185837,42.350451111644055,0.8538675446907961,3.3631348760899185,18.796821478279607,0.861377730782176,8.046968331999944,344.8269428708505,1,female,rural,0
APP101709,4.073322055168422,0.6613872712720417,16.64463579389221,0.34407701638642063,6.060769093223906,12.537870058558083,0.4755654328546762,1.754917981789248,1.0,0,female,rural,0
APP101710,5.488173270385039,0.5490258656469135,29.537174221864046,0.861867751729851,10.559009554723522,13.111153101564412,0.5642311441928503,3.9745067563178242,361.9471523423269,1,female,urban,0
APP101711,7.751457463659113,0.4261387822977047,22.89565344708944,0.6576422801061429,13.25831841625258,5.563850272342408,0.5832991034178573,7.428061464923651,220.95266402112586,0,male,rural,0
APP101712,6.313577660718344,0.7084475253010263,18.600995216249522,0.5106493379713908,8.969242990069466,16.740176837310944,0.6028355533636605,1.0,276.6229190163605,0,female,semi_urban,0
APP101713,6.179068508490717,0.8359814516824065,49.57839243454198,0.9814269734995784,9.11567283305245,11.476433797602997,0.6931881281455772,6.790718627761005,203.90672332534155,1,other,urban,1
APP101714,9.27402274620533,0.9540378132753515,33.9122292771128,0.8397290347995832,9.430131545700949,17.220571474753523,0.600881460481812,10.255323093262788,147.84226867994923,1,male,rural,1
APP101715,7.717376764049813,0.9229644834725856,15.70837111237385,0.6278584661555523,4.532436115538627,24.874704134152424,0.9280783482125642,7.7791675119789545,159.58938292166667,1,female,urban,1
APP101716,7.5532675016486905,0.6829215297507978,58.68999307000662,1.0,1.542682974624129,23.71747901874663,0.8129670011929195,11.229992815561442,454.1301198864097,1,male,urban,0
APP101717,6.607783027921099,0.8018010278155714,26.97210463825601,0.9961660305094858,2.339861072002554,18.89992483959761,0.8145580952975839,6.352992763554026,108.83534373640069,1,female,rural,1
APP101718,6.981494236152167,0.7411420829164066,35.99410465911923,0.5511206132599432,7.899675549868887,5.984030430005058,0.7904539535893642,3.5220929467210533,54.85230038809448,1,female,urban,1
APP101719,7.598223867144017,0.6480675547165043,24.928139443116578,0.6982655289504789,14.998958069429147,10.14850057934567,0.3859569540444726,6.367130395221384,185.52039166801902,1,female,semi_urban,0
APP101720,8.66605143930505,0.6841082348737821,32.038369091855095,0.6106818092595877,8.429364271527156,14.956392383056048,0.693813152059618,4.424801285185428,54.916880470702594,0,female,semi_urban,1
APP101721,8.925731674297051,0.6696483017857012,43.683719665243785,0.6186446043495482,4.288564177974638,26.019710377545238,0.8221114177971516,8.004174045150203,376.02588274665754,1,male,rural,1
APP101722,6.659438094566668,0.6138707914367723,40.72428197971801,0.7827152959663747,6.0972295064799855,16.665637693194217,0.8128448458268044,5.799285730462042,270.97980184557014,1,female,urban,0
APP101723,10.646574803817042,0.8549097297066569,36.78570466511356,0.9633061489143021,2.4788878854680765,17.58838242761005,0.6537270054360728,6.398848835383867,321.58816984979546,1,female,urban,1
APP101724,10.153351864413022,1.0,33.49609097126294,0.9491494475529793,0.0,18.049911943219147,0.9298754123558963,6.557401898144336,238.47015678088044,1,male,semi_urban,1
APP101725,8.219938427876045,0.9395553401470716,38.585744352353764,0.805107392949582,6.161990709327358,19.4211251923414,0.5752983953663093,5.092814066980909,286.11800887973345,1,female,semi_urban,1
APP101726,3.441516675186064,0.7179978222640165,18.873297239677946,0.7750515409724936,8.254151561017624,4.684592063075209,0.6089183198015318,5.210446765905977,309.6732879679081,0,female,semi_urban,0
APP101727,5.090479259577071,0.6658391013496778,6.557840064023154,0.5028177312726484,15.982379544027975,13.152649862682491,0.6349937903630306,3.0797217537765573,46.35369473783706,0,female,rural,0
APP101728,5.038596111012147,0.663364643526619,21.70342254612735,0.9692226118189838,8.349766063452964,6.788609392726923,0.5949981499742774,3.0088861371357316,291.48866797284745,1,male,rural,0
APP101729,5.528012354602072,0.38108231953372007,49.52769789577255,0.4946877856992238,11.33956552077294,4.64797340070519,0.3679650881846295,1.8170235750981005,206.3855143608866,0,male,rural,1
APP101730,5.966298655361289,0.5565947083948145,10.159133037637051,0.6055096271620064,7.731868086909918,14.987104929529211,0.5720961422642805,6.049684177935487,186.96676339799475,0,female,semi_urban,1
APP101731,10.572533662860845,0.6574501933841062,39.419556171793694,0.7263308599086025,7.129575964487023,21.810081139796694,0.8857779815485636,8.896325383125058,283.3821449956742,1,female,rural,1
APP101732,5.153156417834463,0.8202347132307958,30.632913148307107,0.666051410658696,14.26382026287055,18.410039793803005,0.915692070025893,8.182481137500243,267.620558184509,1,male,rural,0
APP101733,3.718262500270929,0.7390936374322072,39.12583140565239,0.5806117972021567,6.3938181554166835,4.294915660865346,0.8148133516770384,4.3756330952179665,45.12611920344631,0,female,urban,1
APP101734,6.639821791201113,0.7620112538543917,14.52688854103164,0.6357491734827649,11.085665269938174,3.221172490598887,0.6684258466860918,6.101581945528147,26.738088233398514,0,female,semi_urban,0
APP101735,9.430638592660976,0.9872989335781178,40.90394147089048,0.8680823365464913,0.0,20.453372196616492,0.8250876611209268,8.088401459756717,374.0110181319441,1,male,semi_urban,1
APP101736,1.9439598207407833,0.6324829105346084,29.809961841108574,0.5140452416301549,16.858491493640223,1.5853208487381387,0.6193939084780361,5.344076608173144,39.191229962482026,1,male,semi_urban,0
APP101737,6.2200376061030855,0.6741039956009804,39.14597037265771,0.8867271167668461,3.205288290715024,25.79930527843098,1.0,9.31130473482198,202.77424164422462,1,female,semi_urban,1
APP101738,6.644319682003033,0.6951584136618751,22.56282078598734,0.5644152975453816,0.43274448369581187,9.725740980669787,0.7314037459153653,4.593688642062788,165.58474676570026,1,male,rural,0
APP101739,8.848710848352003,0.5789174631767648,28.665910737610606,0.8209696130822205,2.0536283674682583,25.553096563481574,0.6476343179476158,3.6015648112792356,226.33664863939836,1,female,urban,1
APP101740,8.797518106033916,0.7297374506439787,20.700298230627464,0.7554512707711918,14.482404469642663,6.742964185285379,0.5225274365823973,7.325479756759098,113.35179228163915,1,female,rural,0
APP101741,5.918799578880282,0.6155066104770457,24.12024987864666,0.6896728994934569,0.748900034406061,15.783254081053068,0.5877435230057366,5.638102523697913,121.86924835783798,1,male,rural,1
APP101742,5.598884739755707,0.6088772711405874,32.436254700863024,0.5416595722385681,12.0634478888046,7.49981298776749,0.612531130669773,6.5767194323457225,238.4912782402513,1,female,urban,0
APP101743,7.070488684945625,0.8924291558421684,41.98421975796508,0.8711040459630955,2.7637638061401053,18.57842176332383,0.6477665244091861,5.567738482098804,246.30044807687761,1,male,urban,1
APP101744,9.49849591109507,0.6920816106456575,44.809786640738324,0.7080043989558406,3.412606276731797,21.082155457395842,0.6850914247018103,7.253805669141758,215.56903068251813,1,female,rural,1
APP101745,8.63847558764623,0.8009752352670264,29.377049093761226,0.6811071255183695,6.157513754402913,17.120399634981432,0.5859002808361344,2.3743197144573793,212.8002986422248,0,male,urban,0
APP101746,10.934090080367277,0.6345311454925381,51.89915784160383,0.8559821306891263,0.0,26.9311063148682,0.7530509767347673,10.02606785244803,317.7756714878046,0,male,semi_urban,1
APP101747,7.830266793341314,0.804233826012453,48.28520327968635,1.0,3.52402550404718,21.54915486140703,0.8122870906431537,5.93604944930432,256.2731330760667,1,female,semi_urban,1
APP101748,3.219527420483171,0.5181868156140094,11.996817517152351,0.351741495966236,16.746092559261736,11.779239035130654,0.540865759901339,1.5278763948693288,123.7753462667964,1,male,rural,0
APP101749,6.68367439583581,0.8021931954216688,36.222962394967794,0.3002569231936716,7.303864346294562,10.824026344800766,0.6619920253569074,9.473445958529442,181.1986762891921,0,male,urban,0
APP101750,10.896619830326191,0.6155398906321241,27.990755686320554,0.7662709165598256,5.846804053186776,24.328778799779645,0.8756040413124067,9.766480847149472,377.2961822391468,0,other,rural,1
APP101751,5.787767954539856,0.4296175717186372,3.8007019360116026,0.4218110272829453,8.215532418536048,11.257341520214291,0.6166843047583956,6.492897884240624,50.87102364487595,1,male,rural,1
APP101752,1.9928419930736956,0.6602390270188588,34.55996356202585,0.4446946861398094,16.385590483153045,12.317756148085179,0.0,1.0,207.51484679921833,0,male,semi_urban,0
APP101753,8.018125838332448,0.7452376599881986,36.015253907517035,0.6472198582272737,6.439051900342941,20.771670018073085,0.6484650221803459,4.36242602018001,205.71949832442232,1,other,urban,1
APP101754,6.324216949494484,0.6692300564165687,30.98126187799215,0.5700315690993837,5.896632734290417,17.24383109222584,0.7346646706359049,7.598278571567345,49.839846484698455,1,female,urban,1
APP101755,4.108330769194728,0.5903894932702275,16.78951010763044,0.5532844019808114,3.604296392182248,15.924971280816145,0.5108672982516473,1.3062761586210252,131.06548015235995,1,female,semi_urban,0
APP101756,5.5331477601733265,0.7159276744524754,6.3971134370742355,0.733324604627782,17.013049063059857,12.752197077603004,0.627070049596206,2.5769679350134496,87.79733322108379,1,other,urban,1
APP101757,8.643732726988624,0.8038641470352078,28.17891547697907,0.7840750083061563,1.8686972620130815,13.910824724776738,0.8604714478188678,5.556353896540809,188.08762093190674,0,male,urban,1
APP101758,9.020344407022362,0.6847999788615496,31.812010206986933,0.8286058318309012,12.299412076132612,4.57544581780382,0.5460514837287336,3.1237250653437427,84.66062393546235,1,female,semi_urban,1
APP101759,4.4631635070064455,0.48867219259184513,21.60494564750195,0.690701893295893,9.411430099643256,18.150602176656406,0.5165624997713445,4.4004128694843105,274.03814848793667,0,female,semi_urban,0
APP101760,10.718060928841421,0.950044418441212,42.375768192435885,1.0,0.0,30.465900968334058,0.8699618970031558,7.384928895938367,262.75693234184735,1,female,urban,1
APP101761,7.68675713590881,0.5002682561293778,17.97390666753479,0.6224159526702832,11.92882901346004,11.875520070335702,0.5797735272334897,2.54998417767441,1.0,1,male,semi_urban,0
APP101762,7.931540644716281,0.6113576624020299,42.570536382983235,0.9755909982048476,14.484469113495937,19.562534911908315,0.7567262547551703,6.712978457939773,186.06571294266863,1,male,semi_urban,1
APP101763,6.1806619882022495,0.5412554794467899,42.83048671565125,0.8474600596275425,9.51554248507813,9.156328564799912,0.35640544230721205,9.053790136922863,428.6283251644651,1,male,semi_urban,1
APP101764,7.460133059399787,0.8136869841799087,37.50365600546187,0.7623410628935352,3.8455612505159316,18.750711640518112,0.7113498460086044,5.270838042276731,217.1127518535331,1,male,rural,1
APP101765,5.441235756221586,0.7460336975298207,26.61380642067885,0.6900304873709898,20.084708442449628,9.727908630776302,0.356093914374386,4.118360243153894,43.80354481483258,1,female,urban,0
APP101766,6.665502459272217,0.7026866463413289,24.7290457962265,0.6938324570989842,0.7247797587904792,4.757783860162347,0.2331076130364676,6.456476327700508,150.1808350663698,0,male,semi_urban,1
APP101767,3.895309318140793,0.48269086769778136,13.031267876742517,0.5247083518119218,7.7252307659334996,0.0,0.38698299202466707,3.8723059109803604,235.70242295873518,0,male,semi_urban,0
APP101768,8.397017660728952,0.6803427570771162,26.260265095587936,0.6988703531093982,6.938770087569479,13.988299200134346,0.38002385165155683,4.836967944144004,150.62088107382993,1,female,rural,1
APP101769,5.985956371909717,0.6880143455299864,33.95484212264068,0.8067187410408844,16.06008810635759,10.595204592304624,0.5574675703990681,4.255303898550763,97.25437880607852,1,male,semi_urban,0
APP101770,4.50442879451897,0.7329089633021422,23.147884315245193,0.4332466057526496,11.909235600371463,14.416554230839864,0.6055543397470446,7.977144817795847,259.9257257798061,1,male,urban,1
APP101771,7.119717711771696,0.756986996774237,37.7587610766803,0.7065441191055835,0.0,14.487829582841703,0.755990512447269,7.278329856248951,258.76858713591116,0,male,urban,1
APP101772,7.518634953159451,0.5305491756276389,53.76755931608093,0.8122674769989516,6.288932914617675,7.909521110696091,0.5956605038524792,1.942365980528253,243.70978847573372,0,male,semi_urban,1
APP101773,8.98174840758425,0.8139011993040437,40.64405188050816,0.8723945907154091,0.0,18.808408072341237,0.5186810458019706,7.5162836865057105,187.83177478776764,0,female,rural,1
APP101774,6.6808162216799944,0.38201156733627994,25.43407496525198,0.4945040271625626,9.712287799660386,12.19642201631281,0.6336043078056028,5.016952713793686,118.17049412591552,1,female,semi_urban,1
APP101775,7.059744770136884,0.6409276245007213,16.070890785672724,0.20624273806880777,17.598718941776987,4.815652392706647,0.8312135339732025,1.0,202.24819846785988,0,female,semi_urban,1
APP101776,4.2185593882667405,0.46063730426810473,28.126588091608802,0.8969448934558676,15.466530083848154,8.795107335383745,0.7188240576550073,4.034106695514163,191.348526518296,0,female,urban,0
APP101777,6.301549622697058,0.8724471508720422,13.518634222276784,0.6922211034852861,9.486782589264608,13.770507451571117,0.7466447376491799,6.899225564585724,279.6360207984834,1,male,urban,0
APP101778,8.215054257861897,0.2597127738404823,40.395682267259616,0.8694179163758281,8.447460837539849,15.423716711586218,0.5288045302865743,2.8752962386204928,150.0040007680651,0,male,rural,0
APP101779,3.8685650096796977,0.9391363973874154,38.729408583796925,0.8307136504828663,7.943958687676081,13.926322454833198,0.5613297795490573,6.225429421298129,296.05341426274805,1,female,urban,1
APP101780,6.194633323429966,0.4057952314322541,19.205891250434583,0.55159609108403,13.107658352295584,2.9522771742483016,0.5055553112302329,3.0545026492565617,200.14233261145625,1,male,urban,1
APP101781,10.617249901986515,0.6382676875714945,40.958681675992764,0.482825048822273,15.597491358071382,14.943609812546638,0.8339186777102258,5.891795682420776,251.5750232094956,1,male,urban,1
APP101782,8.694849003114683,0.7364468641387231,23.669465761963856,0.6462144333743521,2.368911629456412,19.238485284769105,0.4690952460841342,7.062946376329439,270.78312223652534,0,female,rural,1
APP101783,8.610528953372647,0.8341642072705615,36.71447660353883,0.765940224582401,14.49675299950739,13.639822875419972,0.7347484939044733,9.175135694591827,162.262320230893,1,male,urban,1
APP101784,9.643016468217178,0.7651493537275681,40.302653728331435,0.9137133169047381,5.452279841829688,19.94042486152247,0.6850263514331127,5.785691520984139,429.66241913452836,0,male,urban,1
APP101785,3.7012238396579047,0.7180748094547212,21.86288670529285,0.4280750983211643,16.154829697428887,18.833650290574358,0.24805927049894638,5.5897292998555566,213.86928966931157,1,male,semi_urban,0
APP101786,8.84850809744481,0.5664330268566599,18.449239324089127,0.7358566728242308,9.41876401021766,17.454887333094298,0.5307338075879142,5.692277738266634,173.09353201232238,1,female,rural,0
APP101787,5.292556824142382,0.6462228340540986,25.740461286370504,0.7585949904673037,14.804786555708976,4.567204941077717,0.8454003957702285,1.6966345128531746,197.98506047717814,1,male,semi_urban,0
APP101788,5.1829185324557105,0.6475908460620292,40.82180749809642,0.8649083295529273,9.896818360571887,21.869666134882316,0.6618848896513952,2.9881574184617,216.58953466791755,1,female,rural,1
APP101789,8.305685684337208,0.6674989204460351,29.005333335573855,0.733269534529722,3.0671507907324167,18.16114855769683,0.1774468947008918,8.181695902880431,230.6361251660164,1,male,semi_urban,0
APP101790,4.1824372794995845,0.27133714871300874,1.0,0.6355608361733376,15.099332857690356,9.91969832760974,0.3757857320498543,1.0,224.80789792328727,1,female,semi_urban,0
APP101791,6.256224883277357,0.6260452623382404,22.170775156486343,0.6892290299753434,16.09278890762077,13.008116778836515,0.6976706943822425,3.3577901578478837,108.8202232524852,1,female,rural,1
APP101792,8.334754591278191,0.7286558584351136,58.24653493876609,0.9079832988944805,6.394328006576721,21.862128133800415,0.6626286595816806,6.755424510023058,109.201722532953,0,female,urban,0
APP101793,8.003972886532761,0.7508479663878467,28.50962629263278,0.4772740567575247,1.5103769328254,9.057320408211693,0.5899697134443329,4.678450213097785,103.5618082600514,1,male,rural,0
APP101794,9.110941942427562,0.6044653419162791,32.92067232502979,0.37389823159255636,4.017835831716616,12.460008045109817,0.712402195553187,8.316502860188022,350.7465072837187,1,female,semi_urban,0
APP101795,7.5770388587250075,0.7044115890537261,38.52302411873032,0.8023335720437607,4.978957461833341,21.633763887947246,0.8029944566417785,11.143570021355334,376.5624287784384,1,female,urban,1
APP101796,7.426518437805982,0.8413094505303171,33.26931270309032,0.6462390561719935,9.147857859450783,6.130201628679749,0.6062765443643856,3.5841080979776794,190.83240487931843,0,male,semi_urban,0
APP101797,5.893160591752909,0.7533794553177247,13.282233572155071,0.5619315623083869,5.194096808729215,24.55224689532171,0.5648495467339911,6.384929491146616,159.99368747005445,1,male,semi_urban,1
APP101798,7.917098595090339,0.7522313068252077,18.72360190185116,0.4648432916937988,15.6712319338929,11.680512923635714,0.6980025823618723,6.301728608438675,183.4005390869542,1,male,urban,1
APP101799,6.963500649115009,0.7591189614850047,33.18282137186421,0.6287867644583206,0.0,14.296493306799604,0.868610762494419,7.246944853745334,144.3635377526405,1,male,semi_urban,1
APP101800,5.81718698522507,0.6497721645144929,35.243093304046845,0.5739962588874865,12.631686923161244,5.674442133641174,0.5590608726964009,5.724368838129383,1.0,0,male,semi_urban,0
APP101801,4.724325877776229,0.9995112887903689,27.978609243948625,0.7689621963562967,7.617525984274439,18.013526292210663,0.6985363454830066,5.658938809911431,153.08089598741398,1,other,rural,0
APP101802,2.0368294050502107,0.607927618551877,36.14786051291032,0.2631752543921788,22.177388049848215,11.981653411063085,0.3912693409165672,5.186895423737458,176.58276879219466,0,female,urban,0
APP101803,5.796142083180146,0.6181837372602756,28.746434637465747,0.5405898851142417,5.481839600730394,15.100747665753849,0.8780883280515857,5.545999912248149,238.05436171870346,1,female,semi_urban,1
APP101804,9.15387646695103,0.7648343018277389,1.0,0.8595748418448359,11.312630757227932,15.716053100638241,0.5346103720690357,5.224899799910441,158.9915465076304,1,female,semi_urban,0
APP101805,5.825851363955663,0.6515561554143537,40.72660999185701,0.7376650483375927,7.346200838015786,17.16557643643417,0.7797766815557874,7.733273407379652,337.0191789923005,1,male,rural,0
APP101806,5.99502752115014,0.5432803080817059,22.783366339108063,0.5668771661014772,13.380161210275018,7.509197954803236,0.5889683073208452,5.146198621507089,18.070141790394857,0,male,urban,0
APP101807,5.08929537414646,0.6923376217641924,31.674785269754256,0.45392328598862863,19.026428331579194,8.082835889656469,0.7191393031848395,5.8766577443803545,84.6486811386896,1,female,urban,0
APP101808,6.786816661872977,0.5865876400972941,37.85221958494437,0.7353540856527346,2.0990547489493236,27.06148084217014,0.8131575161255912,6.376912785148275,247.12766327127696,1,male,rural,1
APP101809,7.1474279763654085,0.6377563450916548,33.204550698096696,0.6847374797738622,4.163456521158274,21.62898719095085,0.8133695215945337,6.127043164960321,156.65947617464008,1,female,urban,0
APP101810,9.02953404179464,0.7423017123323882,24.795046568831584,0.5995101573388603,12.788502569676073,17.188036254185278,0.4252220647382356,6.5160742813541335,123.6786285915453,1,male,rural,0
APP101811,9.433621746376083,0.7214941509979023,37.134296927831414,0.6224896332138514,5.651520448307213,25.821964484890263,0.6508769727770282,12.454248323994998,427.27439755641615,1,female,rural,0
APP101812,7.041357467868286,0.8102616478910709,22.178832527616976,0.55451251210432,7.834971522954325,14.712234693931498,0.39944611886982484,6.994257424549267,86.70659360741189,1,male,urban,1
APP101813,9.36795397131467,0.5802701151971303,28.53353030281773,1.0,6.660429936265739,14.663026748938654,0.4692691478607116,7.326974954957616,165.22039728721245,1,male,semi_urban,1
APP101814,4.6273793364247915,0.456716319009409,3.3527002198120748,0.5658675099495841,15.889549003009643,0.0,0.7602277506364554,1.3649591946746074,178.35898708953314,1,female,semi_urban,0
APP101815,9.192459083262209,1.0,21.396588237683417,0.8876887891972258,9.04891101235097,10.87154845769049,0.55127270807574,5.097636342723668,235.09588375213343,1,male,rural,1
APP101816,9.168716412391433,0.5249168684046129,33.26636213666078,0.7567975191559005,2.529406797810202,28.547669201720616,0.5490841353317972,6.4408639307280415,127.22626828612032,1,female,rural,1
APP101817,8.733705273193857,0.7225829358721603,9.984467563194688,0.708096813052382,8.258217198867673,22.130526186042438,0.6748577035420136,8.351850505919195,390.50435482628416,1,male,semi_urban,1
APP101818,7.265033659074821,1.0,12.906954050458957,0.6669165083484931,6.590017046180056,17.67012239188851,0.5795668460094842,4.7898867472737,163.39387902327397,0,female,urban,0
APP101819,7.633627600065752,0.7816846123972355,34.394777927774065,1.0,7.343041986840516,11.410983872431201,1.0,9.004369766374932,252.3823863608078,1,female,semi_urban,1
APP101820,5.878431515398678,0.9142267325697865,29.815692735866676,0.7946983081711264,5.967220832756389,18.784434990906217,0.6242501548949188,6.483620427877357,258.47242845388536,0,female,urban,0
APP101821,6.941620369693564,0.8746974908036437,33.780810002548684,0.6929881780028069,0.0,17.45109182360669,0.8128088515957885,8.246387605117262,462.2324083514125,1,male,urban,1
APP101822,5.125241858868625,0.665637156395204,3.2054961992073387,0.6284406164450702,12.526744732289979,16.825661522897903,0.49132610134366544,4.902440160015202,148.16141708587756,1,male,rural,1
APP101823,5.991995506210682,0.5765181350120068,36.17429541356868,0.7695153414522232,14.379073539443,4.246158077628731,0.2708384031054454,2.729040996755714,49.33917642280066,0,female,urban,0
APP101824,7.039673370183452,0.4075809105511592,17.93076036175132,0.3278825761381508,14.184746755052327,13.824180294628952,0.5725411666552105,4.562046097003339,273.90377435999693,1,male,urban,1
APP101825,9.802683948145276,0.795838827792212,34.75189120499984,0.9332441069042131,0.0,26.61084320804443,0.7219353815751786,10.097300032766412,505.7118262663978,1,female,urban,1
APP101826,5.911692024070671,0.6134907088474435,6.461534119553583,0.6691303959177733,11.895061326974488,18.57195940540386,0.3895749519598961,3.4197140529747445,131.2295719785572,1,male,rural,0
APP101827,7.6949094341974416,0.8870523374958824,56.69756972427474,0.7838787998361019,1.5173974970939326,19.3229447068528,0.6003699818159705,6.891576186604391,298.5349004232638,1,other,urban,1
APP101828,4.317396622716809,1.0,27.926497745688884,0.669592852626168,8.464140551104537,6.508771251305739,0.5830817695976972,5.049292476075157,192.81936230733962,0,male,semi_urban,0
APP101829,6.467856243329118,0.7295334977950316,24.13264969704922,0.7861599911013604,0.7362579424455777,19.483919664292706,0.583717830013259,12.594392972268814,13.758862071255976,1,male,rural,0
APP101830,4.910881003501217,0.7327592707138693,19.004813574183952,0.4708451824852672,4.830265409109069,5.612281014008033,0.3415093823347199,4.3618025850601105,108.32632085414099,1,female,rural,0
APP101831,6.834857788940813,0.9517762083268346,38.7287883301593,0.93795098033096,6.656495832110149,12.911454798185519,0.7622305877741175,10.848842842643993,103.49587976944926,0,male,urban,0
APP101832,10.644612572708876,0.8544806673356067,24.140949342337365,0.852182172438464,2.9320613297832407,19.99995124305071,0.856091748071587,2.297544533723846,232.65347110320133,1,male,semi_urban,1
APP101833,4.5121989775534885,0.6745747156808036,32.680780833680245,0.6879712840653043,4.306078791743008,24.802531012814892,0.8140121641291524,5.2087010446156,154.44286555809083,1,male,urban,0
APP101834,11.651759057561163,0.7956327251953661,34.2165261258482,0.8620264395266422,11.378600315621107,16.146609466575853,0.42171998354155255,10.065791927956045,53.480323123492354,1,male,semi_urban,1
APP101835,9.206711796606617,0.7656283091024235,45.83677514887525,0.9640836520497991,15.73067864517483,19.06254445463462,0.68814805317387,8.395640347346296,314.8021705788212,1,male,rural,1
APP101836,9.18834470916078,0.8138974733460799,39.11114882266988,1.0,6.063546273095767,17.91980934835804,0.5034657315092743,5.660052203226947,301.0789176581131,1,male,semi_urban,1
APP101837,7.961202562208722,0.6516987809339099,22.016103833685285,0.7908947106167958,1.2854688965050318,11.498759393869626,0.5237113587613841,5.492084149599644,175.528381619424,1,male,semi_urban,0
APP101838,8.260746813828293,0.8160943284416899,11.484733095687073,0.8717354769164382,9.19963661741659,7.283520939232032,0.8862252321111679,8.417296281695474,89.209236164278,1,male,semi_urban,0
APP101839,8.948181328123773,0.5123324787444781,24.264349392025373,0.7131865468051555,0.0,17.19456463223677,0.4955366643410335,9.560798288061385,296.64251046043967,1,male,rural,0
APP101840,4.474731779024788,0.661917722877294,10.09541037654821,0.9426244552553679,3.352993013121206,12.92614787731505,0.5036069517995899,6.928821566039003,335.6619651270825,1,female,rural,1
APP101841,5.385513067566317,0.8408154738267007,22.50683066433729,0.40160702506141366,13.28805648254901,12.23459601401408,0.41064582732221144,3.1506565268779454,177.02113355121128,0,male,rural,1
APP101842,4.867105625686827,0.6093982083608077,22.312537297827816,0.40036792861262116,3.0731183360643426,11.446067336890348,0.8227545479421454,4.396087514051288,135.44556875152585,0,male,semi_urban,0
APP101843,3.4867815089029173,0.9118436310751159,18.305456033910133,0.6752724698567504,8.781062182491082,19.335545565840697,0.22427696911623501,4.256994828586114,130.84674360682016,1,male,urban,0
APP101844,6.667643220287192,0.7685177103076412,21.00140658365259,0.873484195087885,0.0,14.675656032188616,0.6215037530850945,5.14484404795533,281.97571423009424,1,female,semi_urban,1
APP101845,10.595442378392928,0.7439651519152465,46.58761605666548,0.39780421310249797,6.445849246877168,12.236817604800565,0.5857108742082728,6.738698436490726,257.4310500422385,0,female,semi_urban,1
APP101846,6.338380356730299,0.6907314688693713,23.05465946785929,0.6943781860364014,14.552848185463386,21.980469305590447,0.35837264837909516,4.917163519749264,229.1266464467522,1,male,semi_urban,1
APP101847,8.435145600603239,0.5506113154156252,44.29274082143582,0.5824169384994716,8.52938849071494,0.0,0.6869887324686625,1.5453845039173002,173.488624844113,0,male,semi_urban,0
APP101848,9.860657522076085,0.3850443744614566,28.74079675603277,0.8165174865448444,8.52844542837795,13.337398779268929,0.3571941530285196,7.3188139595677555,130.1593945222018,0,male,urban,1
APP101849,14.215270359622917,1.0,49.85134250132082,0.9935034422539887,0.0,23.69771143117087,0.8079642222003529,10.471949711087522,272.07093648071856,1,female,rural,1
APP101850,8.837191015169463,0.9608370736935339,24.265830862935662,0.3771880832590997,6.653499866082984,11.023743374820635,0.5531028472112539,3.356709976932115,133.71270538916323,1,female,semi_urban,0
APP101851,11.50498707548402,0.8365836756704543,39.222452963401615,0.6355756095778872,1.584971929927316,10.469905172061601,0.6180109008810813,7.585984804166582,300.46673517871295,1,male,rural,1
APP101852,7.346549974715238,0.7717847217455791,40.0796653094047,0.5933914489293253,12.259120451514821,8.604104055867936,0.37809365031548897,3.88262746029193,62.59331335424355,1,other,urban,0
APP101853,8.745942607732976,0.7661744476464983,49.46296485067222,0.9411005396805305,0.0,24.46811936523651,0.7417151839790985,6.766765469743664,259.59302607495533,1,female,rural,1
APP101854,5.304233269294609,0.7311333133227019,1.0,0.62084500186265,11.32945645070171,14.79994841114647,0.35755642460453757,4.524651420389706,99.85959934735348,1,female,semi_urban,0
APP101855,6.34874109518046,0.6506857764486946,34.64686072572639,0.5830398818166295,11.568906209700723,10.742275131780822,0.7170179309325524,6.073622089269997,133.62319831786465,0,male,semi_urban,0
APP101856,8.058969544088281,0.7957146708186656,39.978243233918434,0.8092676984955167,10.60188395219389,13.12826421032277,0.7969562723390542,6.086256656138956,377.9684482461317,1,female,urban,1
APP101857,6.450545744481951,0.35336898966382146,20.2925533730495,0.4404694063413963,14.117735785686614,0.4836177806638631,0.801830843785253,4.385957134680192,236.9964643687228,0,female,rural,0
APP101858,6.251047616673665,0.6172503461045643,46.82415563246802,1.0,7.754025776121926,19.535430162080647,0.6623109690593625,5.784279767830964,244.88908013759283,1,other,urban,0
APP101859,3.160066538130907,0.6368698318834505,36.88668555265319,0.678141327211854,9.293715121329235,14.086576962845918,0.5905962408409319,1.6408121547829242,280.6613611554536,1,male,urban,0
APP101860,5.565913979093229,0.704114145703228,27.168877395297933,0.6944629801714969,17.24544824108768,0.0,0.4312002507107435,3.026168742497201,190.07574187539024,1,female,rural,0
APP101861,6.567782432200293,0.8807069402319269,28.20659822483914,0.977045881434374,2.2475691071805786,4.903739984025128,0.9573418719809016,7.673385106531859,252.41960845657374,0,male,semi_urban,1
APP101862,6.861842478437965,0.5128397110120024,22.549685038280515,0.9333679333310829,1.9988932745497676,18.169930236613094,0.7136864276905592,7.606657775475234,204.36380751559702,1,male,rural,1
APP101863,6.371170668816634,0.45068640133198046,35.055804407395385,0.6986264852698246,15.730127784450099,14.948573599149842,0.6000585897849624,2.061830444160954,153.69253712314276,0,other,rural,0
APP101864,6.754823125656282,0.8084897621554218,45.47356331525024,0.7207331018365513,9.070886806787279,13.656820932524516,0.7571731689128552,6.749579374362468,259.89811493965755,1,female,urban,1
APP101865,10.181491715958515,0.6890739402781736,18.811990247635116,1.0,6.439700364332147,19.890014656129395,0.6796251667902853,8.072755514498239,252.36006923254547,1,male,rural,1
APP101866,6.9134384200709835,0.845092272863333,41.84425168013465,0.741246597044748,10.61112784731468,14.308973724622264,0.5886866636406209,2.4215095374336317,81.65226820517299,1,female,urban,1
APP101867,8.699845984589464,0.4527528704893231,27.206373793126197,0.6095851969065272,7.6209916399379765,14.996045691963834,0.7275764032332027,4.329481798615384,173.69676774468877,1,female,rural,0
APP101868,5.647332276600165,0.5744590353191118,1.9398190749773327,0.8953679641243392,4.68881619859398,4.9564789421670215,0.6213607356281562,4.767672553582257,219.39972006616034,0,male,semi_urban,0
APP101869,6.91448330476861,0.6980162645916737,34.977622398332386,0.5881565779024616,9.145520378732325,15.096331522937332,0.7434995907802633,8.832640989626114,1.0,1,female,rural,1
APP101870,5.123793277405792,0.6311675677488602,26.412641822592214,0.306278929840166,12.840416002501355,4.5830407168231915,0.46184446757286673,1.0,230.59777698979417,0,female,semi_urban,0
APP101871,4.149084078663839,0.48442792555770975,21.005686673495273,0.8054061194426426,5.83606969905885,8.166541838303278,0.6144415088925544,6.7406450712065045,215.99156452159605,1,male,semi_urban,1
APP101872,6.377162428886345,0.3296551671132076,12.646733552050414,0.5305665397546209,5.1912981722796285,1.899025727515422,0.699900606412518,1.0,132.4047217703414,1,female,rural,0
APP101873,6.311109819781021,0.5948459725857576,35.34486452079421,0.6430639432726446,12.34688708071814,7.580047995551593,0.3223474980368596,6.178136803451274,137.75519919719554,0,other,urban,1
APP101874,8.621358346006218,0.7879700545976138,24.12412637128227,1.0,0.8958085612625757,19.46514351974596,0.6614658112801366,5.702777378786136,303.2535906566925,0,male,urban,1
APP101875,5.222772413776051,0.8678538138511458,43.10092442524078,0.537600547357483,6.697215085560604,14.208854004747435,0.23420934105279007,4.90526609815922,225.55757706037755,1,male,rural,0
APP101876,2.792670775861053,0.5176266572740785,3.2963432234795427,0.5741982748882246,11.180471813756853,6.803054570066209,0.6002970486815145,4.137261476419219,198.93534762913367,1,male,rural,0
APP101877,5.425875078443592,0.7650924372233069,29.54666767292661,0.8898440984096423,9.198344642160434,18.715605221427907,0.46853327264904404,3.0498101470308505,248.1292720088153,0,other,semi_urban,0
APP101878,9.09160576487828,0.7738402147591952,33.9627449439187,0.8283788806013843,9.979184322638103,20.17361944857266,0.5378088717752284,7.0513253923813295,226.4950537205702,1,male,semi_urban,1
APP101879,6.096087883311601,0.8160024145198992,31.321908822736454,0.6053737284536954,13.992314875881043,19.554996247222064,0.5287671903195404,4.104895257470579,48.267131278124566,1,male,urban,1
APP101880,6.9810108250293155,0.767895391570142,51.78815604025048,1.0,1.77538976279286,30.09560507296635,0.8381201224537935,1.0,258.35460384003085,1,female,semi_urban,1
APP101881,6.355322495396525,0.5428305509670279,31.072093058398558,0.8258072608341032,8.767916944195242,20.41320822078191,1.0,6.424882359530486,103.0172669857262,1,male,rural,1
APP101882,5.672178505745415,0.6697285464521688,33.39672249340613,0.7618933639612177,7.607433997310992,8.208037040269566,0.3918916110513957,5.97974342015429,235.021517419199,1,female,urban,1
APP101883,6.064064781038534,0.7260270438566169,17.482674994763904,0.9867575349221334,16.3199268219004,13.032279032175303,0.5385226308021067,8.388128751016506,181.79670908247684,1,male,urban,1
APP101884,8.200224636091134,0.7641823402346575,15.001638844013268,0.8568893900672345,5.547033302926678,17.187670449677373,0.6673693272347692,6.392058686850129,144.46476725051673,1,male,urban,1
APP101885,7.553715682474921,0.4057575989418645,18.426050034758127,0.850875388162948,2.1952514138145194,18.983523922734154,0.4605661660577984,6.814214677423275,220.74060836392903,1,male,urban,0
APP101886,3.5392211664805076,0.527464876096613,22.77771657466343,0.44862462358507893,16.56870439781887,3.4692664162677236,0.618230218965735,1.6975054023005927,1.3658691307052209,0,male,semi_urban,0
APP101887,5.7817657373864355,0.6736833120689613,32.680778071534846,0.7331274657041942,15.60673239720348,8.449779989506835,0.4291653776999549,4.324646404100724,102.69112263899905,0,female,urban,0
APP101888,9.50244186144218,0.786140949653766,57.74729497891331,0.8649118021532736,10.446925630606803,16.123379510713406,0.9099887694157895,9.52390313442857,255.732949174893,1,male,semi_urban,1
APP101889,4.865597666632976,0.6298144352653455,24.26180004190836,0.5857670794917864,10.399608300472838,13.050458251476137,0.5823196676573394,2.251542516755243,175.518755429099,1,female,urban,1
APP101890,9.213762532446326,1.0,47.09228807005736,0.9337534300675577,14.241233187387945,21.99023492265314,0.9266901626876278,11.31835171309638,352.5602880670077,1,female,rural,1
APP101891,6.728188211654739,0.4872965872698415,34.73180402941661,0.6948088104299309,8.882657422168458,14.29579166000881,0.44117712502713696,5.610689396872931,334.95720456131215,0,male,semi_urban,1
APP101892,5.78782179102465,0.7878377840275547,28.911638862447933,0.8959359250996268,16.63124911498133,20.304856805297444,0.8191939521290843,3.494340778509342,173.01269849599512,1,female,semi_urban,0
APP101893,4.592210083446566,0.8637222402917552,29.25356275622826,0.7940459832436852,5.0039957756969855,17.902180378048666,0.4082195521250074,5.613319366305931,340.1455098664401,1,female,rural,0
APP101894,5.62677046379377,0.5615581495587116,21.341031071665256,0.4901290394937962,14.12222347362605,7.617488929454625,0.41300177639946384,1.8306273073080983,257.09267554921735,0,female,urban,0
APP101895,9.483230967800486,0.7969886590811824,38.07119256696294,0.6879483805188935,7.822833730456687,17.121757419327178,0.5643451947929996,9.300062832873817,355.71288609125844,1,female,rural,1
APP101896,9.729645260223593,0.718548123851996,30.07778457977581,0.7449094329004807,11.322221265056125,15.24663475022509,0.800065935024999,7.084434613683043,62.06122171929604,1,male,urban,1
APP101897,4.117200037454083,0.6019846192965176,15.308216757788013,0.3820741532116749,16.267396928641222,4.376175133806742,0.5743071563043879,4.659700317258972,94.45015098313438,0,male,semi_urban,0
APP101898,4.23954360292813,0.48133368556576306,17.14975512621189,0.4720258621062696,0.0,9.22398867872328,0.3054154257870274,3.56827410477845,14.728914569349598,1,female,urban,0
APP101899,5.941445756642067,0.5860941597324317,21.47033461695731,0.632477240209161,9.395539941871364,0.4596427832744059,0.7374625665903419,5.417901123526145,430.4660660036196,1,male,rural,1
APP101900,6.814363297982472,0.6052189480991373,14.91105989202942,0.6150326531133791,6.57686982992953,11.86916244534119,0.4933469601926751,4.578251483475826,88.53681551391247,0,male,semi_urban,0
APP101901,5.202771574368153,0.5219883397724256,26.969272368080098,0.688329509575529,10.643669010788573,7.864106489868387,0.5462015471885561,5.563248568935064,1.0,1,male,urban,1
APP101902,10.596543299670666,0.8327253199318582,51.303065245437544,0.816081956218169,0.3060947181356004,18.163683478529126,0.9674927122414042,10.799511660389468,95.17063822670801,1,male,semi_urban,1
APP101903,3.4471314296652835,0.23953703117712233,37.575404889614276,0.21462115652855718,17.239243766168734,6.87232352573314,0.4578453255137701,3.858914575413438,23.481771699001968,1,female,rural,0
APP101904,7.414503000385675,0.7025955276188078,32.61051500133812,0.45857574858333444,9.434710309811546,19.99698580232821,0.771413205733531,5.489824057651031,212.01738246113626,0,other,urban,1
APP101905,5.216972860064754,0.5762328950037925,21.81217409536,0.6720994744550639,7.025026516108794,18.72789987352713,0.5725750579893065,1.5711577381736213,274.36714321400245,1,female,urban,1
APP101906,4.881574116371159,0.29308333497143013,12.315096016456707,0.494222632208076,5.100001169564494,5.98955797468021,0.5421915947226236,1.0,18.51322671348754,0,other,urban,1
APP101907,7.333257395086807,0.49890814471019274,17.10108239871029,0.3723420117714729,20.865735407874013,10.188216523166417,0.4231510042309097,2.291713276208746,203.99465207107204,1,female,urban,0
APP101908,6.65738027529516,0.7598393441951696,46.05721856442099,1.0,0.6690062047004179,13.356637846293212,0.5159953335860435,10.87704146768172,292.0050276872437,0,male,rural,1
APP101909,5.60168708060847,0.8260125646135391,21.678223657703384,0.7758791394530177,9.631061773662989,10.255501013199064,0.5498771637230933,3.2847917946933087,117.35709795528732,0,female,semi_urban,0
APP101910,3.6643258669001377,0.5242018079266593,6.755192466823324,0.6094580153809676,22.016323864342457,11.408343376997816,0.40030796318949535,2.7706487461443663,154.37020091046787,1,male,urban,1
APP101911,6.529509671532641,0.7534957076280231,18.40934313264875,0.7074876646027539,6.533010788923777,20.300997596755707,0.8004993359708309,3.121845672554824,302.57686612833203,1,male,rural,0
APP101912,10.015147009855944,1.0,38.837035978744375,0.7934386711067712,3.2550760424916243,25.773340854904983,0.5656067294177181,5.342954864208465,286.7396206720166,1,male,rural,1
APP101913,5.971547237710126,0.5202606642763429,29.70522395485668,0.4407075552539922,12.154412447093144,11.768196263553612,0.7268415328407436,2.4614345488013116,46.10968208394243,1,male,rural,1
APP101914,6.615168665271462,0.678891581539067,13.883217054532842,0.8638762263542443,0.45970178592288846,9.74319945167855,0.6057044426848847,6.277584777349736,237.68486502662813,1,female,urban,1
APP101915,9.929899474284552,1.0,38.27461039045553,0.9229967107193253,0.0,24.916898475950195,0.789038317078736,6.266046597282183,293.59754533525586,1,female,semi_urban,1
APP101916,7.63402691890887,0.7435646410557639,33.0408349030808,0.4387704275454973,5.269296367890224,13.759469837924476,0.4545352960961365,5.109937961282267,199.78883496982098,1,male,rural,1
APP101917,7.823318243799557,0.7289937535991284,23.04805000305118,0.7285125622672514,6.712389732405846,15.889009818172816,0.5698455619368337,4.206086524253956,281.637460809757,1,male,urban,1
APP101918,9.795079890793454,0.7537248321064676,34.46394067064343,0.9046893696260658,4.652678851977179,20.128008548522605,0.6938232001993871,8.770250154188513,90.08664195967859,1,male,semi_urban,1
APP101919,0.5169405788403463,0.6584777035698686,9.624569696673401,0.5140879045522703,8.170325573302263,17.73221462295281,0.7847614702629764,3.8889964729831505,133.70163625092857,1,male,rural,0
APP101920,5.597106997405612,0.608194288336298,23.680724268675526,0.9429980662324926,13.174978348548558,7.656815162486325,0.43927406336969976,1.0,216.19690108799546,1,male,urban,1
APP101921,7.6431425806359945,0.5758681782485557,54.82971233122594,1.0,0.0,27.115451089136513,1.0,7.493162225688084,192.61922102007793,1,male,rural,1
APP101922,6.848498049175625,0.7195466792633053,48.532685237375205,0.7503093094936883,5.099438422434509,18.209554224418145,0.9161441723907764,7.277852576097674,131.13021684063588,1,male,rural,0
APP101923,8.457755657401593,0.4722482812279427,14.235455506297162,0.6350178556569098,11.56050304425223,15.331777804214086,0.7580473618095863,5.872322130501463,262.12538342295716,1,male,semi_urban,0
APP101924,6.431646939096571,0.7164264951129125,28.09334973579371,0.6734985795696553,9.656558936088071,23.07957861348472,0.5604065975508651,6.247194830548987,315.3936341512519,1,male,rural,1
APP101925,10.578797058539594,0.6118037864298738,12.504570565803984,0.6887960014051993,5.459579766821672,7.443618698711141,0.9823964880932425,8.63230397793352,369.37649721346173,1,male,rural,1
APP101926,6.816674292921115,0.9002663980756986,42.66108465017611,0.731501442365488,0.19915755690661374,21.100408964540147,1.0,5.7472430949504,244.04129339617538,1,female,rural,1
APP101927,5.600776686963114,0.7218000369653472,37.3341763455864,0.8179997810572261,6.512654645231875,11.283951724078197,0.7239243376750304,7.13207575133779,239.41015856701478,1,male,semi_urban,0
APP101928,7.556967751352044,0.47369476679144285,42.190262415084405,0.9752243475031408,15.538432086863775,15.273465288228627,0.5313103169453544,9.320513501774752,210.66629615392574,0,male,urban,0
APP101929,4.879651950738762,0.5188998980163826,2.4856815090142454,0.8368904757625364,8.755341283957673,13.095684122880499,0.38687877288009365,3.951054486056766,1.0,0,female,semi_urban,1
APP101930,9.245874724623683,0.9120766532261366,29.828703098526407,0.9772428282152038,8.725825009042254,18.59722697623782,0.8695041798674106,8.556792836397767,313.39762571098316,0,male,rural,1
APP101931,7.429601158493693,0.9120697152419828,35.02973640704619,0.40878781715832774,12.29074673404598,14.383279186767867,0.7095737935484457,7.835935981400379,252.3868765768593,1,male,urban,0
APP101932,8.8879081722883,0.7047549839247307,26.426751510677633,0.6029505171839542,0.0,23.02494346175641,0.8525549812910488,7.711689726556433,382.16658385529144,1,other,urban,1
APP101933,4.893994240927009,0.42540714869385116,21.82421157266379,0.7609006217761702,11.208432227097912,3.1351385166778796,0.3103488473951669,1.9067601788878237,76.07639741176209,1,male,semi_urban,0
APP101934,7.32478381605581,0.9963506594081051,36.563288103369885,0.9720718003476384,2.981689241311816,16.85123465893421,0.6595711678649431,6.190101327084058,325.3165504382342,1,female,semi_urban,1
APP101935,9.221673505408173,0.7824825463001702,24.742419205167327,0.9025013991621404,0.0,15.108837026001133,0.926511967641533,4.370939564771536,280.19122533801095,1,other,rural,1
APP101936,11.080345840317813,0.8243011812222358,41.27812938363931,0.8035663987818938,8.089824757634531,24.19728319732787,0.9105037469946751,9.003550969467842,446.8103163410657,1,female,rural,0
APP101937,7.804741260351753,0.662992012625818,24.528951030045366,1.0,7.780091113479659,12.10562926249554,0.6802575488554478,8.607065410220105,332.62030443068244,1,male,urban,0
APP101938,6.365837869730161,0.729369388493323,43.492030568486875,0.8347612142706347,9.419274634959521,12.017976128014512,0.6300016889663892,2.73406388514479,232.8075386668293,0,male,urban,0
APP101939,8.493761239351297,1.0,45.731182368841885,1.0,0.0,18.835825630500555,0.6195375631754696,9.362614043602177,217.50202250192052,1,female,rural,1
APP101940,9.669185493539917,0.7691221043946177,26.386417976276675,0.4813528622351035,7.968465322558022,15.057575373422909,0.5889213153866947,6.186397170395534,114.42534451687565,1,female,urban,1
APP101941,9.544132293798498,0.9603208172460863,26.670455885766746,0.8896493579143402,0.0,26.910516805487383,0.7247161562414224,10.967282876449923,429.5102381430481,1,male,urban,1
APP101942,6.004337867609275,0.8278734456315511,45.008824978901664,1.0,4.06290436057894,25.406130892175533,0.8994185215126648,11.090199226863126,381.6400609096839,1,male,urban,1
APP101943,4.436488223373882,0.5695408065776388,45.686370686434884,0.8304549603875888,3.8728508236093013,13.772142875501487,0.5733119103385036,8.151463588899261,201.9010095083592,1,male,urban,0
APP101944,7.1843844117843325,0.6928125816748151,30.861788294170182,0.9744470520707583,9.91852122175559,17.362137705273987,0.6137248641492589,10.327324355959039,243.96101897444183,0,other,semi_urban,1
APP101945,7.649562406793769,0.5526192897517561,27.429618783554123,0.753281754629215,5.474138484194896,20.44104805137476,0.7890138830914213,5.675345291501961,245.18678659902994,1,female,urban,1
APP101946,8.228606932862021,0.8179221303173401,30.151465843058453,0.836822178970728,6.172315804787454,13.442922381927437,0.6931769639584839,8.224972788846259,152.87363396758042,1,female,semi_urban,0
APP101947,5.52536496674475,0.7337964616461153,32.074108544396836,0.7668689167795151,14.409380128827358,7.622566613762061,0.3369247154565412,2.499355898169634,55.56877731705191,1,female,semi_urban,0
APP101948,9.355838777882497,0.8987519040664513,26.627618957268695,0.8209570433107698,1.5099927436971807,20.701196200765256,0.9901121125188779,7.497689071772356,396.0786236149883,1,other,urban,1
APP101949,7.346505118234607,0.5371911912832061,32.35819399499941,0.47863240434849674,12.609114205663836,8.30947916477179,0.5730155055107207,3.832500591854566,189.68642120928246,1,female,semi_urban,0
APP101950,7.95726130581852,0.5681603196673938,25.022584541473716,0.6381999641086036,9.987681312305103,18.37585373171789,0.6021371732071705,5.565636548467041,166.82656278202836,1,male,urban,0
APP101951,9.68575496643933,0.9246095498111628,44.70018913593238,0.9212212145528769,0.0,20.21837623319113,0.8114237286012458,9.02121055168759,482.49184815334763,1,male,rural,0
APP101952,7.777768637018452,0.4515974914954428,20.952210450131986,0.4129686251410859,12.208591225299791,16.736605182878343,0.6285758518156227,4.6278655840206975,257.03666186588754,1,male,urban,0
APP101953,6.556138836096687,0.6651847164318431,44.57299785023858,0.9868712024996651,7.583825079743707,32.76292849972511,0.8999396720656219,8.827596868261189,242.28610591906843,1,female,rural,1
APP101954,6.491804135929256,0.8096522371412269,20.41850968016482,0.6718191824587029,10.874769072349336,16.751433184835214,0.6496214403390277,7.2683211676304005,76.14759197045596,0,female,rural,0
APP101955,6.285150850278366,0.5969319000546696,35.05712571239513,0.7839695683481155,8.378407365451846,11.509177668654356,0.5913361364126603,3.602891863924923,217.45524530478917,1,male,semi_urban,1
APP101956,8.373188127585458,0.6867240962246104,43.81077069388121,0.4423995143451584,7.7750304379413055,22.35278701601642,0.5981840440970011,4.067578206114234,193.000298825551,1,female,rural,1
APP101957,4.6213341225156235,0.6875789726703245,21.33040836278389,0.8681846884796338,5.728333509360182,10.102716776159788,0.5841683292102299,7.614779221531537,162.1005811713446,1,male,semi_urban,0
APP101958,6.520314836396484,0.8029423397924377,36.14022083558962,0.9188536313460848,7.614141588825816,22.308449035469664,0.6168034145099005,7.594393227592736,225.60642150928655,0,female,urban,1
APP101959,7.432156697391853,0.7135897678113379,25.423854414860244,0.7781420878151524,2.454810528179352,10.672884734847432,0.49179032191610816,6.491193594882913,266.3176298090228,0,male,urban,0
APP101960,8.91054442651506,0.6681911995447167,37.68514232212859,0.8191129409941154,12.112460533182945,29.823140976094972,0.5878594910556592,5.315485078821601,341.0133320935531,1,male,rural,1
APP101961,8.972993103517005,0.606856056880105,46.41429902152363,0.8693153705007054,17.225241558392597,12.06039117962558,0.6526899245324096,5.995419235160841,224.65645719210363,1,male,semi_urban,0
APP101962,7.122539740216656,0.602752161146714,17.141348770156103,0.8392353694316277,6.859688599315401,14.909448370344517,0.7134403561974554,5.210466773479244,1.0,1,female,rural,0
APP101963,8.326051471592942,0.8398209977807798,47.7694176722019,0.9097380261003376,8.623773429971584,11.92652915890936,0.4571734262117417,5.753074529675434,366.76387095758116,1,female,rural,1
APP101964,10.220973538131245,0.8419077027891856,47.8223292777717,0.9802846457500068,10.136144137604461,21.295452161547253,0.7753269669625591,7.415776244851381,247.87868442332424,1,female,semi_urban,1
APP101965,8.61409180614428,0.8090689560391192,39.55654216234857,1.0,0.0,15.98865702924715,0.8505558767343616,8.261701060837417,333.5609334546865,1,male,semi_urban,1
APP101966,6.506513333070352,0.6593660274540928,29.392150098844677,0.7856499781414722,0.0,5.413586856062433,0.7513752031126485,7.414358261607589,163.3233217676732,1,male,urban,0
APP101967,9.099522037044945,0.7550542400241327,37.92803030411229,0.6730100184787177,13.466920152611769,24.05199108269455,0.9955946078954923,7.660083095830782,457.33095633051835,1,female,urban,1
APP101968,6.776801070252331,0.5725927152843688,17.484980439159454,0.9033527047887184,8.310621605491303,8.344735650347083,0.5983871641730609,4.64794108483569,387.44822219333673,1,male,urban,0
APP101969,5.404253878921629,0.7234755941590745,11.100377721546366,0.5460370084958636,10.392918032638814,4.195535002332761,0.7676509623183319,2.7450276994889458,61.710907226528946,1,other,semi_urban,1
APP101970,7.027891738352403,0.5333818540130171,11.063047656670529,0.6239370951186834,11.53619698711386,6.028385215355257,0.6004956230305537,2.7820208926766314,18.279030152071982,1,female,urban,1
APP101971,6.82026502588359,0.636184264920943,19.745918693763134,0.6474333942216696,9.066562746223504,16.53837457892792,0.668135761763718,3.512007159879735,33.62292158395152,1,male,rural,0
APP101972,9.088485494093408,0.4068348937790015,44.88001922231029,0.8882010084187325,22.24130726649893,20.88175417814573,0.5100499529961684,7.762242469595238,246.3548186767357,0,other,rural,1
APP101973,12.444516627341045,0.7978468021520315,47.52134309873452,1.0,0.7921592514761437,27.85762270367019,0.8806637279620284,4.762463839283059,259.0148205727625,1,female,urban,1
APP101974,6.885332404714669,0.4571243417999957,8.659753693072817,0.6409837721678465,12.364431990624063,7.170819845312186,0.6876627833271138,7.071143519077009,51.54581443965883,0,male,semi_urban,1
APP101975,7.479907449917791,0.6312698196801014,34.29740079135634,1.0,11.726921436049235,25.654157870585003,0.644250737399366,11.940826603320382,221.4617630546108,0,male,semi_urban,1
APP101976,5.523371726613534,0.9137037023706063,18.870071538496042,0.5813610335318742,19.67398262029258,3.5438674876944165,0.07212835713704446,3.3326426618397242,138.38902193427992,1,male,semi_urban,0
APP101977,9.482957935957302,0.8560775725094074,48.119266670392165,1.0,9.327235185042733,17.15899485518671,0.8206619068364882,6.7108216864274635,291.94275654243705,0,female,rural,1
APP101978,7.671438337273117,0.8673148131744999,21.999363402865093,0.7361028830056839,6.4522191799865505,10.676937098488997,0.5970241818919331,7.99469657930294,154.14364586943015,1,female,semi_urban,0
APP101979,8.390359374430103,0.7714845377363877,12.512691783801978,0.5872240767994474,9.227891779471259,8.847895670391797,0.7806241756939775,5.419670937445586,135.27227867532437,1,male,semi_urban,0
APP101980,4.273228672403166,0.8341128280249881,28.232946577530885,0.9982695553559511,0.0,13.87738527705387,0.5525362496886863,4.680601910965834,185.3960750266719,1,female,urban,0
APP101981,9.880390991939116,0.7107815177573362,39.34810073998118,0.6825398305537793,6.205043473283335,12.838645206819425,0.595051355623714,4.869061390445507,260.51821380629707,1,male,urban,1
APP101982,10.068059970502269,0.960455946347736,34.103072876822566,0.6487112384058106,7.481685995024298,17.131839502060416,0.4986564051326847,5.578238084600855,249.93726763636977,1,female,rural,1
APP101983,6.638976436870148,0.7461277909174624,13.87444784637326,0.44560923881571357,14.539251653477711,0.0,0.45439327155794484,4.767656520829625,1.0,0,male,rural,0
APP101984,8.254858128913487,0.7306439432422647,49.746121077275845,0.9425892909112632,16.121907298366953,17.362914562810197,1.0,8.27988659114698,243.33558878159934,0,female,semi_urban,0
APP101985,5.521889002752391,0.6651171912447507,22.317981882914612,0.8668438109381217,14.159717054834529,5.832788829902263,0.31903215552928765,5.080865629882963,121.63291612110854,1,male,urban,0
APP101986,4.889748855639905,0.5381743289249483,19.21867995950925,0.6219891915216275,18.299279073276644,4.587180100773431,0.2730615921313844,4.081917574411651,12.77158035911961,0,female,semi_urban,1
APP101987,8.144585030978444,0.7143463305470374,23.966266736315625,0.5847432890135108,7.6848039542557665,12.099218227182387,0.6499926611449235,5.462725434848339,181.33878663215876,1,male,semi_urban,0
APP101988,8.223890848726844,0.7116973737084124,42.7064535410736,0.7445003516076132,13.783175879119032,20.627735433752605,0.9689816504755953,8.074606837391542,327.7303836964811,1,female,semi_urban,0
APP101989,6.385268683826588,0.6441769839402407,25.543693458439783,0.5524224040103973,12.012518770146226,11.870352295316133,0.6199154983667159,3.325496422008989,197.98631818327547,1,female,urban,0
APP101990,7.963093852930799,0.9625354699132944,33.285180264760925,0.5721615351018405,13.649152005124346,14.249259785049421,0.8847735450564753,9.706772247736398,219.90318872505193,1,female,rural,1
APP101991,6.111276370284955,0.37013064306094967,5.0656002213085625,0.48394312120244165,17.240551427275975,3.9694660084404805,0.4058831203060704,1.7127040911541798,17.445734146945398,1,male,rural,1
APP101992,10.037421962945459,0.9951831450574535,52.08499601398458,0.9401690195420793,5.62958111639146,25.105885528418078,0.5962716945619503,9.26658756781915,180.50587677122536,1,female,rural,1
APP101993,4.056478598596017,0.5509649338757241,29.127039308686804,0.5286997956589375,3.5793511741869697,19.283555303777376,0.46536779173117826,8.50278204289306,54.88666879102355,1,male,rural,0
APP101994,7.95736016921907,0.8710466791702043,38.4030825991355,0.7469319402694573,14.14583275876729,13.889887035107565,0.6070409949803284,7.695853869280542,196.54676482378983,0,female,urban,0
APP101995,9.599111404310818,0.6373986275269747,29.237682455020398,0.44439403101528563,10.331138041631258,6.379177877162373,0.6359128837031344,7.239139327020208,203.55710854463766,1,other,urban,0
APP101996,9.100827933447157,0.9046309222397221,42.09599672971522,1.0,6.51774958282831,18.62141314103429,0.7962995411880421,9.448020537226535,258.4159262537371,1,female,rural,1
APP101997,6.7544398986718885,0.5098546944605737,13.210391042717726,0.47917976147329117,15.388860008861412,9.480147325078711,0.5307118413344576,2.779295533792288,164.26302700005485,0,female,semi_urban,1
APP101998,8.119015242203748,0.6067417276313368,67.75972859553536,1.0,4.60808214379669,21.102962065520494,0.7511256647499875,8.978878887092266,369.3520191943426,1,male,rural,1
APP101999,8.503357725974132,1.0,33.86354725311663,0.8694028773697302,10.89126606714747,15.866532461784612,0.6399263548751634,6.940390087258152,48.78502661458299,1,female,urban,1
APP102000,6.1510983325487745,0.5661093286559424,18.81456492734724,0.7938373846527925,5.367099328366496,10.865202964133111,0.4787101203446483,3.0789922370429994,225.46724443485695,1,male,urban,1
APP102001,9.535461117306365,0.7436910450848251,29.067213772905387,0.5901995338787851,9.249391275005623,17.01382315516062,0.7196397229355115,7.903406742302951,301.32421962843176,1,male,semi_urban,0
APP102002,9.359889176953683,0.5354150217630993,24.063776117272027,0.6033542282725238,4.348084766523288,6.9947743500374475,0.6574604967120437,2.789508049318339,223.17782759435542,0,male,semi_urban,1
APP102003,5.195348701149532,0.38905927769560694,32.66332565241112,0.4901327039897925,14.74706728321422,9.30719223745968,0.6757253083007266,5.094962063625757,179.54280895612766,1,female,semi_urban,0
APP102004,9.42108801534338,0.7135587394700037,20.427050401939667,0.7786392937574115,7.705945613802971,17.657316063053795,0.9374231798493,6.267496216462379,219.51206320251313,1,female,semi_urban,1
APP102005,10.081990166312739,0.6513766589866418,28.02339286641924,0.9693771039099847,3.4310391263658473,14.772559015942583,0.5193979644190394,4.897120589763807,234.42957996476022,1,female,rural,1
APP102006,8.229794512790038,0.6099559334528722,39.5802684407839,0.885926185960646,5.483583161958891,14.04960356097104,0.7601259923134954,10.51693424241154,269.9670868466657,1,female,semi_urban,1
APP102007,9.357118450791287,0.8388511766639764,55.657874744922864,0.7521357716648298,0.11064100076719985,27.300321382548425,0.7994040566391608,5.9851301549044305,334.6918128185535,0,male,urban,1
APP102008,6.648201927615174,0.38089924974697204,28.41799630501963,0.6291835117773127,9.498511313350171,3.4953618957034633,0.2984721961724464,2.7314326409701755,85.26934193061034,1,male,rural,1
APP102009,6.838330133152218,0.7922968767910212,52.80299613875136,0.7955652076784249,7.202381413201326,19.53744592310855,0.6626195416868289,6.324211461578524,363.43046727934757,1,male,rural,1
APP102010,8.060657339978514,0.7406017069608228,38.83099469081826,0.7395335559019383,7.252468754743736,21.623802218141858,0.9596185284187554,7.493162886441282,382.82584911043034,1,male,semi_urban,1
APP102011,8.239771703029152,0.1963118310732247,16.11735146157716,0.5746068494065123,3.0045628883353253,9.215948525057948,0.39056052755703796,2.142095224784957,63.487713493897154,1,male,semi_urban,1
APP102012,4.845418782975878,0.527896118765945,30.128199661829893,0.7342147179522862,13.129752787658232,16.47403816825313,0.4131053932267401,7.050682408411263,34.58859892601677,0,male,semi_urban,0
APP102013,5.746344626123665,0.6013018525382725,1.1220222651692175,0.4269314321074265,12.39692229832266,0.8750381525540556,0.43099253179164143,1.0,1.0,1,female,urban,1
APP102014,6.1331858028564215,0.4303000594999157,2.9860245594625177,0.5491772844739166,9.784342316201469,5.537028978106875,0.6490435685257369,11.96747477368461,163.82094437815735,1,female,rural,1
APP102015,6.250617055207791,0.7431865570495194,36.74023145538662,0.8345380643035885,3.5396049759427566,11.014717191880031,0.5623206468421545,3.2108092029398776,237.71862418592585,1,female,semi_urban,0
APP102016,5.383649330516712,0.6349796608972117,20.412668406654593,0.6491819178398468,12.320321213176923,24.95737303861783,0.5067502007669894,9.313294947974624,149.38371640023627,1,female,rural,0
APP102017,11.374246191343918,0.6636962062594877,50.111935941653634,1.0,1.3125072595643634,23.356739676223068,0.45275314140392353,10.51317155178988,341.8299478650856,0,male,rural,1
APP102018,5.339152794455934,0.5320747928099012,6.528818067377179,0.75353423823352,20.180514130821255,10.17093960494034,0.5282453367118535,2.457762328911068,34.28423027592938,0,male,urban,0
APP102019,7.444882850349118,0.7824256568659633,39.12876753382104,0.47443045063098443,0.6991491890243626,16.200598096741693,0.6315159817537948,5.6267991237700965,1.0,1,female,urban,1
APP102020,7.664910462994429,0.4527778000053757,26.28529088382977,0.6380159445378197,7.23194233960162,9.606157924179772,0.6380034760999018,2.927299935957524,78.42500659916007,1,female,rural,0
APP102021,5.824261249221907,0.6196868766774173,25.239057613158476,0.5931847737211589,4.572294035893035,17.775111780721655,0.3080543508166269,5.705283435564829,321.7666754154356,1,male,rural,1
APP102022,5.501961144454314,0.8773581016445767,32.507480223187265,0.5506171529880297,9.124510520873477,5.8895914571257855,0.610655287240893,4.6224211275012905,237.44847044577406,1,male,urban,0
APP102023,9.801190420895155,0.5812664791867677,34.36129494042535,0.6177711923984063,13.518744710867754,16.88043852331367,0.8070163938975737,7.616207896004635,255.64191085901166,1,female,semi_urban,1
APP102024,8.072334974099757,0.8267105628817918,26.637992102734753,0.7449511701294836,8.491320232144307,20.032928596754612,0.6387555009527311,7.520731302904298,334.80446507617773,0,male,urban,1
APP102025,10.384893086604704,0.674420787848238,38.41680535443892,0.834158783078057,0.0,26.908215828301447,0.8280322971986875,6.746965915903592,236.61690098245674,1,male,urban,1
APP102026,3.4750821377896965,0.5170941089353315,19.022678971764172,0.45535989048175096,11.41050101219771,1.2835106889837062,0.3901042048727026,3.6790617522196833,111.04182015807984,1,female,semi_urban,0
APP102027,8.431984598265572,0.8236220165458394,30.843831681555578,0.7866434262619537,1.9726610686882644,12.42020968700938,0.6629977715104821,7.863102831029037,298.5581384777132,1,male,urban,1
APP102028,7.136389695195604,0.45810690634205325,25.996544489713784,1.0,6.38114925036415,15.844903068484594,0.9735524661194145,6.941447835450243,215.16276689371546,1,male,urban,1
APP102029,6.067462169327604,0.5513083651479026,26.78000210380179,0.3891061414781717,8.15115984288047,14.184443461039455,0.35081217488769434,3.773724596197491,191.33999311919925,1,male,semi_urban,0
APP102030,5.129333479199689,0.7044810062090973,32.96765128107556,0.8281679068706918,3.033167324185726,14.686984843341355,0.5675601364391407,5.8265960186011645,281.6438024768639,1,male,urban,0
APP102031,5.054096149928993,0.6919151265329476,36.90881220302487,0.6750371769206482,12.392184741609526,8.152906619573782,0.6353124100318811,7.342246649803285,142.4656784165645,1,female,semi_urban,0
APP102032,6.346274871509799,0.6083738340083438,34.128858888737206,0.6443900885933146,14.780721958202042,23.9079114243472,0.7741283429991692,5.450105629322245,45.03523292885899,0,male,rural,1
APP102033,1.9261287861958265,0.42539368253936694,28.380361012455122,0.29973459488517784,10.918803343319214,10.985906406872964,0.4955580390666063,5.682930132855978,143.8442075996795,1,male,rural,1
APP102034,5.32005066667079,0.798263353884943,40.23451663902186,0.8439073211364096,8.462225137245355,15.820710251113898,0.8003241123500264,8.413994994234674,153.90595410553107,0,female,semi_urban,0
APP102035,7.65777930564361,0.6172495274552687,27.701506601368003,0.47016673074508686,1.6721251225270306,12.242392044963685,0.5988185538147663,7.91874119657272,200.50558980332158,0,female,semi_urban,1
APP102036,8.971980101865903,0.8785007814139717,17.51371628194701,0.957970124479014,0.0,24.48740343108459,0.788804787700598,8.76794203971427,206.73058116271707,1,male,urban,1
APP102037,5.253768655719585,0.7480367420718593,40.78810662373145,0.9760783110613254,0.0,16.497634837140875,0.6509548869174955,4.01656752577609,208.73992460767403,0,male,rural,1
APP102038,10.030532202843027,0.7801353804077554,34.319148173445825,0.6982335741094285,2.622706689188698,31.811664337993957,0.9323518097696939,10.727556962053596,430.88638836804637,1,male,urban,1
APP102039,4.5297477533692,0.7840220855556661,11.773635348138152,0.8137841398633873,9.150466175019499,5.08739361263966,0.6351820345887377,4.079956769113653,149.851341122524,0,male,urban,0
APP102040,10.108844890537362,0.7459182974890582,31.121319976341553,0.8807583360808627,6.004065174091959,14.02517803646904,0.6518660454669243,9.714209061521183,162.87135450898123,1,male,urban,0
APP102041,4.843883333931107,0.7463908923977085,42.949830985602745,0.26216995103309515,11.637936259722753,4.690847810113436,0.5173317166755033,2.098447085205226,144.68254083341242,1,other,urban,0
APP102042,5.9543226417331425,0.8609943707369052,31.05752106737294,0.502428024306991,14.240791993281764,15.906776849923872,0.6845998526926266,4.055668646669894,183.89198601044637,1,male,semi_urban,1
APP102043,7.183973936676948,0.8788884926580758,21.50725215088162,0.775776699315891,11.613337788217214,13.928110345226848,0.8959737526759575,5.0246398694108345,245.218884115327,1,female,rural,1
APP102044,9.569140057851172,0.5882389851852292,15.5449199126316,0.6899160398088899,9.351389839003858,17.121296368509288,0.3928554481139963,1.6565145637411023,234.08005282861723,1,female,semi_urban,1
APP102045,6.33140961051025,1.0,32.810421580839325,0.5231172033946829,1.8870445540280762,14.597582653045356,0.7699013355346482,5.45265383277317,186.22442010611638,1,female,urban,1
APP102046,6.394730296001645,0.6597694886368585,29.75339155667586,0.6588726862932015,0.624444555891742,17.259182749234242,0.5190583748867051,2.6739347360426726,136.8208736020722,1,female,rural,1
APP102047,6.3755648761037484,0.6163925926179818,22.013994250512653,0.7137967799421079,19.35965103811258,4.857899012481155,0.5290712635408249,4.737214692356427,27.52735090491126,0,female,semi_urban,0
APP102048,5.476704285195387,0.6913790354695363,20.23587694269423,0.868810594825055,3.47328167153998,20.64967690512369,0.48233562833364424,3.764007735992948,223.4184930291169,0,male,semi_urban,0
APP102049,2.5268471216459525,0.3917506202918721,20.68086870331171,0.5069421457417478,5.375284616351333,14.906545567943958,0.4745121049633155,1.8854497722517034,120.95410209490063,1,other,semi_urban,1
APP102050,5.90289052814824,0.881230168447148,22.71534835930605,0.7761106474778489,9.105365616051136,11.524529682414268,0.6815503231644638,5.745745758634481,176.85146623077364,1,male,semi_urban,1
APP102051,7.299268454724991,0.5581443957545219,35.4295921255118,0.822870831949271,2.5221214645009464,14.648054088945393,0.434487158528135,8.504949410431962,235.24119518544427,0,male,urban,0
APP102052,8.54855048704633,0.9753786982148472,42.932300010680194,1.0,3.83395990195031,23.210426782614377,1.0,7.364531220327733,219.77537344018407,1,female,rural,1
APP102053,6.558676480608676,0.8676219914244622,21.838671287681173,0.8516157356231344,6.539329906121445,17.267986243563843,0.4104779477622563,3.109336551947617,216.69235603294257,1,female,urban,1
APP102054,9.942124496043379,0.8955628750227438,46.345361377201584,0.8602237437779574,8.941131334582192,26.675417718234467,0.8619643295250038,5.477574342777322,342.8985010779559,1,female,semi_urban,0
APP102055,4.116292204319407,0.4845917301860342,23.787290639220416,0.5852578512107395,16.089932405113075,14.285413809166734,0.14621801281164598,2.046463735806645,77.50527958790276,1,male,urban,0
APP102056,8.906054398228115,0.7847840860029919,37.48646719465863,0.9187560884342841,8.75850916617897,24.367855062546795,0.7816847638215564,7.405253069428829,188.34137583723577,1,female,semi_urban,0
APP102057,5.041772433291376,0.3192741725822421,39.17612451381801,0.6338747417947154,8.302062650252527,19.357041488156746,0.747990027911174,11.025922049348425,73.04435899606415,1,female,rural,0
APP102058,6.317030557699703,0.604926649319078,29.30688290280576,0.8045106464572817,6.42441212924002,4.773497577966424,0.6598902743993962,6.381425254055103,165.77591913144147,1,female,semi_urban,0
APP102059,6.823503778203343,0.7856894059117128,38.89368098219944,0.45638255396109106,4.03067008873591,13.059544368337885,0.5907976424380265,4.675621871734607,336.424547259303,0,male,urban,1
APP102060,8.477717138511068,0.6833350842217276,38.807861469123225,0.6706844050566575,4.682887520969613,10.440522180864347,0.637457369727401,10.084923448700621,169.3457955566587,0,male,semi_urban,1
APP102061,6.007674849236062,0.6598585592776103,32.213885476436516,0.7739805060018834,16.278403137241533,17.327732852565788,0.7955797301792845,5.7422505516152755,286.89690026857244,0,female,rural,1
APP102062,5.117937160874702,0.5490558635191303,3.529312764895284,0.6758845647429776,10.473933101957307,15.269939469710478,0.6597467592323183,3.0518509371620763,1.0,1,female,urban,0
APP102063,7.195232610557798,1.0,44.54409485593752,0.9820996385937106,3.874888462428614,22.00785759473276,1.0,7.874776498852192,349.24157938871724,1,female,urban,1
APP102064,5.314846394683261,0.6041122415937779,25.522080794498514,0.8496484053881534,18.663630379444307,0.0,0.34671185521810155,6.299037583496066,46.243914463441754,0,male,semi_urban,0
APP102065,7.028144619035807,0.8323849268528898,17.34474445379104,0.5720725050112794,14.393653130703493,2.4508756506997784,0.43702500903361613,2.9340032336411026,64.87410515198721,1,female,semi_urban,1
APP102066,5.300661292101014,0.5331760026714242,1.0,0.5259364044802054,7.099232306454689,13.844742119051785,0.219452737276351,7.390372396440628,156.18759950880983,1,female,urban,0
APP102067,7.475674427539837,0.9008883786968356,51.93562456698365,0.8925860525656645,5.760161991676629,20.71961190094722,0.6552543841210244,10.234078888451577,186.75709988103944,0,female,semi_urban,1
APP102068,5.5564716810316845,0.6067424163888733,18.337240890674725,0.645312159955539,6.846276273916805,17.50685406093504,0.5090730650452534,7.253005302859123,471.92225728620815,1,female,semi_urban,1
APP102069,3.954877698501277,0.9692599919721714,33.08506080720508,0.7558379281524483,10.912580237909589,6.86830320946933,0.7273605840461117,1.5294828570451156,124.0870513243976,0,female,urban,0
APP102070,5.527363436920762,0.7583573137051767,49.83298378238169,0.600276856993724,9.461731163409832,18.478668846089572,0.617117934525021,3.2297413300683204,288.1817453491126,1,male,urban,1
APP102071,8.020313766341229,1.0,27.55502426101625,0.6997230427137144,5.496196200530616,17.20582776005294,0.6078080588572505,2.6859754318274547,345.0317256324512,1,male,urban,1
APP102072,6.2266233235035955,0.7300507454011022,42.76112940210166,1.0,5.674412078274034,23.60299873494052,0.8113419492317421,7.005178027127549,306.1897908792756,0,other,urban,1
APP102073,5.914290601692768,0.8255233907889561,21.00256415991278,0.6354126483522347,19.626703004936388,6.543276608033108,0.4198989575198718,1.0,21.79505597179211,1,female,rural,0
APP102074,9.024592756091113,0.8500990886588412,47.17170825213755,0.7160084863064329,0.2333759327130034,25.518895082022574,0.5162968440756917,11.12861009406649,318.5422886752982,1,male,urban,1
APP102075,7.491682592960995,0.9114300036219061,38.76830084615574,0.7707054299386675,11.57685465954436,26.829378283658762,0.6455256098079545,7.320253551960642,109.06103634312268,1,male,urban,1
APP102076,4.44692038239466,0.32410304746750873,7.465569362166557,0.17299466429273513,11.800426713984988,0.0,0.3907161243053815,3.3718770711851316,35.50578847308131,1,female,rural,0
APP102077,6.057088428555474,0.7831674718864865,23.732061977287188,0.7509395394433152,15.928655758657762,16.80378313893015,0.7589011448384337,5.633564684483798,384.09942298421,1,female,semi_urban,1
APP102078,7.643798514370905,0.49846739517675065,42.19984868035925,0.9258420976258146,5.163329124479981,3.910023101096499,0.567585979584299,6.826312339617445,52.11860542024337,0,female,rural,1
APP102079,6.59333917053528,0.7812877679986728,38.230627557593785,0.5950732762712714,4.535405710659958,12.835185608835737,0.7711791693489032,2.924289928200823,167.86706925341258,1,male,semi_urban,1
APP102080,4.699305384470445,0.3574985398696622,27.97828349038759,0.3775071481364506,19.55728220044724,5.369980208959519,0.6452772228458865,3.607359899645778,290.76732375382306,1,male,rural,0
APP102081,7.660791066119458,0.7804753853452938,42.50353447351405,0.7334223155535593,12.450589414497196,19.3971359039123,0.936319164957466,8.893196627667983,265.25958608448605,1,female,urban,1
APP102082,9.734065895423798,0.977665508823149,49.95681443336764,0.9906866172103381,8.125803686614386,22.553890352863668,0.8175010382971558,9.436479127064,214.55968085867607,1,male,semi_urban,0
APP102083,6.518977864322524,0.6956205481197425,13.254199141747236,0.8833690371839678,5.618691171246256,15.199290042643991,0.37128532782360435,3.6343896763547723,180.1441661064414,1,female,urban,1
APP102084,3.268503030603788,0.5283111445273332,32.03814312163331,0.8073109310536452,7.9429183710481155,16.990289313647562,0.48000230193897453,2.8460763790479144,177.86085639406434,0,male,semi_urban,0
APP102085,8.017058605721308,0.45762165599470483,38.869026354077626,0.5797906069312102,6.522956793075476,20.487118464816977,0.530194287956852,8.870181531472406,1.0,0,female,urban,0
APP102086,3.403089670898459,0.7092069483115706,37.04656946969364,0.6481646880037557,6.007650393170998,6.340768767299533,0.40709861459255003,3.9087584465121137,38.55778231294477,1,female,semi_urban,1
APP102087,6.128102849267844,0.9131855138072011,54.571273500315236,0.9664202286299286,12.323986519640846,19.0835793806757,0.6349179904437574,4.909344869848939,377.1335220678618,1,male,semi_urban,1
APP102088,6.801287103176235,0.5529779701892273,33.85647503520189,0.6756310049019497,4.201588864492437,0.0,0.9300787350476468,10.389815764954268,237.71065726549352,0,female,urban,0
APP102089,5.583618530649179,0.9553910033895833,18.059227848159097,0.6794488163973356,3.619739354417497,19.672480101902917,0.6077612839622981,5.008809548620121,297.31714742317484,1,female,urban,0
APP102090,9.38862090659727,0.8081854783379097,27.86792157368202,0.8838883461085263,0.0,27.19397354962896,0.7738501198650382,7.145365440445986,199.24189243801777,0,other,semi_urban,1
APP102091,7.8098600453251175,0.388178983029233,19.330323841041235,0.47285144584038796,17.192070965658562,17.84942105835819,0.771762360593701,4.482026739218478,191.5341062054938,0,female,rural,0
APP102092,6.55798035729379,0.5137465495944898,26.56787983574298,0.9285554353822383,3.7718325221179057,28.53875944302086,0.5855636951592033,8.247913866750531,230.7082843283252,1,female,semi_urban,1
APP102093,6.109731941659776,0.8371208687660956,2.9357403492463057,0.8773963208299006,4.795476519783259,7.062332351475961,0.833340868026724,4.790821898069969,176.96505876785506,1,female,rural,1
APP102094,5.480067873682862,0.6217033530693643,14.447583104371521,0.3160206056341833,6.2672660296432845,14.010543459805806,0.6730223675997903,5.068773776429394,155.622180756784,1,male,semi_urban,1
APP102095,5.640923046979685,0.9861012227242508,42.90653402035493,0.5971413448318342,12.607740923738032,18.863934546455926,0.7385596591985504,9.478047186599595,157.49709486390265,1,female,urban,1
APP102096,5.83791768546142,0.4905069282114679,28.07430528133893,0.5460488298478832,2.140851312423531,14.731709990724116,0.9268439366575809,5.2279216526376455,296.52286580586133,1,male,semi_urban,0
APP102097,10.977918052745485,0.8481609732355302,39.1485618129478,0.9839374846386649,0.0,15.701488051930156,0.9802681190047264,10.583389829780373,349.8430931179802,1,female,urban,1
APP102098,5.414812319728633,0.7459650370445672,17.82605249788096,0.6629029270399954,4.81757877191432,19.221581410613105,0.7129970740415954,6.7613314938005,228.04384074564038,1,male,semi_urban,0
APP102099,8.8819037495603,0.8380198074434412,54.85657852703545,0.9646086490281208,2.310646415986969,24.712716285135183,0.82779204047017,7.814530016307149,341.5989793064619,1,female,urban,1
APP102100,8.150003117172913,0.7785058714741571,47.348858928612486,0.8506178259425,6.53678280022809,18.346872079659416,0.7550845201365566,5.388785287314533,284.71084484380214,1,female,semi_urban,1
APP102101,8.932256916074566,0.5738854332687565,23.416814117923025,0.6550023949969407,7.131862095978837,11.07104982151159,0.5407519547814185,5.116027502013753,1.0996864284717276,1,female,rural,1
APP102102,5.353358649623582,0.6702069042839269,2.9357106339638044,0.7364015989094028,17.681317979486963,5.627982186887243,0.5647427936437224,5.4723697967818365,78.84662980305538,0,female,urban,1
APP102103,4.1416377701225295,0.6028107607197506,12.260399552781752,0.6054516755721776,9.646235094992981,5.894186234002799,0.4238559675833177,5.111106371244111,86.86114362303763,0,male,rural,0
APP102104,4.451422423014131,0.6710572484966016,28.322602738543804,0.6469719547686799,5.296099040676125,16.462654427213437,0.5343686856125154,6.433340744031009,128.12591286686637,1,male,urban,0
APP102105,7.128285511247908,0.8885183133958701,30.400143062374138,0.7826347748374104,2.2144171414315057,20.2850434644914,0.4806512996157186,10.287134652281942,273.9977757079547,1,male,urban,0
APP102106,7.407396580975115,0.5199512897193308,31.932256672340916,0.7577067614612265,4.12553643237367,18.85066144464875,0.5649581019200172,4.840799202527671,260.5401121364618,1,male,semi_urban,1
APP102107,4.247959739308447,0.33336010387347886,28.314598680109075,0.5868016676111188,5.478345559819036,15.057568433017858,0.29180193633458,4.814068631604183,88.44849449804514,0,female,rural,0
APP102108,8.605792106700637,0.8607252851993589,32.28363718725506,0.6695177821553849,11.468205400220691,20.276351619452733,0.7223905320190657,4.788388471579257,130.00668719394042,0,female,urban,1
APP102109,8.10814086875012,0.605240943351475,40.70602328382478,1.0,1.3588518386314616,14.12075114216197,0.7204709395322205,8.795523508193583,313.0115787416962,1,female,urban,0
APP102110,8.084444959302248,0.6301850309513551,20.40408543407353,0.644088970432194,7.787131419687441,16.053054085700296,0.6154950481931378,3.8883150976368057,217.36607899541403,1,female,semi_urban,1
APP102111,5.1004346223534,0.5143609149584688,9.328109920649426,0.8244970927125519,6.136098155583157,15.742691680886576,0.6656548600795151,5.9509327546298465,83.68864672821782,1,male,urban,0
APP102112,8.68933471702718,0.6932770330655794,42.720956146874016,0.7215724945515236,0.0,12.517381955917195,0.6308483122143962,6.293002025861668,173.45062560389707,0,male,semi_urban,0
APP102113,7.2470041827523435,0.5190369892704925,40.22397816576244,0.8890248466259552,12.210501738632622,9.962232544662601,0.5905963521651972,8.288556231820793,177.5073086939303,1,male,rural,0
APP102114,8.878453514474135,0.5940329411889534,33.34132509970054,0.9694585737646023,16.732705118496987,6.769858306242224,0.4021457199950006,8.002172391919704,229.8722396032966,1,female,urban,0
APP102115,6.005600506120779,0.7194799535128754,24.303087587601716,0.5867143494731873,17.072196009531588,2.176313708138995,0.7060532255546201,1.3334098753350885,303.37275787902547,1,female,urban,0
APP102116,9.669306885684103,0.876488681605944,42.696646398936636,0.8241043738793423,0.0,18.599888675760056,0.9621778855897742,6.847180931006552,323.73689077416077,1,other,semi_urban,1
APP102117,7.079869591918683,0.8268249086393741,36.71325561488622,0.7181580011819422,0.0,14.9300986128653,0.9133740293368187,7.4927929982595485,173.39208852489088,0,female,semi_urban,1
APP102118,4.820748333207603,0.5319006189776626,25.361162060150146,0.6166968882207604,21.170943228792158,17.87717351439604,0.7702767175459192,4.3831684743318755,333.8832648481716,1,other,semi_urban,1
APP102119,7.526356648734476,0.8467451343838719,35.411615695215936,0.7860137160011993,6.332198147961117,13.378540538680232,0.600493195268872,5.642035874168531,185.01845074979008,1,female,rural,1
APP102120,8.597625084738496,0.6482953117437646,58.28085894036327,0.7466187137313994,0.2667878567194357,8.645628218124102,0.5740147428043393,5.5384701135055465,156.9423587662776,1,female,rural,0
APP102121,5.72565787030164,0.36721607273223406,19.306932247979468,0.6434394423472976,13.988696653335886,15.005925373038687,0.3600546830818501,3.9595968211783195,160.9670580213307,1,male,urban,1
APP102122,7.51420846408561,0.7691162054937057,64.20596853140773,1.0,7.580132931527983,15.136313115654914,0.512330246337549,7.0945888646246695,185.07673387531082,1,female,rural,1
APP102123,5.68247210094979,0.7088555729823767,7.869096268243814,0.5754005160137098,14.566310261346018,5.776733255448937,0.4684489224705982,1.94611146854623,244.66049726448105,0,male,semi_urban,0
APP102124,6.839886899630134,0.5696035898082306,29.670737014506336,0.5796604153090755,0.0,9.73165622271398,0.2827197018526221,5.801988174953287,24.481134679073364,0,female,rural,0
APP102125,5.034606755132575,0.919604363972839,21.62668233826161,0.8942655269813573,4.978305813825771,22.32161584203552,0.5380545423571668,5.64570894644412,293.2986805635128,1,female,semi_urban,0
APP102126,7.211020855440202,0.6789374988447211,42.65115720401339,0.9718243627995441,9.015070624962561,13.277643088034385,0.7707514432204403,7.2854543249673265,288.91980932342284,1,female,rural,1
APP102127,3.815268279071401,0.7248780258803835,33.00543860406302,0.8516760359802464,7.448774370767712,2.8846027536563597,0.6893518657235063,6.916937460477632,103.09927054375976,0,female,rural,1
APP102128,8.126741220158292,1.0,36.79031427951428,1.0,11.661034481574674,20.92555995601479,0.6322226207271449,9.345519670909985,233.63809128877298,1,male,urban,1
APP102129,6.982822704536726,0.7944618316138786,47.73650084588528,0.8770120099886992,0.0,16.377756724893487,0.7803871932439012,5.785244920583748,254.15290628876764,1,female,semi_urban,1
APP102130,7.827299269513389,0.7708049335734468,35.193143568898364,0.7996364342050267,3.7698897907297697,27.999915255010787,1.0,6.349707388277056,296.51018197736033,1,male,semi_urban,1
APP102131,5.0758540034082085,0.6753009012971888,8.705007325759343,0.4297100491397089,16.534299573310605,13.786066608257887,0.3680330233076769,7.3786985997205194,162.7443631416523,0,female,semi_urban,1
APP102132,9.09463603998272,1.0,52.46403639979907,0.7867841006778735,0.0,23.496439970583868,1.0,6.7316084379276475,339.0787853045442,1,male,urban,1
APP102133,4.1800078257307325,0.6848282679059357,23.503362610505,0.671246507316851,12.003004977886446,15.153303445583829,0.6126295037680963,7.396212665811919,83.347203907641,0,male,urban,1
APP102134,8.032115222025043,1.0,24.57537573505362,0.5400026649377978,11.169909518292505,6.290040832084927,0.8312507311817268,6.130642588600096,401.13575030149946,1,male,urban,1
APP102135,6.6982890470254945,0.6738508476804117,19.771067229573728,0.4106902687211915,10.838309346406296,13.286087036045082,0.7099877831521335,3.4828319886856898,249.80654836506244,1,female,semi_urban,0
APP102136,7.032199771011396,0.5890542242677629,32.90695244458537,0.720388372902721,7.200429611683351,12.528095170686745,0.5344242990937055,5.763465247609703,244.31333543108346,1,male,semi_urban,0
APP102137,6.273958099390001,0.5942653593120754,20.21589699168565,0.821029207404656,4.25570911146975,19.223603275246926,0.6275094955058532,8.357996935807849,156.39998198951182,0,male,semi_urban,0
APP102138,3.6671670185942444,0.6908209010271643,32.094631103907595,0.667305580720247,9.627437879287104,10.84510455199589,0.4078932438997923,1.36934678204877,270.11664074317395,1,female,urban,0
APP102139,8.431147728029256,0.5350321186893153,54.597116187198694,1.0,2.543647981978962,22.945636138240488,0.7480976838152273,10.877220003504227,342.85869723728433,1,female,rural,1
APP102140,6.123956812249874,0.6464942996773017,52.19755121281617,0.837448066672181,0.1975283819235587,14.092317681519118,0.676565675114208,8.743950034702479,234.02173025387455,0,male,rural,0
APP102141,6.4035822230284465,0.5675917180345458,38.24129076040362,0.8248353142495612,15.756338505866129,13.840067225514483,0.6149272891407827,4.068424134910145,113.66151892637106,1,female,rural,0
APP102142,9.139202856456395,0.8166112701961524,38.87530694916506,1.0,0.6272485059885984,17.77640944770569,0.86921890590666,7.469690319862796,295.19434733647074,0,female,rural,1
APP102143,6.99269749925864,0.9583226334281514,29.611142032161755,1.0,2.1016755595920573,14.66404695440731,0.8462514140834034,5.613893769346108,336.80788670064624,0,male,rural,1
APP102144,10.01060386803461,0.7826255668843588,32.693793154616934,0.918454147801511,2.417482443099977,27.48634809359328,0.6776720559377449,8.955125002846213,273.06289907336486,1,female,semi_urban,1
APP102145,5.116541456824103,0.342868657491161,19.15764208425083,0.5786984321438149,5.942039268438707,10.13344240426723,0.7357996522288617,3.165887791375098,134.71923830556477,1,female,semi_urban,0
APP102146,5.45548152379347,0.5209235422367514,34.94119005925116,0.6870362839113179,8.178456205085476,14.914231601267153,0.6376075107270576,5.131169354031899,187.4383714570515,0,female,semi_urban,0
APP102147,7.3484408485418236,0.6587847462931676,19.674640447885032,0.8703599506581872,4.607289482809553,22.404417985505706,0.3531893828991757,4.189063920627518,153.52210322722095,0,female,urban,0
APP102148,7.656057349605135,0.7410647311383335,36.101392957684496,0.6215212135409597,9.290813919821801,18.30504846327083,0.661333881040699,7.900001236021486,181.09492274725568,1,male,rural,1
APP102149,6.476972351181928,0.9334996924799044,19.459727697913348,0.9307094491460383,15.261156127805066,2.320679754849806,0.6546712104375307,11.147469596253375,135.66464748198428,0,male,semi_urban,1
APP102150,9.65949722326134,0.8366592951503173,43.04141952857021,0.69124005395626,8.786655111113916,11.301070057450078,0.5153050266627719,4.3852047104007355,275.87937245425326,1,female,semi_urban,0
APP102151,8.94880700815562,0.9116647335387641,33.26870048598702,0.8402347317529953,0.0,12.588625035706954,0.5840994008109361,7.600620193519685,372.59141206079613,1,female,semi_urban,1
APP102152,6.2778224336200745,0.6383392824785368,38.261623873776806,0.5711197678250495,4.4520780022966395,18.155277873908375,0.45251283861160657,3.896575097292015,392.10690683666314,0,male,semi_urban,1
APP102153,5.306406282580934,0.8205563890194238,18.973709245566994,0.4765904823401709,10.657312303731345,12.315314894240107,0.513077936316741,4.136095779565909,218.0097217820794,1,male,semi_urban,0
APP102154,8.938584499299532,0.5621992305319882,22.125788025255066,0.6793357607600876,0.0,20.146974935786602,0.5160401293271782,3.7798392881777882,217.94458491523383,1,female,urban,1
APP102155,8.605252568268046,0.93156128218963,51.04886003517994,1.0,0.0,22.373640762462912,0.9424575962088225,4.665381266105545,355.8984302776069,1,male,semi_urban,1
APP102156,9.151024629268017,0.7985871145237534,36.425420352907025,0.7782746097042694,0.0,25.08369990535747,0.4585206578092631,11.184705853057732,233.99146309619653,0,male,rural,1
APP102157,6.864721641392108,0.4061547891198859,7.4228394975398615,0.8806511990187932,11.259763297730924,5.051153867590325,0.5708829606474864,5.179230807142062,210.3473430669763,1,female,rural,0
APP102158,10.915890248648443,0.9620360693167299,35.17514541279098,0.8337508775627849,12.754126643491759,26.17700131315611,0.9455603648829762,9.646764349174648,433.27707777133753,1,male,urban,1
APP102159,8.612686336734933,0.9621569667920638,43.29437496997422,0.6238570285427252,0.0,24.459220899462423,0.57123302984819,5.3026000381666885,341.5741531541146,1,male,semi_urban,0
APP102160,7.319436583273884,0.5719079339576701,31.567044751474373,0.6875560487741086,14.430211026364198,4.409428076686498,0.5313357059791295,4.508034477642162,309.7287951411626,0,male,semi_urban,0
APP102161,7.645066380581811,0.9322812520183716,22.183018223703552,0.824461161336197,5.255273528679387,13.307632431916621,0.5960183938039347,3.644625173835322,154.5433241042663,1,female,rural,0
APP102162,6.078513255427089,0.33468735487055135,13.159877269700871,0.6216764909992075,5.4913885974335015,10.926018844810475,0.49224141595317894,3.6070541501351525,77.99799265103115,1,female,rural,0
APP102163,5.405041508239498,0.4873142338505225,33.74514800595423,0.7103303811266457,16.981481496851814,13.831740609578567,0.7079816728305339,6.0041261964247585,165.76091021759356,0,male,urban,1
APP102164,10.963209285630025,0.7611696579507584,50.645276231149495,1.0,15.887972006943384,26.341863759546072,0.839980389244886,6.578570579568629,171.98374856731002,1,female,urban,1
APP102165,6.993072146322863,0.7672912260981071,40.373527414135815,0.877506217234488,5.7576092969101,24.78782746197681,0.7136355977138267,6.944499522372884,350.6355571718095,1,male,urban,1
APP102166,5.632777374878162,0.47784405563324645,24.554649873159967,0.5170923036735604,14.085560968457806,10.926162623469732,0.2717247647006864,2.5736763046603937,179.19907211919784,0,male,urban,0
APP102167,2.8803262874044715,0.579083449467559,26.04719191351419,0.39646533411298196,13.24524026826295,12.039597311862956,0.4985500293194026,4.81027334682763,154.8138203883143,1,female,semi_urban,0
APP102168,6.534956965050289,0.5995214362123948,49.6229327582907,0.8922066089123672,8.000417679636934,17.761947955088573,0.5250114682397973,5.9794490481361064,207.55201727788406,1,male,semi_urban,0
APP102169,5.7859825850829685,0.6223486698885963,16.300378439305927,0.6343675246772554,10.533573203744973,14.01508901014567,0.5410802790259526,2.3100666912467145,282.6690868673111,1,female,rural,1
APP102170,8.313975504393255,0.8157865403777076,29.97481610162566,0.7590601790602906,8.789794794694751,16.927038013814162,0.7760454372421923,8.927378466879892,317.28307665591257,1,male,urban,1
APP102171,5.410184128501471,0.4597059747269626,12.320552297642362,0.7250979812453012,21.22242541982928,12.943373620780108,0.4095348790835747,4.283241115564679,50.651087237068964,1,male,urban,0
APP102172,6.149696103263383,0.7230437196525054,41.78042143367908,1.0,4.023208005985717,13.231927695143915,0.7446904512414928,7.1531226704926,1.0,0,male,semi_urban,1
APP102173,8.547807306055537,0.7092977422782549,37.03239671038575,0.8820944612108391,4.922431782442788,19.945036905962514,1.0,11.4138030019333,259.821300386785,1,male,semi_urban,1
APP102174,11.737670847372831,0.6956342383985561,49.00541546937443,0.9029872225669328,1.3810336885735297,18.040196971291955,0.9734732601874814,9.577211830667082,345.8726766740389,1,female,urban,0
APP102175,5.898620419488473,0.8723565305837665,36.420537926191614,0.7891784836545841,11.097267870999465,21.548438474189027,0.9239861907668897,8.017509601496101,257.6128261617526,0,female,urban,1
APP102176,4.091567175905529,0.8476790214362105,20.253258236798594,0.5346178445131524,23.797558855891292,15.738107196780845,0.5910212861895231,4.769028616037857,112.50291020507676,0,female,rural,1
APP102177,7.384637554575619,0.7992528381079285,25.634999240079342,0.6036358138524466,15.407975891818662,7.300610989099387,0.5860264618339915,6.546171532314861,116.36159521491959,1,male,urban,0
APP102178,5.99070694895629,0.6747157275516416,33.54525552380757,0.5880047200770446,14.617678518258911,10.478268900199895,0.6351075817468543,4.053436183512659,77.50655987703925,1,male,semi_urban,1
APP102179,7.3789551495998795,0.6139189172471404,21.20748003978761,0.8730259183153769,12.184185605999232,13.1070803677644,0.7342814510562244,4.913281885286927,124.64424420256455,1,male,rural,1
APP102180,10.895738383494422,0.8144478487363177,42.68914725342654,0.888945775649086,8.825115467062695,28.250914415334247,0.9762778910649745,11.09585552881045,367.2603908966575,1,female,urban,1
APP102181,4.783390424964817,0.7901860875809164,11.694183407978405,0.8519838727160703,22.465084947511606,18.666502359692096,0.5734460845628128,6.475338249800995,256.6705179684555,0,male,rural,1
APP102182,5.89567571542116,0.3360888889843247,30.313640644721765,0.6831593180433998,0.33215711659311786,11.520127731924648,0.42664251674186826,8.115906733752993,81.12289275134334,1,male,rural,0
APP102183,3.152670796661107,0.45328653943167996,10.744512970763786,0.4536931470857121,17.725829642039418,0.0,0.18949825709834375,2.9866489990464915,60.315531966444105,1,male,semi_urban,0
APP102184,4.785987838834377,0.6973368819508213,30.54218578470528,0.7898031813538096,0.0,15.124980208681764,0.5782094441249293,1.0,196.39981976935832,0,male,urban,1
APP102185,8.060862392291057,0.466029893663627,24.26124338372326,0.6571009478091655,14.969749230386702,12.064072098913382,0.4020356668134297,5.063602232511244,145.57923266329254,0,female,urban,1
APP102186,5.91401102284873,0.8612169870458638,34.35539566278293,0.8159571973957269,7.335383717443643,20.130204612428564,0.875099940701126,8.021556708318002,347.72213577199426,1,male,rural,1
APP102187,6.423147821123554,0.8375134597807643,34.819755744204755,0.8211197992340415,2.432087724922638,23.8668224218432,0.9520044526309217,10.078201404456955,367.7750662226763,1,female,urban,0
APP102188,6.649863389910984,0.5950760015173431,57.424570081176256,1.0,0.0,18.8412044331572,0.7584333549255118,10.381381888120183,330.41543904481983,1,female,rural,1
APP102189,7.9195151573317855,0.634178331941629,7.201039278429821,0.6821847271158207,10.688419605791601,7.905202142739867,0.733116453152348,5.648250330939781,106.23775693783662,0,female,rural,0
APP102190,7.160563990592501,0.6795274693092485,30.217822349696963,0.9935848902866884,6.589162180986829,16.828670910200017,0.7790210326639966,3.2968948241748244,382.4635283408821,1,male,rural,1
APP102191,6.9312751232678025,0.7905005075422166,32.88779399437247,0.7214027591058055,6.701461071653137,18.849717336004137,0.6889951382851331,4.912079387425387,206.9928011250903,1,male,rural,1
APP102192,5.152396545721173,0.8387581570571947,27.081822409814794,0.9314866720294954,3.552715233673519,21.30932899118187,0.708789244072724,6.037230724102451,214.64850372112056,1,female,rural,1
APP102193,4.666170623732817,0.6304908185980855,23.265314795529754,0.6151339513120695,8.043308201670667,16.69826750476868,0.36368491594917063,2.730262197163917,159.327403535976,0,female,rural,0
APP102194,9.147601255861384,0.7674100936096934,34.52205766648145,0.9209727498919564,5.762829360522136,19.843024447785425,0.5768563614106897,7.464174231744863,225.2580251175019,1,female,semi_urban,1
APP102195,9.968151105406559,0.9159117263965267,48.09214222428614,1.0,0.0,22.905922996764556,0.6191201544458298,12.412030641535809,319.29267231478985,1,female,urban,1
APP102196,5.8014883376010005,0.4544758642991953,24.957987840076484,0.5060034017351842,14.46550457871492,15.975235735476424,0.4536425612959389,6.1762269447892315,124.52786592312259,0,male,urban,1
APP102197,2.7482539083792816,0.5684260455243094,17.543039250368185,0.5929623056993765,12.050127855002785,3.795649829381368,0.8122075964913114,1.6227775249631136,98.51950827835516,0,male,semi_urban,1
APP102198,9.364436796881373,0.770951841514588,34.2299522148251,1.0,0.0,31.618157549766476,0.6640255718656591,8.151147923586402,370.54513409149956,1,female,urban,1
APP102199,8.131041317230185,0.9154420911124818,37.22493931998458,0.9607729933111805,6.758602600147721,19.09244860230549,0.5494084870417061,5.3762392602726585,77.99090053164832,1,female,rural,1
APP102200,6.8133597451892145,0.8892255254464942,20.17249382549432,1.0,7.035064247412082,18.19353876186455,0.637586269604203,7.501113631440024,266.24195362657224,1,male,rural,1
APP102201,10.090679370202135,0.9426163780670015,35.93044598311346,0.8988348562580224,11.170473228486605,17.187683222544216,0.7118969585791559,10.422222621174614,156.5707638141857,0,female,semi_urban,1
APP102202,10.130834635768608,1.0,45.71144375503257,1.0,8.433154418922456,24.145472473731907,0.8406679014991497,10.332345330927236,263.5678164459275,1,male,rural,1
APP102203,5.276017437146318,0.5884360802884451,36.31081835784906,0.5565933020672267,5.6789010549538,10.493552428240033,0.48064416844488056,4.006222802414478,193.87954914005266,0,male,semi_urban,0
APP102204,6.2877951069153575,0.4975853515855593,42.68844215036518,0.36571373576568156,19.33135640196373,8.525411313611677,0.4701432245380907,3.538447259231422,90.48013161619451,1,male,semi_urban,0
APP102205,8.579681040531566,0.763245621678558,36.18320283650513,0.8141801486789798,0.0,12.45833183277896,0.667932397135165,11.67408211916656,360.480194402576,1,male,rural,1
APP102206,7.856895935833059,0.402077136388592,16.165887478587944,0.8395905149118312,10.156393786498581,9.947233506102599,0.5067323749920977,1.8785408826059355,198.0954807339391,1,male,rural,0
APP102207,8.573917456714693,0.372975296314937,26.35898430836731,0.45127078432830514,15.217393740478215,7.23315205545212,0.5179397710188951,5.306180518618491,1.0,0,male,rural,0
APP102208,7.352104824833862,0.9260056545274655,60.6553064346889,0.6539665266483669,10.64407019081292,23.734824204051602,0.7958669868405206,9.716705370079328,417.4451842103754,1,male,semi_urban,1
APP102209,6.772041166555508,0.3985832844437931,37.034335295022125,0.36325974391098054,20.669604441252687,9.054483409731763,0.8319324976755964,3.563795963491755,163.3628399609175,0,male,urban,0
APP102210,8.445589548062715,0.5046392951697327,16.57806414049293,0.7970023450401437,15.567952692823981,0.04944406537152091,0.6031172225983022,5.28062821225348,133.1767948264869,1,female,semi_urban,1
APP102211,7.556224033291908,0.8188916546888998,40.668375388294926,0.658777631994334,2.621689690199747,19.632421443612863,0.7862257814877418,9.523432442237905,268.33029777181196,1,female,semi_urban,0
APP102212,3.909733407716594,0.4896601535923223,25.13815929172175,0.6402856296558915,16.096059170742812,0.30229753057398057,0.08982319092356233,2.440777965303126,1.0,1,male,rural,0
APP102213,8.581648364248913,0.9969287877755915,53.96439559391994,0.8603780633234274,3.3791873508111654,17.989822099772866,0.8910899801028439,8.006407484152582,352.6623413064202,1,male,rural,1
APP102214,4.578893702584887,0.5609402331094956,22.58701260079153,0.44276518948199906,9.637339273417538,12.612974761303867,0.16857597789084722,1.6115885911946164,157.51162934704874,0,male,rural,1
APP102215,5.708449419131693,0.5297628766883451,20.97050023068454,0.5184164770711023,9.188212587071577,4.031740279133565,0.6696707436360007,8.714998743729577,110.94899707240899,1,female,urban,0
APP102216,4.854222528843316,0.7225215788565245,24.739548644628915,0.6173173319209871,21.301920371875703,10.313049537838431,0.5173333903466436,2.654945069622177,36.136290109300774,1,female,semi_urban,1
APP102217,7.869757970509603,0.7835037395986407,36.97016091732404,0.5828344887197975,12.134331835814312,11.17315030036094,0.7374158654902288,5.886403206599978,203.2862808107505,1,female,rural,1
APP102218,4.4396744653744635,0.507245287577495,22.380151532716837,0.7455084821611775,17.635589825215856,12.444463952605595,0.5784516613358432,7.948360993490683,331.6894313602386,0,female,rural,1
APP102219,4.035659080897846,0.637606610922999,34.28135427126498,0.6724483990179755,6.095675615867,5.091711528837964,0.5287552372133479,3.5723397491964834,232.99861714953477,1,male,semi_urban,1
APP102220,7.742124596494016,0.5752206470408422,38.342990032721985,0.7971916212880774,6.705336462812481,15.721724834717289,0.7294676036285828,5.7212229653075,271.4648631311669,0,female,urban,0
APP102221,6.411174673229176,0.4942516944331658,14.072447706470296,0.758798845543291,13.384934762195076,12.432393028234788,0.39240200938353603,5.1148373724592675,320.91244776269286,0,female,rural,0
APP102222,5.28182171390423,0.9717361995271643,38.466908313320374,0.7399318771646421,12.015974285779812,5.939700931484827,0.7306413963649318,4.130316076667618,286.67280010756105,0,male,urban,1
APP102223,6.359506478413911,0.6199709451316621,29.250857872594946,0.45648300862544067,10.869521281151806,15.819132515872468,0.6113012195605434,1.0,240.0975908125466,0,other,semi_urban,0
APP102224,9.07649267176994,0.673115375825593,39.02867994697867,0.8013235179785617,11.801389048650073,9.355986761217864,0.6369525932982608,4.653714579347469,222.14701256269223,1,male,semi_urban,1
APP102225,5.332101240491649,0.606452084607004,36.193576617546285,0.7038536222545341,15.684961296964063,11.628515532095829,0.7539168265784741,7.33112339799613,99.08035617908433,1,female,rural,0
APP102226,5.522395827475279,0.8334251967958013,30.101406372728256,0.7003414174585214,0.980264964949745,9.20962191849013,0.7301944064435832,4.895465617945311,313.83773055864526,0,female,urban,1
APP102227,6.643602341292407,0.4835040590617191,23.30223889915529,0.5566523524993974,15.661142309033588,7.141925659747638,0.25980796666483685,4.036192638586054,38.26478207512773,0,male,semi_urban,0
APP102228,8.796475862623094,0.5678330189949687,1.0,1.0,15.20520388582122,5.979017138560461,0.7326288584601767,2.297588017768538,208.73627990232842,1,male,urban,0
APP102229,6.110424812774092,0.8278097365841783,43.7960385733444,0.564014969849486,8.454959691369613,13.821747801318695,0.5879199400401576,9.270468690932354,177.2687077694307,1,male,semi_urban,0
APP102230,5.594194921351601,0.37489606045488133,31.407765038461186,0.6891999165734243,2.2177875771991484,9.112849288400284,0.6475952589165949,3.4449184071437067,167.29856006231788,0,male,semi_urban,0
APP102231,6.075757786540616,0.6779840650837327,28.203489053107774,0.6899440420232288,12.587928433009303,0.7218213098525954,0.48103945052373054,1.6774778667172103,106.13735958265394,1,male,urban,0
APP102232,4.5479788143302295,0.284219089235496,4.882840379617411,0.47693076945797797,16.314839440484807,7.822009156314947,0.03498377947679587,2.2330562781090664,93.4151009624695,0,male,rural,0
APP102233,4.879279848607258,0.6964832685883142,42.621799946667466,0.7372393133238297,2.5042867047193864,18.894574929085504,0.7824150997446186,11.69304073300868,233.41660494891272,1,male,rural,1
APP102234,8.920331361324301,0.5438553879012729,47.71872166325318,0.7589203641265442,9.662728094849204,32.71416361330699,0.7213519597031832,8.556662084340122,320.68825379563816,1,male,rural,1
APP102235,7.573262047924819,0.6776605842037932,35.73968388705932,0.8781439721102997,6.884509503446791,26.4483957558001,0.7512058718682747,8.408379056263984,374.4259083649338,1,male,rural,1
APP102236,6.319742083669709,0.9763717609347916,47.91460016260494,0.9518608330651367,5.812172759376287,24.968188397527737,0.6888224632841359,1.8688003660342938,145.39021119735258,1,male,semi_urban,0
APP102237,3.996754994158864,0.8292271464510452,32.160668994155024,0.6643970804625519,9.047654386719941,4.782846134648798,0.7340299100925731,8.157159699876269,185.33583730442555,1,male,urban,0
APP102238,5.874418650377066,0.6786188590086186,1.0,0.9732493991565966,15.757213880250173,0.0,0.269210030574651,1.0,26.812861129390917,0,female,urban,0
APP102239,4.059254641024291,0.37007319877260125,25.7127379220016,0.5304384825848605,11.91995204082968,7.886119208028188,0.6762689258412365,2.043126375372746,143.03769466091285,1,other,urban,0
APP102240,7.798031706459656,0.5622100720089405,24.116095982243777,0.9539793325564374,0.8771652454551253,24.92750629051632,0.4468881274166814,4.870874581461003,187.4502252747639,1,female,urban,0
APP102241,6.46760472012832,0.6575924236086176,4.835719299439724,0.7015267099253493,9.118061589670631,22.702391110154103,0.5776185523620575,7.0622782203919225,254.7172253078412,1,female,urban,0
APP102242,7.8337164533281465,0.8466968214339253,37.2114605672985,0.7855950658169073,6.983405910900441,13.532281215563906,0.8151150744345783,6.703657510213566,233.4056221404351,0,female,urban,1
APP102243,7.8227668314504895,0.6052669913345083,31.61415693796258,0.9739574637653545,14.211222603789086,13.32858820948696,0.7936773035274779,3.4597573138753273,317.6847528167435,1,female,semi_urban,0
APP102244,8.165555134229976,0.6527606594937938,47.60203372909346,0.529537288386285,10.074259396902423,19.699412821830478,0.7271102375859775,6.383708206329027,154.00395964788726,0,female,urban,0
APP102245,6.466622955019238,0.48092961476128127,27.37404976071176,0.7332375006488238,17.0894781976462,11.545793305299467,0.5572703432289888,3.349562608732912,147.70784585400193,1,other,urban,1
APP102246,7.735292889699975,1.0,49.03838623441427,0.7582079213388276,0.0,20.3921018818081,0.7237966045633263,9.219791773427607,248.4533904822821,1,female,semi_urban,1
APP102247,4.958627891413384,0.5775988724513571,30.483895468346113,0.6020493323322814,8.009635201568669,15.616607717521529,0.40268973736805025,4.204008846945983,207.06297585446498,1,male,urban,1
APP102248,8.775622483607117,0.8335668321999818,51.808142346153986,0.7975317661849245,13.858736079795474,35.02123931212098,0.7082407180145219,5.438868084776035,200.00661174701742,1,female,urban,1
APP102249,5.236840489949009,0.607619127801563,11.692445921732753,0.46238284818332887,7.95762369743966,16.276488665085708,0.37463373361888586,3.736471111332819,1.0,0,female,rural,0
APP102250,9.394260729597988,0.9825284767516131,42.487053086875584,0.6083840573683574,0.10137216985188857,30.17990317481088,0.6270593201197615,8.220117238854387,241.20982722141622,1,female,rural,1
APP102251,9.109449731778094,0.5875949907071623,31.334488755460146,0.817590732656081,5.574952521339093,7.3025741296936335,0.9586377915591362,4.102314404253429,283.348122570958,1,male,urban,1
APP102252,5.909989885198927,0.7681812480902358,26.901624904455854,0.5946794058139403,21.837584414519107,15.021013535327647,0.2582635658351643,1.0,56.829470975011944,1,other,semi_urban,0
APP102253,3.346193535474197,0.3456931669334089,17.93324545254127,0.4971002364662169,10.329834474341563,2.1257207034090344,0.615703047415423,3.315254178344161,112.02789864443459,1,female,urban,0
APP102254,4.92179235833643,0.9544264440288155,31.0207778227358,0.9283906592443912,8.002528209361367,27.36066264187875,0.5639852016414115,7.03008240609336,211.41760686785773,1,female,semi_urban,1
APP102255,5.019038100397127,0.38753465618202887,21.65532805611152,0.7307235164837875,11.891134463207536,19.02811235997799,0.42771803511446316,4.466230211764123,10.866883158142429,0,male,urban,1
APP102256,4.382240872285378,0.644248413191462,42.878885572840005,0.6398977629063461,0.0,16.01566217834418,0.44414335537141536,6.690299530028538,256.6240673231029,1,male,semi_urban,0
APP102257,6.146673914324248,0.9599643977797971,14.50988212507984,1.0,7.356405000622469,12.092974149675966,0.5036146545254873,2.445612819304612,280.5544400792328,0,female,semi_urban,1
APP102258,6.4628442129269645,0.744550331545458,31.69021944642822,0.8101554621032732,7.33670699896119,9.579004701769566,0.7133806460481237,4.919843690265107,161.38690391886075,0,female,urban,1
APP102259,8.731565675614718,0.8701850042199676,52.04434245047038,1.0,7.644906934147969,18.33539766737358,0.8720033571326028,9.46512922881547,294.1092929053606,1,male,rural,1
APP102260,10.020464122206471,0.5582842418763179,37.187557705818804,0.6802465886289348,16.151223234271903,19.588993493897007,0.6345432716259579,5.945634885223736,202.98223889995378,1,female,semi_urban,0
APP102261,9.727080746068564,0.7232770412377655,61.72483302065166,0.9126392495004244,1.6048553388193654,23.694300225387565,1.0,5.837643077485856,217.19108556614816,0,male,urban,1
APP102262,8.366791699400824,0.8018620914499254,30.40340111732486,0.4269876687565582,9.769951426365042,17.110297586465812,0.5227443845223047,2.682394027828494,252.69258091685077,1,male,rural,0
APP102263,7.681847868128135,0.7447935078314302,31.49606971023644,0.6461136599459246,21.50115073791064,21.751228677322555,0.62640966456426,4.575922552637606,181.40199683100008,1,female,urban,0
APP102264,8.183423351133293,0.803861602795134,22.661883832875553,0.604020851518223,5.480944883204229,9.289422577181297,0.5100595970680617,2.2485271409942875,220.29089178164597,0,male,urban,1
APP102265,4.50754266543212,0.5807954767296817,22.30205090899069,1.0,5.844567578312909,10.862302812306401,0.36644796621209674,4.1372765979921855,67.40082752141677,1,male,semi_urban,1
APP102266,7.218859582677734,0.7797818445760886,47.800560247910965,0.7584251684195097,10.61640469721553,23.41725926720521,0.7225849658281713,8.447237797928258,341.3898464029821,1,female,rural,0
APP102267,6.390213932489019,0.8192428291506706,30.4169268557448,0.6946689601305119,7.598306844121259,14.737061042033371,0.7830638657461493,4.799010729351335,316.2471290666162,0,female,rural,0
APP102268,5.992587339786761,0.6729290642219794,16.63408372237687,0.43272882665592294,11.72568337818233,16.41012862244753,0.653200984434192,6.651570019617789,175.51575862444034,1,male,semi_urban,1
APP102269,4.484742295311365,0.5696380412580532,8.519657067848929,0.6870820517627472,22.82790902221191,12.211469020817002,0.712505334468175,2.8586726200878365,163.79984774173622,0,male,rural,0
APP102270,5.408238758399708,0.48189576785918886,31.313783224445636,0.5832126181194235,1.1952157922508064,11.827052216932282,0.5349344827425556,8.839745937617337,284.517896295824,1,female,semi_urban,1
APP102271,5.033144394282548,0.6702787683080303,1.0,0.6683734485278061,13.070949332551594,5.649040433909802,0.5224170155275535,2.0059935879446407,144.05555855825767,0,male,urban,0
APP102272,5.257807317182427,0.750397484511128,23.879991504294672,0.43919403885369923,2.364881963753657,12.473571503047541,0.6763181481352444,3.7787877232429024,292.2680433225036,0,female,semi_urban,0
APP102273,3.2856794387993817,0.5147885166929672,1.0,0.6007003085584841,12.975443446874653,6.648805329022691,0.5972900952945914,2.265849646187977,168.174050165841,1,female,rural,0
APP102274,4.647860189691585,0.8322872008217396,34.31612145944033,0.3979542169772708,6.796006517653485,12.343355165467004,0.4646827678588492,5.29014762012572,205.3787236754085,0,female,urban,1
APP102275,5.347393617940799,0.6498336648823718,33.734028193725905,0.5538425702624155,5.1711494096447375,4.178466930686108,0.3857672901465312,2.124265181572373,166.4895233153117,0,male,semi_urban,0
APP102276,7.007898029326001,0.8391282719291139,39.7551407484611,0.7939888242203904,8.174741664319775,22.350335536954468,0.8553938001366757,8.28117086630026,362.54162635650437,0,female,urban,1
APP102277,7.596864908517341,0.8951843206697324,53.948588899568634,0.7055702626136046,5.860646133757594,25.150591098662645,0.8591761338127553,6.45096078345814,218.09251863903447,1,male,semi_urban,0
APP102278,8.977250641050796,0.8720782719212602,49.93337262095461,0.7307113738663039,0.0,18.840970011599513,0.6469694386303598,6.58854367953333,311.57877848770624,1,male,semi_urban,1
APP102279,6.991573023681528,0.6860450687620602,29.577307871791106,0.8054183744075905,4.0783986242277726,16.83183382694095,0.6688476497664012,4.756617032587359,373.2647446389838,0,female,rural,1
APP102280,6.174617332330783,0.6827693216992338,29.862993566666322,1.0,8.652043201094301,16.329501744109496,0.8437275263589348,8.23050931860298,250.5986480649241,1,female,semi_urban,1
APP102281,3.2359834652708264,0.8770093461904627,15.657393886143025,0.6402882686711269,3.865040535508623,3.862461862351962,0.4450549873356384,2.503206475764311,11.850687285272684,0,male,urban,0
APP102282,5.753221124353994,0.564373631675585,33.32484867606672,0.567242685503284,10.031889923678174,23.757513452292848,0.4022327993680186,5.857133332533239,164.71879764771302,1,female,semi_urban,0
APP102283,10.618371710967688,0.9875560756019363,44.39715856881131,0.9322294531188347,8.549673762172596,11.670868498579557,0.6725067851243401,10.401804347974126,397.6164397746723,1,female,urban,1
APP102284,8.70270421235448,0.7120151162966594,37.69576122930027,0.6995278652477874,10.474511780763528,16.28123657482377,0.5792640829942575,4.07219273154515,168.09211832494015,1,male,urban,1
APP102285,9.82452470495667,0.9212196990132516,49.9956750787683,1.0,0.0,18.807868044663806,0.7743637422415905,10.105777365488713,236.7487381661311,1,male,rural,1
APP102286,6.516199411666369,0.7326165201004236,13.988479532937976,0.5967325841639567,14.705595575867013,15.288616423794778,0.454082955521248,4.582820244710113,1.0,0,female,semi_urban,0
APP102287,8.198158689923089,0.5602202699876165,32.58399121919407,0.38365742107026063,4.998622862896623,11.427693491649194,0.5313235557317174,6.07142760345788,121.47202190871086,1,male,semi_urban,0
APP102288,6.57007732748996,0.809936732632333,29.48400274838137,0.9118092646349774,7.993274424247665,28.760447919313286,0.6337224582875051,4.175725560113193,369.7998081481928,0,male,urban,1
APP102289,8.515597775855921,0.6922171184015449,25.92790285571036,0.8164575480483491,8.03232895694984,12.799209919276935,0.692364654782225,2.9699409850385976,126.4804516830415,0,female,rural,0
APP102290,8.303515611308113,0.7167607686913009,30.390793351730707,1.0,0.0,16.84359173512867,0.677078947628995,8.15042164108669,373.5418811796817,0,female,rural,1
APP102291,9.653812568029368,0.9636508179504994,34.038069782906376,0.7318368290358227,8.495824628147457,10.195453467770113,0.9333711192018038,7.276228343132482,241.08764420566104,1,male,rural,1
APP102292,8.131011826707478,0.8112217109309725,51.99090330194414,0.775257550814642,0.0,20.760404104916944,0.796689307168415,6.129498528567975,178.55312672664877,0,female,urban,0
APP102293,3.389766046708517,0.5918410886457467,17.128256364822533,0.4989350244000962,3.575110891349089,8.677527365808,0.7263005412821129,4.42725084650686,224.29341481246917,1,female,urban,0
APP102294,4.809934482294314,0.8161574122313452,29.932774711848015,0.6617589176458628,4.400452121468417,10.431874243560827,0.4893471471788847,5.384027445413901,34.930689868635056,0,female,semi_urban,0
APP102295,4.706152341562348,0.544492666890904,22.683593773721647,0.7499041168419481,6.553765713513365,19.600815914902704,0.5940435249324153,1.0,337.14732254014046,1,male,urban,0
APP102296,5.655551448593693,0.7842346603027318,15.832716961035725,0.7292382839981605,11.396569349924594,24.695567575768298,0.8691450157140472,9.087657508030603,324.7896523791948,1,female,urban,1
APP102297,6.0683470970480204,0.48557473294688513,22.085951964595633,0.6075540938614201,17.022758563802714,4.449742373685874,0.4324607587685643,5.942937882009238,192.0961075796398,1,female,rural,0
APP102298,8.77136900289197,0.7239108797004566,16.448024731867196,0.6503158556356653,11.634067467194033,8.290661999569203,0.4341451126748004,3.118179926467396,120.20153671866976,0,male,rural,0
APP102299,4.501943055658515,0.4872776175171697,20.521123039655958,0.4991584174479925,13.217766176906148,0.0,0.3631482560765306,3.5893144063356073,149.09744442522612,1,other,semi_urban,0
APP102300,7.339133611430737,0.7509657084362344,34.24458130600572,0.8639631069142725,10.139451880814995,1.5821035914645805,0.46790779670607824,8.105203054110717,246.84740374020177,0,female,urban,0
APP102301,7.49821122543466,0.6739205713149249,21.973623335272144,0.5601790783022482,18.892820502362326,13.056067754536668,0.3317989308756647,3.761958671277717,115.39983639791964,0,male,urban,0
APP102302,7.5004139781645,0.6562403897473814,34.410487026387116,0.7590210407934804,0.0,19.996596339184332,1.0,6.861407174747181,140.80751375258234,1,female,urban,1
APP102303,6.320354396008143,0.9316792382771588,17.470544722213468,0.45683881211873323,13.355034206883417,14.647129007753524,0.30367911803416137,8.827835044980826,93.03495797266899,1,female,urban,1
APP102304,5.591912189990993,0.5189110746484225,30.830918098204393,0.7249119669259807,7.8846596518376675,12.470937348061689,0.4162517573305729,8.686781932924674,119.96866434702511,1,female,urban,1
APP102305,5.544418390035812,0.3378532248733761,14.531640262467398,0.4838219487431975,15.79276476911592,3.92943397835911,0.5509101670669134,1.0,117.33251030901573,0,male,urban,0
APP102306,7.009229362579193,0.7415607563356581,2.198843652176617,0.7708707669860554,13.578773810682941,17.99795777846271,0.4392222393728883,3.4399312281016208,130.20496203893063,1,female,urban,0
APP102307,9.83919603385586,0.5206880538683536,51.15137633590183,0.6893147152798523,6.657751135370716,13.234856314730182,0.7761172277563824,10.64916316426086,273.277165453866,1,male,urban,1
APP102308,6.963348092928557,0.8785827558964797,37.26274940454468,0.7387660535891525,17.499879372406166,10.398043548139087,0.6527911510943677,6.090434590985335,237.12987673313606,0,female,rural,1
APP102309,8.589262282227205,0.8263341904148975,54.80762435981955,0.5226465687811301,0.0,21.35706240873055,0.9436919822352065,9.633505830758974,251.8075842143913,1,male,semi_urban,0
APP102310,4.4847462198952615,0.47756410594617604,50.95329806908879,0.8079435653199316,13.320808157199997,14.578531417147872,0.5985019413301185,1.0,149.9247086024292,1,male,rural,0
APP102311,9.860668573702796,0.6586699239995877,46.81990941968498,0.8123366531768357,4.147839670864498,20.036735611990192,0.9144787080740505,4.1110352838677775,370.2488483816046,0,male,semi_urban,1
APP102312,4.332261888870634,0.40550000322560836,30.69491858744283,0.7293429939940911,7.424254540767361,9.934418884581813,0.3336536080442674,8.580696321001524,222.51035423383922,1,other,semi_urban,0
APP102313,8.829374993609393,0.8174522116042421,46.31725660243464,0.7024978618414166,16.068118700733656,20.705525682673926,0.6341282003725032,8.748142779026974,144.76236831223764,0,other,semi_urban,1
APP102314,6.178255640417157,0.370606252046343,9.39795252574751,0.4359539350987245,16.072037977922207,2.405207066348596,0.5612770587851135,4.1001512559170505,1.0,1,male,rural,0
APP102315,6.448831758582228,0.8526120156256134,20.237185180461392,0.7467855264454191,3.2085240579478147,18.14490598613941,1.0,5.061393570749262,168.27787626685227,1,female,urban,1
APP102316,7.265765877464566,0.7327741815067836,32.29471429518953,0.8421118285882042,10.039138484362788,21.084395219661268,0.6033134809927099,6.739980028684366,266.1170547491286,0,male,semi_urban,1
APP102317,12.247172741571296,0.7663594399339646,55.16220726045024,0.9663576684356259,2.951465491037309,20.22055271856345,0.6508637417159884,9.89258545433956,419.30815304902285,1,male,urban,1
APP102318,5.495013872439539,0.6840177103121464,15.074432053617235,0.6666443362102481,9.069022212143356,10.404725655789436,0.5857300798936614,1.3861524282688924,270.9759354732258,1,female,rural,0
APP102319,6.159622635681562,0.8595229093664365,40.595764769591234,0.6587316163870972,2.6596971036356134,19.377381283359142,0.7404723973592836,5.909416155949622,327.04135913237917,1,female,urban,1
APP102320,8.010088722422267,0.8591217549969987,34.58559220427108,0.9863096524033569,9.96901953229513,5.558462615667985,0.5262992078741999,6.495827880500171,372.5980274328633,0,female,urban,0
APP102321,4.674459835523465,0.5271647591576231,25.44348723771858,0.687432559229168,7.652537237026026,2.775074271023353,0.37028616687669635,5.624115302135394,169.81988369769493,1,male,rural,1
APP102322,4.811337357823261,0.7416701400344874,21.376416797342017,0.6835545780766401,7.1621898767403,17.976721782976643,0.6305930473898395,5.876734124267179,344.41866919209184,1,female,urban,0
APP102323,6.710083872472637,0.5333962334804843,27.009634763539438,0.7084152470551929,14.930743769663316,8.392854776032454,0.6390547346960269,6.5384418279062855,105.11299519387188,1,female,rural,0
APP102324,5.7547183316250505,0.7330911250186687,26.56233569431823,0.7731214709982565,8.250050459820923,12.692041189441637,0.6108236083240648,8.072414954060054,76.43287216446325,1,female,semi_urban,1
APP102325,4.941985542890961,0.4139367491799672,31.789830099400064,0.5082152417961087,23.808698226796118,9.379046669756647,0.6140246026632713,1.0,55.23148994093287,1,male,rural,0
APP102326,7.175000018166559,0.7293211621129293,49.73299508127276,0.7856343332192902,4.813282648126238,14.702593052015704,0.7457662530579008,11.13464534132142,268.43893277736674,1,female,urban,0
APP102327,7.827230573177511,0.621578208985873,24.735614931496855,0.8552125054439497,15.290202915983194,2.1552118135165834,0.7207611033793176,8.021397235493113,430.95927463901705,1,male,semi_urban,1
APP102328,6.789644547123318,0.7116306122850425,44.743747146199524,0.9477569242354986,14.014550613595876,21.666467452387565,0.6513041644672727,5.765666837461051,185.68087119747523,1,male,urban,0
APP102329,3.575245185875767,0.7310471163728027,36.19146250880404,0.4540287901251478,14.555370715999256,22.579410962827122,0.6277047416267361,6.337478064927647,141.35007056943857,1,female,urban,1
APP102330,9.077718238153109,0.8762585360050565,22.311831248155904,1.0,14.349555064134321,26.00151216183925,0.9003592811697527,9.58495230902475,372.0532961998973,1,male,rural,1
APP102331,4.548809440842311,0.5495109415773054,17.117385772863717,0.5767449110225847,3.8986999787952623,2.6742835658558555,0.2993577549944645,4.378646226546108,40.80752230510798,0,female,urban,0
APP102332,9.94858319509503,0.6679375487658348,51.29381967047565,0.8222665864598053,7.404305770029479,17.357928026900737,0.6355899956542154,6.554903605528509,264.093952208448,0,male,semi_urban,1
APP102333,6.397744665679567,0.6490212940656735,14.631212324782105,0.8381163164242088,10.229146620311756,4.674350051102345,0.48832736408334587,7.6191191768779225,229.2023748076189,0,male,semi_urban,0
APP102334,8.356881041779328,0.5772653602346947,30.653466605541514,0.34347698687747336,8.037662003814743,15.442349930966062,0.725784492830595,2.087455740798032,137.2847741252399,0,male,rural,1
APP102335,5.447289260729951,0.7529137031843255,13.48013959593,0.8107009460577566,7.149099190524542,11.636946767674797,0.7040491937955298,4.021015251844759,322.2264148864891,1,female,semi_urban,0
APP102336,3.6573089000629833,0.5133409235579356,5.043133492388105,0.7555553487319078,10.317092519397669,2.4177542834669543,0.3479239369769469,4.018771001113243,203.53276927565605,0,female,urban,0
APP102337,6.094127127931978,0.6728513197564521,16.453209308097456,0.5566525732416896,4.525991698940462,14.625101155448869,0.43430239800435166,4.739260166461887,198.42524219647902,0,male,rural,0
APP102338,5.202154252324389,0.6492088302428001,10.184488207176235,0.4216379282305996,11.419733368749279,9.516547113919149,0.5570426732228171,5.7232854739796055,304.8052509540509,1,female,semi_urban,0
APP102339,9.88363928122823,0.9986735361853715,29.077013370454118,1.0,10.62461721016258,26.535586994638454,0.49240484916326044,4.379554296432525,219.42890704491595,1,male,urban,1
APP102340,5.7239825613315025,0.6875016318621832,41.10659974150928,0.3830883258359855,7.972280336529918,11.94210374519184,0.7140054644409957,4.09639696550491,229.17310765006863,1,female,semi_urban,1
APP102341,6.7929791347204675,0.8196636269402032,39.420544898185426,0.9100633512841778,2.5536349899153987,7.6945608989519805,0.7522762664615446,10.474352511218035,316.6042498558594,0,male,semi_urban,1
APP102342,5.771735875682448,0.5970181934352944,37.93386048641367,0.8794492954248672,4.479052789286801,5.983058277553882,0.47566121572416653,3.030063109435153,153.2493233718033,1,female,urban,0
APP102343,7.918278681049205,0.785071243514789,37.73990249385007,0.7447925048470553,4.263275578225918,23.713864844050576,0.4274929687992733,4.813333426057991,128.8347878167856,1,male,rural,1
APP102344,8.696988641712915,0.7893274824786088,30.602883299925722,0.955785487857066,2.274240441858664,19.697730573034775,0.8592930562041908,7.535529199273806,490.19011803220945,1,female,rural,1
APP102345,4.68780086280072,0.33910254575939003,9.798086964092724,0.5366621979182017,14.338722575774389,9.59626911607041,0.527816879822694,4.085218159564053,206.2817228317407,1,female,semi_urban,0
APP102346,9.046692442060966,0.7011641725430852,40.396653804014264,0.8286389353999333,13.221771462972043,16.570016058072444,0.5727690860881098,7.3947367192016555,312.87621963497094,1,female,urban,1
APP102347,4.159393004483713,0.6308259883407004,14.8463966715567,0.5085950447056047,5.465896031246149,17.186723617838524,0.5105471792595182,4.2362481283107805,80.30272330159256,1,male,urban,1
APP102348,3.720665264429413,0.5821194594901244,37.436449988668805,0.6436655603660916,7.676740848624838,5.710213746574706,0.4867382606077121,5.518198055545217,277.3865269654713,1,other,semi_urban,0
APP102349,6.933290343638752,0.7631123084451209,54.04876608941877,0.8212761381138243,11.061305794976521,25.688228146282835,0.7122869567369492,7.743322389445601,237.50653219487356,1,female,urban,1
APP102350,7.285248096258429,0.6840852053985624,14.978857906526187,0.4881820049852612,2.2875431905080887,21.042240506239473,0.864840871462133,5.566851663531375,358.9292375994603,1,male,urban,1
APP102351,7.091943771181003,0.7226945526378362,29.227924681694073,0.8465218458658882,13.247256459834752,16.584832979271617,1.0,6.556689083074787,342.47208071166756,0,female,semi_urban,1
APP102352,2.580805464828339,0.7466262734543174,15.545985642620519,0.19699798600217022,10.655181018562633,10.137930304738322,0.4450234756768515,6.142534069627693,188.81188963206063,0,other,semi_urban,0
APP102353,8.67663181639558,0.51343582211351,25.651590605505305,0.790863008758611,11.200759733978842,13.655491077810714,0.7274882204892025,3.7988740689223683,291.22647865655034,0,female,urban,1
APP102354,8.706908352049645,1.0,32.69023753088232,0.9031555126002675,3.499120343577335,11.445955635049405,0.8306555788133404,8.632196784155564,275.18238634229004,1,male,semi_urban,1
APP102355,7.1578199933794835,0.6666945653919351,22.52457956037188,0.5738942898810239,11.287047465453739,16.482424823422477,0.3563695404089336,3.5481717679769713,232.56083419907668,1,male,urban,1
APP102356,7.964932727276336,0.8093995075996213,31.860596765989545,0.5650688794714557,15.2623268407111,17.35128891520512,0.5054813904231693,10.35734026887223,365.4960127272948,1,female,semi_urban,0
APP102357,4.910235360769588,0.709710221950307,30.79697839360372,0.6531261714103578,7.7242120920772255,15.86353606151281,0.2908223057644576,5.988852326508735,244.90035763768566,1,other,semi_urban,0
APP102358,9.318128220966171,0.5653504539900169,50.71696750436141,0.9607373287864301,8.633610684727405,23.62416838232656,0.8726785191532213,5.949333409829952,227.52539375381434,0,male,urban,1
APP102359,6.205543532338746,0.3978042089211678,16.8149904571144,0.6151820816237075,14.403005702771178,4.792877354393018,0.7621711737572108,2.661990373763225,215.16335960467026,1,female,rural,0
APP102360,9.837804311013485,0.6965145490848319,47.94578326575477,0.6428204560758118,1.4394438083163967,26.224129397394318,0.9038203968761206,4.585283291464328,205.21843585728243,1,female,rural,1
APP102361,10.163242002497029,0.987814440382718,36.57008132238288,0.8969531902200134,2.41558757519374,21.97848127401482,0.830120496195483,7.508666434655837,311.4068547150855,1,female,rural,1
APP102362,7.303862474946571,0.4612963621081118,15.191379546235003,0.7293561172610259,8.046419244328106,16.15578081341794,0.5967081728678288,6.610395198895934,144.0777759925615,1,female,urban,1
APP102363,4.350966055809891,0.5687792494748717,26.69504737367388,0.7547178584969442,1.041059575256842,13.49636663288419,0.593569488516641,8.665272367904654,1.0,0,male,rural,1
APP102364,6.679740110597964,0.7048704320260164,32.83777908430492,0.5546719591943825,10.990193124385732,19.25825277943791,0.784128699704837,7.764228060305921,210.88179113910863,0,female,semi_urban,0
APP102365,6.804190200948456,0.8535319155076488,46.038977382066335,0.8412842889186039,8.398735730181027,19.65013663212408,0.785602909672134,7.442316071195219,467.50226197123186,1,female,urban,0
APP102366,9.91388133437651,0.83245009895519,50.54611292496723,0.9369589651430642,9.750485269311643,17.87650335260361,0.7419214779487253,8.46095053577237,288.3301640625637,1,female,semi_urban,1
APP102367,9.544030240487128,0.608963299736213,37.992769051366196,0.869178833020376,13.169206918093659,23.8649884671592,0.555213367569443,8.7482940546558,519.120227223581,1,male,rural,1
APP102368,6.749865986205856,0.5386785761237085,44.584215272055175,0.874896427407577,10.026422322714595,10.304512162563903,0.838133079517725,12.066999267601249,254.99335760593945,1,female,rural,1
APP102369,5.30369996769972,0.6723700960325378,33.92379713336706,0.8493524283999916,8.781977121876643,8.175471746176045,0.4918912915080762,2.622272428997483,148.56370154262083,1,male,urban,0
APP102370,5.679600967371802,0.8020910447050354,12.04855183128095,0.623181429514153,9.999710463752432,6.292894447182208,0.5684483801891229,6.76123126482393,115.96110097807221,1,male,urban,0
APP102371,9.919362230267689,0.7527497806292563,37.30764207029563,0.7163267901607163,8.534714162524256,22.096650213024976,0.9305427755569667,5.9068228498067725,293.8387155421096,0,female,semi_urban,1
APP102372,5.271359359277511,0.5806161429326412,62.41785250980169,0.6580477282364672,8.117370809665232,19.194967022473634,0.47016699741499085,9.406256422125237,282.5393035102454,1,male,rural,1
APP102373,0.9106591004794788,0.450524123046002,21.914444850441306,0.5432860193840539,14.38565457366009,5.691319761627945,0.37441633277896197,1.058813486627615,207.18157840021132,1,female,rural,1
APP102374,7.372769490668596,0.7801458343015338,37.000283433407894,0.5330344987488997,2.8901208348919845,12.481811719869507,0.6102030936344345,5.0532664604991915,150.2809176194192,0,male,urban,1
APP102375,1.9043357832372463,0.5784592609368645,31.145674544059624,0.5809621453505718,8.376337037346595,10.551380869151991,0.462475666267694,3.6993155366126,145.857431133527,0,female,urban,0
APP102376,5.138372042643882,0.7711132747556075,4.046309111161165,0.6371645548389168,15.812849055093356,9.618554474164242,0.30750933140430514,1.6486972330931629,160.4424905442741,1,female,rural,0
APP102377,7.1189653456983315,0.7874558535989243,18.915657826128676,0.8429707768145261,0.04090480585227674,11.543340166218066,0.4767596247112406,5.826315001801464,286.7400636543919,0,other,urban,1
APP102378,11.053033820926656,0.8742449738263041,33.070504955829506,0.6583164847925362,0.0,27.867447742468002,0.6684752488387312,11.38496856226864,125.74538491578116,1,female,urban,1
APP102379,4.113982565209017,0.2767072278617961,22.473092849649696,0.5934492635022918,16.021938756012176,11.552856228381735,0.6110565229517655,1.0,1.0,0,female,rural,1
APP102380,6.625163519030535,0.5550531923290186,22.61068564986403,0.6685189117242835,6.771352509244233,13.03979768738855,0.655228250262301,4.828649949971623,182.8250063383501,1,female,urban,1
APP102381,7.129259420692922,0.5612629617949791,25.865852858518814,0.6670254547525617,12.321365544417574,0.44321413454989234,0.625544672339675,2.6962031094207104,268.3363865854865,0,male,rural,0
APP102382,5.682496658265668,0.6177460474786147,29.566297552334984,0.7796905761544657,14.842515748995279,15.395379528528155,0.3981265231192552,8.404933760594485,189.04482203753565,0,male,rural,1
APP102383,5.963986476728293,0.568020842786465,1.0,0.5395723089411909,8.555753192006279,10.120365125992365,0.7415735935106302,5.628758490466556,149.75489537403973,1,female,urban,0
APP102384,6.767444123351941,0.6887783545226489,34.98534818460301,0.8855261402430943,1.154862608959112,11.456301448543545,0.5350483112534755,4.791956201755534,355.80474858490277,1,male,semi_urban,0
APP102385,7.249310031271518,0.5260540715987327,19.32291279260199,0.9984104720140847,3.9172261876433883,20.374539436785128,1.0,6.136697746685866,268.80526578339675,1,male,rural,0
APP102386,6.412301173855625,0.7673717303436547,17.92491450039026,0.9865106519493556,6.4421287250743955,11.211218050510341,0.69572233447161,1.7032324242298977,149.47719000791488,1,male,semi_urban,0
APP102387,8.234300902984401,0.7986387313325505,25.50509298464293,0.8316618673918672,4.505498826417131,20.97347489776422,0.7355256533695119,11.821983603712797,324.6322743994832,1,male,rural,1
APP102388,8.27524123685696,0.7606548994586358,21.83337016684202,0.671281354438217,10.444858828186975,22.35547667984209,0.9652415248777699,8.778034313474784,231.4588846305437,1,female,urban,1
APP102389,6.006842333234565,0.7815594481272763,29.30378043892722,0.545900633905679,10.689228948155568,17.425499475117117,0.6974014122688247,1.4396935178098769,210.34905752057108,1,female,rural,0
APP102390,5.9096042502978365,0.489552442780945,33.76404066740549,0.5397569045694747,11.570332679927011,3.7519911550451974,0.4964958233059888,5.402906322661375,122.17081713494792,0,male,semi_urban,0
APP102391,7.549099992046923,0.9875356813491656,23.273034626324353,0.9432229763590108,9.836299528311555,11.644872504140979,0.7147096744226553,5.749726283879563,260.88259516672287,1,male,urban,1
APP102392,6.2224472930401,0.7206784031754372,28.2031891234569,0.902469629599914,9.885337771700765,19.310161500864854,0.8572273594499998,5.821895466631802,151.06189399698272,1,male,semi_urban,1
APP102393,8.23516035655266,0.9920728285642328,18.376724082701024,0.8996667993468037,4.811326920664615,24.098803690279848,0.6510119217774472,4.806863353081695,314.08915051687376,1,male,semi_urban,1
APP102394,4.469368944983594,0.486878164408587,16.833002416127677,0.5364188810814859,13.942362101997238,2.745155810872074,0.4944252500631322,1.0,57.148283780401755,1,male,urban,1
APP102395,6.130482040611968,0.777711097935549,18.296590306961875,0.47085963413960263,5.102834577703184,7.049667650286174,0.38792524767335523,3.1483099582268506,32.938376675173274,1,male,rural,0
APP102396,6.944584856201799,0.5014848002072738,32.00819201914234,0.9476873109617883,15.520858739034656,23.72021219799825,0.45800645164570064,8.532473030948918,55.004617351235964,1,male,urban,1
APP102397,5.378571728987694,1.0,5.97184061630011,0.5646693083464521,9.216382144141448,12.077620055339933,0.506350306594223,3.516253428826205,156.95851607274926,1,female,urban,0
APP102398,6.964081542941948,0.5334523285011968,33.36598357003827,0.9107345171286382,2.828643758700947,26.440657047828807,0.8861527492672945,7.307183509838325,194.50418460200066,1,female,semi_urban,1
APP102399,6.629512300540023,0.9107588181377121,24.977972815526154,0.8444910685618672,4.087329669800238,13.495536858598248,0.8664749552960227,9.142003029133313,150.2298286063325,1,female,rural,1
APP102400,3.91960609217262,0.6007125531711336,13.794544033315146,0.5645658067000638,14.760192928954405,9.51907153777984,0.6291388791020809,6.5449335482644155,152.33476475918923,0,male,semi_urban,1
APP102401,8.641675129982033,0.9764208829601548,45.89995423783301,0.7376406320750691,0.0,19.94361566180517,0.779334778898377,13.376265215215977,351.4313038983039,0,male,semi_urban,1
APP102402,9.29275106015749,0.851802993535587,50.48082086937501,0.7992790605036268,4.5271284805756515,16.498150105884058,0.7646462756910961,11.068049281674103,187.1724637790739,1,other,semi_urban,1
APP102403,7.2016483047658255,0.4976177915219613,25.512663953043553,0.7441098834098865,13.748302670631247,4.608575401446963,0.5466345131003756,8.835356797105556,112.62654595886465,1,female,semi_urban,0
APP102404,6.023573919618679,0.20043241133068151,11.864817697758019,0.49850735268736807,10.923697533394217,9.891635356623516,0.8182892789468568,2.1050057451297355,312.3861640057602,1,female,semi_urban,0
APP102405,5.79794886396848,0.9052332905240098,13.608811637128213,0.7658943248639651,9.658681441681754,7.179114328254863,0.480007070775992,4.072631877628141,18.045241153036557,1,female,urban,0
APP102406,6.151242749633631,0.752486434292818,26.48616670555364,0.7405453302167703,6.2268363039654435,13.492741865993128,0.8140468244976821,9.852454629935462,304.90800501000285,0,male,semi_urban,1
APP102407,5.7860941833650505,0.21521327265892748,32.147175340948735,0.7814026011540383,2.4670400976549693,10.456043434522563,0.6259037345883135,3.590850709098313,131.88185699418904,1,female,rural,1
APP102408,10.799286492217465,0.8342403869409345,48.74999695043384,0.9179118967133162,2.447003795452223,26.672831084918666,0.6282159824522751,1.0,294.6465314704303,1,female,semi_urban,1
APP102409,4.638378963388808,0.8391046013338104,43.32461416573804,1.0,1.2155225968605432,21.64204799393714,0.7099676174433421,4.17865989956764,164.99261146204705,0,female,rural,1
APP102410,5.104108422973642,0.5115405412637424,22.494754311375672,0.567957438817564,10.607359801819017,9.646751748248484,0.38712842235842826,2.926514791169256,1.0,1,male,semi_urban,0
APP102411,4.3020127489088305,0.5210303973513127,34.68212886893918,0.659106365383274,4.198511188262424,13.513556050326013,0.7384047390167565,5.668035121881696,115.77366825454612,1,female,urban,0
APP102412,6.5390393076886975,0.685832850548657,18.783018618202902,0.5022010945266365,8.808776121711409,6.258338283395952,0.5237180361001386,4.643312879807936,241.37158099004918,0,female,urban,1
APP102413,4.648089462867359,0.7670398475490953,37.627227488377116,0.6129542848100902,17.63157563264248,10.680670144774957,0.4225297291655038,3.7392547830662686,186.03290833912766,1,male,urban,0
APP102414,5.301603738458571,0.5415520567283504,4.12440271395946,0.7008795280611478,20.048792998056832,6.015855336727643,0.5551742885608769,1.3224944865640025,92.79129453869805,0,male,semi_urban,0
APP102415,9.14733455320353,1.0,20.283129481029945,0.8902247711087297,0.0,19.00934992842488,0.692256905297884,8.094987232223291,228.23722870653825,1,male,urban,1
APP102416,6.9366358311884575,0.9960203551497947,55.02473722927027,1.0,0.24770142358254388,21.480923962950097,0.7750635761936709,8.394300317360107,387.5756597731644,1,female,urban,1
APP102417,4.638272699366137,0.567050004469458,14.021750642782365,0.6919951729907499,15.715956125292005,9.42417716839569,0.13105598187821854,2.762599854250529,71.04844419841375,1,female,rural,1
APP102418,7.880087888494076,0.5231056669331982,36.4489695981478,0.7099578991609969,9.466269965504845,11.366014924828026,0.6749654734226902,8.816192976561286,194.5485079920342,1,female,semi_urban,1
APP102419,9.849311278649807,0.7820153710199662,30.13335924630494,0.9238827086452721,0.8634336285459407,29.199665428945337,0.8841637415673745,11.080950179562539,208.79111246174392,1,other,urban,1
APP102420,9.685232786961148,0.7146922507220035,47.85082423305209,0.4331756565962349,7.817455923466045,16.540082183739116,0.47568966571800664,2.4166561133932616,123.71630744582208,1,female,urban,0
APP102421,7.140023130973186,0.6480393179595911,42.733153385815996,0.536590067461949,10.544388398745983,10.01378611061341,0.6577110637123632,5.2157379302621125,137.68915440192131,1,female,semi_urban,1
APP102422,6.541816771704155,0.8658681682555863,51.82893922741392,0.6219911181467501,0.0,9.732384210101127,0.7359568813145736,4.555029765315965,289.42689522587136,1,female,urban,1
APP102423,3.883164358209861,0.6311084791763685,13.027170820595432,0.5042115514717929,17.570810942439653,0.0,0.5651695471180993,1.0,1.0,0,female,urban,0
APP102424,9.591346211581762,0.9342875776144526,53.72628381168988,0.8899126671748766,8.00229924154819,32.75645889962762,0.7330764120644551,11.166259757515238,284.56154217155705,0,female,rural,0
APP102425,3.5656149365204994,0.48168079969453653,13.53768681562778,0.7066190406931322,12.25013852402159,5.280697755505355,0.39249261355544396,6.47441298565277,5.18233490165143,0,male,semi_urban,0
APP102426,8.000022914888389,0.79762493498124,42.98983069985401,0.7322374422162191,0.21642045543865507,19.79703263949089,0.4541047345671823,5.736118202694454,263.21292961770524,0,male,rural,0
APP102427,6.0780629449007915,1.0,40.80467782819204,0.7610066753011395,9.264434767493709,18.540117109317794,0.8432827374309626,12.980099384576445,361.48485506774136,1,male,rural,0
APP102428,8.396485534328676,0.51430213938846,49.247610771389226,1.0,7.7747035043357675,15.352346561838825,0.6339969380910078,5.4592809238851014,145.68301232204092,1,male,urban,1
APP102429,6.24474143017693,0.7703812909552283,25.14721225044525,0.2802530725306375,11.639712120772375,13.582744459621166,0.7906278232645156,5.47679536569665,252.26791407546733,1,female,semi_urban,1
APP102430,6.676631268863235,0.9642131005187946,25.574225655186027,0.7188590175674178,1.764895668501067,15.677937261689493,0.5430554742850962,9.123723213401046,197.34743949191542,1,female,urban,0
APP102431,7.126182021948001,0.3856513414812174,12.900295933530966,0.6022109447300997,6.248198252944203,8.541334369597335,0.4137404756974098,1.4114688423736996,177.7658558695554,1,female,urban,0
APP102432,6.6969468126828575,0.9561131855166367,41.459859103744265,0.8426485624818522,6.362420027311867,15.686079049917666,0.6811581885340717,9.952321659873716,231.30905358830398,1,female,urban,1
APP102433,7.6419487822041,0.8857322443048843,27.515260756531568,0.8174790218809035,12.594461525985853,11.112798500204821,0.6734805034248669,5.6139380998835975,274.7835108304118,1,female,rural,1
APP102434,10.635801011469889,0.6414676529610184,49.54206754983092,0.9249724309041211,0.0,22.741995324640804,1.0,7.818480645200413,410.0945820936548,1,male,semi_urban,1
APP102435,5.2963869523639815,0.676246408158364,13.435423755593666,0.653015165364239,12.062263602891024,0.0,0.0,2.3702340487829723,118.24707535580158,1,male,rural,0
APP102436,5.072881795159335,0.6922472983884704,40.872906732477915,0.6717298746420192,0.0,12.531854495243277,0.6840075012176379,2.3222948404022077,423.51418759464605,1,male,semi_urban,1
APP102437,9.4407585451262,0.7186107041351362,47.6746518061309,0.5372794096544684,3.5234808087840226,15.6131877416029,0.8607554282283955,9.075730832607748,274.9911246387762,1,female,urban,1
APP102438,6.932298648912785,0.6678787728518664,32.27144978508437,0.7367467365637695,6.133110982706104,17.818596881377395,0.5935951685393434,6.785040027977538,381.11888792124586,1,male,semi_urban,1
APP102439,4.932537449350864,0.8118266120130551,44.52637669450591,0.47530995293377787,13.421712506202176,18.26333849534064,0.6227035674454157,4.002466265679447,373.1588845526389,0,male,urban,0
APP102440,8.1401816801179,0.7902422471672379,50.91072944916068,0.7361642239974089,0.0,17.97069652082707,0.9604318277080758,6.755321612485924,139.73505240524676,1,female,urban,1
APP102441,5.396557722646514,0.5618214570793978,45.201028972678344,0.8219554843396404,17.00584557128442,11.746496832267367,0.5227219359321692,5.249921855240752,262.1376897724968,1,male,urban,1
APP102442,4.34988659694139,0.5753874134030721,24.198947365877924,0.8938363772821681,9.165223721557606,2.7803685239899227,0.48004412946826197,6.613776619144053,213.22842078824988,0,male,urban,0
APP102443,8.227696297125368,0.7142028678172626,19.26703050522365,0.9699261974352633,12.184639443520009,19.94163629504657,0.872001172159983,6.757937418079162,280.9199147390625,1,female,rural,1
APP102444,6.465344013501523,0.5621492403685878,25.10578890962796,0.8956967500088875,10.650701930920423,11.65719076225222,0.7544051378749753,8.408770918908024,168.58230926736107,1,male,semi_urban,0
APP102445,9.00016534423353,0.6954354204318308,29.921630714380054,0.8085301425798348,9.942558087808512,16.77160217847706,0.7234640050274185,7.875309777823529,179.4740927426325,1,male,semi_urban,1
APP102446,8.034635284987624,0.7348665800098366,22.019197779768692,0.8966847494234786,17.498916625192393,18.240214570481044,0.7632073334955548,6.157562591375699,128.1297303527855,0,female,rural,0
APP102447,6.946353499940033,0.5945138384836646,1.0,0.5914315463578174,9.906945131742528,9.28124886278762,0.586370539759759,4.501857987841552,285.4893102626273,1,other,semi_urban,0
APP102448,5.58741143793767,0.8075966022095337,33.675634325102706,0.9349881536934326,11.232541005438081,4.0807986904967715,0.5507854333575639,3.5239844840501755,199.10749675981398,1,female,semi_urban,0
APP102449,4.090059286764012,0.6224757624866794,1.1694118623433027,0.459404868310055,7.024946653755302,13.326197027838674,0.5537298271824044,1.2235141774536378,2.4206983559798374,0,male,semi_urban,0
APP102450,6.6651916974701635,0.7534832205737522,50.5076240395985,0.9661266453940273,3.1260748270652887,21.038312571883257,0.8841872580415021,8.386894948727043,208.7549256619961,1,male,urban,1
APP102451,7.509499866928988,0.36297632011554093,35.17240842159911,0.32681746568886594,18.088342057427973,12.067509606616834,0.3490102363741075,2.3632038805672555,1.0,0,female,rural,0
APP102452,8.517539753013928,0.7791315493369722,25.362933825894793,0.8660806458878959,12.413133336064579,24.056078374229088,0.8718939568736652,6.254525838983922,343.4143291842498,0,female,semi_urban,1
APP102453,3.4182764293222725,0.5128548036257883,18.61714277789209,0.27640209586233555,12.022587144552865,14.553675101909452,0.28343951764187125,4.988998022649005,86.92107993951282,1,male,semi_urban,0
APP102454,8.32822573492594,0.6065852867995561,18.744635693204145,0.45210555710066425,4.802917617854622,3.8395461447491064,0.5293535738886023,5.385642331035934,195.25074020162126,1,female,urban,0
APP102455,7.455129103185836,0.6341051293960005,28.796072631888507,0.4141728420427758,12.051130523815267,11.74771100111026,0.6335328641657124,3.664386605784677,131.26316056602278,0,female,rural,1
APP102456,5.603413770895904,0.8199303638252835,21.837872282420328,0.8100945520020661,2.268390126356814,9.214099296856684,0.5440631223198711,6.829421233808099,326.8187621245321,0,male,semi_urban,0
APP102457,5.75052420192362,0.7325093845904425,27.966508291392195,0.7692340121766597,5.388879416400464,21.109707654578465,0.7707607379805912,6.002241057488578,168.32048121296066,1,other,urban,1
APP102458,8.845356208757963,0.8106785162798626,53.47486349631025,1.0,6.589695389758479,29.031666345060682,0.8488643847207237,9.777230014540898,338.78211578905706,1,female,urban,1
APP102459,4.210677673149389,0.5008464172036408,22.40612660463535,0.6224918216177923,13.19126918781894,15.942940031804063,0.7500939147424146,4.526142492712923,175.45474960677512,1,female,semi_urban,0
APP102460,6.657900779244892,0.5949336162426729,12.53034296410701,0.8260887038421553,12.631215019058295,12.219570674862574,0.7254819085118048,5.428101713251554,95.71173315800016,0,male,urban,1
APP102461,6.41439380754279,0.717002366294355,32.495239497805244,0.6251143256162348,10.172187925466474,12.209404492208131,0.487787918094751,1.1268600022498911,62.24917880883089,1,male,urban,0
APP102462,7.239600139847417,0.7897614927292157,30.837189460321593,1.0,7.679388715484558,19.903744746350043,0.8763650193133956,7.646396900760118,297.71339980092125,1,female,urban,0
APP102463,8.700785698136013,0.5821792395460547,38.355050689192836,0.8411458880792033,5.12874566292154,19.273132460841904,0.7952355019474255,8.235716392869826,301.95419084691787,1,male,urban,1
APP102464,10.674399798904346,1.0,47.35635998312183,1.0,2.0953662130877038,20.944466698267224,1.0,8.938212398569632,431.04074348536017,1,female,urban,0
APP102465,7.028963053488377,0.5205520724708834,27.770299349847136,0.5242464247553116,3.8391774389208475,3.1037285764113243,0.6150896459510143,2.2675143475871393,191.8479977593314,0,female,semi_urban,1
APP102466,7.070152783945465,0.7175255533120934,56.47583531836279,0.3716473078535129,0.0,11.564395955234364,0.6445990105324908,5.120935357418138,211.28451439244316,0,female,semi_urban,0
APP102467,8.044496976801154,0.910117770525787,49.618031807712676,0.9411091895242656,0.0,33.176462635840636,0.7912337789695002,6.869360049395793,340.2302639444071,1,male,semi_urban,1
APP102468,10.835932891621074,0.8731274285621364,43.51451929336215,0.6484636559715049,3.0347476920151513,23.198775396354183,0.8941342345131559,12.182160995571135,325.34759473868553,1,female,rural,1
APP102469,6.527874994994598,0.4144963265143798,43.78616002437919,1.0,0.44480506173180245,20.111987783271005,0.5876243958414221,8.226606577311085,272.6194585596875,1,male,urban,1
APP102470,10.286623242903088,0.9534022345750359,49.63405944363599,0.8619648068050219,0.0,24.698098458662624,0.8361216666345971,10.757276459147002,492.5535511544622,1,male,semi_urban,1
APP102471,8.576991262770424,1.0,39.676000105195406,0.684668304325836,2.3127820546240088,18.076438922530798,0.6264062050193014,7.918182394349465,266.86006126699465,1,female,semi_urban,0
APP102472,8.007082498288398,0.7725575647982341,28.34986769117027,1.0,10.988679612298384,12.909422530282901,0.46100249302321117,3.8389008082029212,199.50801798792637,1,male,semi_urban,0
APP102473,5.46461167735085,0.3373165572976255,21.69153915960401,0.6726376092288823,11.618299261849835,10.760734549959437,0.7155095929301831,4.227433287073453,118.89067881303905,1,male,urban,0
APP102474,4.728920804186112,0.917454949918791,22.982163768453788,0.5791484601090515,11.41275859127556,0.0,0.5269010499283879,4.952813195797726,247.25203129469514,0,male,semi_urban,1
APP102475,5.112946903354209,0.49950521449661,24.799553874249156,0.8353771248441053,7.752290740333886,18.850285040525343,0.5367001924241664,5.44746441757568,126.76152515763656,1,male,semi_urban,1
APP102476,7.5268594575968235,0.5296326174330656,10.263635695934141,0.8376395968313475,5.609108594227431,22.63412499507198,0.6167022510458208,6.8340827871012735,197.07695863360132,1,male,urban,1
APP102477,5.859171622212383,0.7836079981479775,38.37137842819156,0.8579861568158956,12.348106285085795,7.495427684327092,0.5710000426097671,5.612473542011619,273.1696412458207,0,female,urban,1
APP102478,5.858112553474426,0.778007785592461,25.252862841929144,0.5363957389470395,6.76307222929602,13.439833168066492,0.6705057973073396,6.792722622997083,139.62251744147162,1,male,semi_urban,1
APP102479,6.1513775388088945,0.7321570617076257,33.223482006276846,0.8280361626723712,6.914600579264931,23.505111025914935,0.44906784445730297,7.095250300072337,303.18951053377896,1,female,semi_urban,0
APP102480,7.940178790912548,0.6235571000850793,23.202899312181152,0.6911111343052361,12.87534500457205,11.5913863074787,0.4975208693164317,5.12705005536125,32.30869152277097,1,male,urban,0
APP102481,4.187514764984017,0.8224255435390466,15.749371465592255,0.4999923919594618,14.661604277912009,13.078437172276184,0.33727719754857377,3.8340998813870755,53.82375975660307,0,female,urban,0
APP102482,6.918384808288122,0.7900767061899304,28.247911161856834,0.8401894588821415,3.71652834650729,41.43338288890948,0.635030365081117,9.73720518457489,273.50479087147954,0,male,semi_urban,0
APP102483,6.049272424530051,0.31210946763991554,25.71135129625886,0.28116844090027604,11.720346537934915,10.510450173896958,0.3503192228033494,6.592361776440008,312.1041606271026,1,female,rural,0
APP102484,9.36719557694223,1.0,57.59547461806031,1.0,0.22093116376920907,24.065381420012905,0.7128494320261485,11.324486400948151,353.91101214495774,1,female,rural,1
APP102485,8.894672767412233,0.7636597581741277,33.0283764762707,0.7160114961018981,0.0,20.946902660447428,0.8031211849660018,1.0374794369130713,248.0844734756966,1,female,semi_urban,0
APP102486,5.256093239584133,0.7869261369297208,17.404184474304657,0.5630093787906372,16.295852294283662,14.867490899678717,0.8255862317038372,2.8775069511071294,253.05157007523252,1,female,urban,0
APP102487,5.758485003205142,0.7032272170050463,5.630342470288646,0.6113612392684943,7.468891193310478,7.5559316170619795,0.6705183984709315,4.57633206196079,50.237001790476725,1,male,urban,0
APP102488,6.037293991613203,0.9789330841781116,30.77138234397153,0.6100858675866124,15.066449417604387,2.32726800304542,0.4654272207816584,2.2073589463563486,1.0,1,male,rural,0
APP102489,9.637979898370288,0.6906411590745027,26.576732294307355,0.9378810620192477,6.908156984218147,19.826402475366894,0.7279489700818402,4.452559327318829,393.89918226557234,0,female,urban,1
APP102490,8.718662151662517,0.6864041803546571,17.38651074972708,0.5426319850064417,15.518678465889732,17.918796729292154,0.6200257966210497,4.842370250705881,252.41189298331327,1,female,semi_urban,0
APP102491,9.184761116957091,0.8383016339052081,33.02206757305365,0.7017869882974886,9.585978526204237,15.028803536469146,0.596585769089003,7.297186173658762,192.67058323602308,1,male,semi_urban,1
APP102492,3.9757359389880094,0.515695440055067,14.172528552009732,0.5364388177936814,17.416365682101404,16.28919389578347,0.675287907073377,4.460358822171829,111.11045200814884,0,female,semi_urban,0
APP102493,6.471000179272565,0.8838119585477031,20.526925206225613,0.6365694864438177,2.8200405839839333,25.394494801688598,1.0,6.533632596703199,352.2544620249785,1,male,urban,1
APP102494,9.927525626976934,0.3769772689275538,26.910824588267133,0.8828723994242088,0.0,24.827050761661898,0.5783601390455761,7.493534607561404,287.6830085862245,0,male,urban,1
APP102495,10.46400625064178,0.7823402914388524,41.758631910821265,0.721334008120901,5.473607732192007,18.26978176379069,0.982612312631678,6.177792029713181,292.98309198152316,1,male,rural,1
APP102496,10.57162427919728,0.8063775417679765,34.407463730603716,0.6514124129238252,0.0,10.636689636376392,0.713635836379225,9.450721955905525,484.5500904545611,1,other,urban,1
APP102497,5.68263132401585,0.589988213844494,27.080930375058102,0.7036634188362199,8.77976797165788,9.671751187332163,0.49924040143400483,5.097189513266741,31.23314137255325,1,female,urban,0
APP102498,6.465451095528648,0.4600435096048947,21.7077427340718,0.8351216328159369,5.847446598195734,0.3981706605585984,0.5568798264234136,5.645742065346775,175.2359724865988,1,male,urban,0
APP102499,9.9068663570846,0.9551707509457387,51.20812892777043,0.8664219794103845,0.0,9.177155657399119,1.0,8.644551629707436,189.45770414490374,1,male,rural,1
APP102500,8.961178172833186,0.7401842088184816,32.105133074751706,0.8398394738688174,6.92368161944777,24.028339496114988,0.8370010599719554,5.694609051153908,437.57777191077093,1,male,rural,1
APP102501,4.631691840550115,0.5529165869071055,16.385966695717798,0.5070635211525302,16.849192364751513,12.005307615994502,0.4904628967200845,1.7597306927977954,103.5361209573722,0,male,semi_urban,1
APP102502,7.561250361862678,0.7220226111534115,38.86649003869044,0.6786541703406749,6.224299182601035,6.626876047386212,0.8125014806043398,8.26578231093831,168.88340164285938,0,male,semi_urban,1
APP102503,8.047428327789387,0.9236928396919188,37.11526390721459,1.0,4.397705460844609,21.14918258665898,0.9874689154592107,5.501804720724775,186.42710888738242,1,male,semi_urban,1
APP102504,7.0631842003130085,0.9874616436120456,47.82560969624286,0.8210271780008358,2.7479405568017947,18.5534117436574,0.8176920791794647,7.286693951145203,233.09567549212295,1,male,semi_urban,1
APP102505,6.414523997101039,0.7603828809063716,16.137780320379846,0.4332108571045877,19.04420066715558,15.093841939895892,0.8414978977656637,7.1926469031697415,250.04446925450142,0,male,urban,1
APP102506,5.121883928674246,0.8609254935470907,24.79502459329162,0.9438985252315912,8.289129499920861,9.843232302791742,0.6037113160164003,10.701693635038513,340.2957549978968,0,male,rural,0
APP102507,7.879575525710531,0.7660829014217992,16.954836096758378,0.9179716600069705,3.496056332345857,23.872803564241273,0.4452683273229926,5.684818459451592,144.83926008412357,1,female,rural,0
APP102508,7.3426472499314235,0.6509992581902108,25.062294121884516,0.8455031967858984,11.435316074893148,9.590575519280758,0.9573753284316491,6.294655882806234,155.95947932866375,1,female,semi_urban,1
APP102509,6.052340719667422,0.5393926705921334,15.910526542445961,0.15489355219908968,19.07900995080992,0.0,0.3201300995224299,6.587729575825355,60.73626985271035,0,male,urban,1
APP102510,8.359751812540507,0.6220470353247007,35.127062518693364,0.6847084432023072,5.3686616992616925,6.356681357535791,0.5256461427195043,4.114922464615559,113.66711905819746,0,male,semi_urban,0
APP102511,8.675307546875612,0.7644820530949847,26.58029262518101,0.8356791473010069,1.6331781689953608,16.369598000966878,0.5743430693596279,7.734566109283908,148.13350789842667,0,male,urban,0
APP102512,10.007767041675525,0.7746690632877709,29.326675936389826,0.8479300728080428,0.0,16.597543830227394,0.6477557491801827,7.958746454563517,168.93796613431755,1,female,semi_urban,0
APP102513,8.040913914916196,0.7259626763390137,27.566984773251498,0.9190128618250484,0.0,18.40388405515002,0.7224558708797245,8.460022846860582,356.36934640269044,0,female,semi_urban,1
APP102514,4.220532314237516,0.6246037424642371,14.069040933226077,0.8119622449496766,9.20222381982474,15.533150251258585,0.6669103111619147,6.061195876044864,134.95907878980708,1,female,semi_urban,1
APP102515,9.765821267133711,0.5624262218076246,41.32029490533206,0.848624186681754,0.0,21.228826536088274,0.8352764458213237,7.531250773115523,279.45794163994645,1,female,rural,1
APP102516,9.624117244026252,0.7090373274840974,42.12005013218813,0.9468624392195863,4.623292240971612,5.299782495449625,0.7889003014604069,11.250184408312666,264.9332349227833,0,male,rural,1
APP102517,8.745392262086446,0.6609561196036912,22.276202105575358,0.7051187865876267,8.333704433616438,15.625849310471462,0.6845302788257344,1.0840915454852231,56.42368092944875,1,female,urban,0
APP102518,7.934091999821352,0.9850404090767435,43.34973133994288,0.7528224378488241,9.142238329580863,21.59482389491914,0.6047142356127135,5.710530450909718,273.75625491697076,1,female,semi_urban,1
APP102519,5.636601927642677,1.0,30.290773103497163,0.9812363919659106,7.251709729279912,19.82295063969682,0.7232225952660511,7.669231319503803,310.43371798540846,1,male,rural,1
APP102520,7.786549195619511,0.5607644770509839,27.52340381478615,0.6830720853406498,9.452069080537322,14.61920930202281,0.8377235790225142,6.049527931157635,240.850479888765,0,male,rural,1
APP102521,8.565626541213808,0.7790964288564132,31.333335638291484,0.615348570134013,15.251780888996196,26.910924743802198,0.6328309935698628,9.137469583028931,234.6258115139903,1,male,rural,0
APP102522,10.52994292218713,0.8430185731382619,55.2051202248397,0.8494574839483162,9.616345982811648,16.957006980688913,0.7064648512630196,7.308366849582921,268.3295177021109,1,female,urban,1
APP102523,7.837278070631892,0.5782900657290843,23.49360144595177,0.7155188059079572,12.159861787373991,9.814480340001998,0.6804942247348146,5.2411936384918745,149.48448517083204,1,female,semi_urban,0
APP102524,8.527522794959634,0.685868233926593,12.994108246712948,0.8760348316733304,2.7670588590399925,17.198475424640552,0.6608018150960636,6.6803633124364605,226.7669586818854,1,male,semi_urban,0
APP102525,7.022475773142505,0.707133813211923,44.936907776107844,0.9323894872940816,2.514593143990608,18.253515350582592,0.6495228625996226,8.881478393428287,148.95353659684974,1,male,urban,1
APP102526,3.1942735354163245,0.8301029068488499,34.886972809750745,0.5450489868742614,6.134790160838872,6.09841015872322,0.387153305179017,2.7095675919471147,238.67442820815836,1,other,rural,0
APP102527,6.053872190023016,0.5211010594714787,17.020175552777772,0.5682642763560356,12.843219613875407,9.62255572984659,0.6729964014204939,4.314988656951044,60.028141449171734,1,male,semi_urban,0
APP102528,6.754024534145609,0.8139837181921541,26.685059948241594,0.7068811483096005,7.45730070755233,25.986887803482702,0.8164574912860154,7.00998347354088,263.1360085013128,1,male,rural,0
APP102529,7.704088782570549,0.2200710214277578,29.59087288068609,0.6493351422700813,15.98467007067454,14.009565302048816,0.5597622802599459,2.0164037083742743,239.4374579418464,0,male,urban,0
APP102530,6.1124466226378935,0.934820926087697,59.65835653917044,0.604027776211959,5.441593074214605,20.190694403981517,0.6141561980273795,11.423786384299515,262.70424251142884,1,female,rural,1
APP102531,9.087773174237471,0.9601344381308968,45.911977073402014,0.8212221296432711,10.382576362753447,14.805110159916198,0.789238478844771,6.125556497480208,293.19991322159626,1,female,semi_urban,0
APP102532,5.5736502611747065,0.41515201557230486,2.336023259739793,1.0,17.819016945087586,4.9928047661257615,0.4592764215357569,2.502154871994239,1.0,0,female,urban,0
APP102533,4.271391799495822,0.4619864408729082,23.03606895847954,0.31803612320112923,8.50258898621241,11.689558088549502,0.3115949749040645,1.061744577391235,1.0,0,male,rural,0
APP102534,7.2116997137463486,0.8743504696991876,43.63831862899094,0.8684784005339045,1.6778104061086339,12.36463590329481,0.6930420119230027,8.93654172609029,287.6661401612781,1,female,rural,1
APP102535,1.6786874475647675,0.5543425642438244,7.08180817298388,0.6145267611615461,13.144986590729616,19.587121740713606,0.5687028637203182,2.0721479014542963,115.6196348929822,1,male,semi_urban,0
APP102536,8.13611121075896,0.8988390545690825,54.487703898700886,0.9459638244152102,0.0,21.285257379157596,0.9974679312237289,11.608156602047437,406.2140728985112,1,male,rural,1
APP102537,6.404028797295098,0.6685707449235232,35.43263290266802,0.5931175631250678,6.375391798925326,8.690104603902807,0.5059598581237206,7.301039360872121,290.84686372622537,1,male,rural,1
APP102538,8.135279149117489,0.9440014187807151,39.95563089072815,0.7624135687237509,10.74838652086914,14.135459995716353,0.46594921738018785,4.73654066875247,40.099382872362526,1,female,semi_urban,1
APP102539,4.034114129419305,0.48009881930178144,8.635624019898216,0.5104538352660195,11.565024010807795,5.024461974200477,0.6048200475032844,1.791695717967057,234.56383160767666,0,female,urban,1
APP102540,6.755958171370306,1.0,28.448590949797953,0.4416226497031579,10.155674656790689,9.827739361228405,0.511687911945815,4.547656166267829,56.689241539638004,0,female,semi_urban,1
APP102541,3.1364659733055547,0.7579436328335869,9.498006553426032,0.7234055221345967,7.778879147302851,1.028893292608811,0.5724816097121981,4.473161848961476,191.39150798811733,0,female,semi_urban,0
APP102542,8.717364613090973,0.8912834479053544,38.458623716683,0.899466645554647,8.205895102290938,17.130293741489506,0.669686240381423,7.237553675947493,219.1955081854275,0,female,semi_urban,0
APP102543,6.284440493820113,0.7199944229862125,60.6182006351316,0.778089958263473,4.00399607624205,13.190114455099458,0.9566317628507834,9.240612061714163,586.4713649591109,1,female,urban,1
APP102544,9.349193044998199,0.783535609427723,10.973315352320231,0.5838990367864291,6.03958437705845,9.354832135579315,0.37779436898882246,2.9007255006145742,117.18102882291699,0,female,rural,1
APP102545,5.41941980670747,0.6993255043957087,8.096114964300298,0.5353247195616051,4.728147054461691,6.300202658157751,0.6183178669228987,8.660989102924729,134.88831162486886,1,female,rural,0
APP102546,1.4606910344419877,0.2922212476684278,31.46939949161866,0.3773954632321974,17.295525378982155,7.996548587533675,0.22281791496035797,3.8010336974549364,156.86938368218435,0,male,rural,0
APP102547,4.472922108316434,0.3926130420272329,21.15605018064298,0.7305804347712112,20.125268827876038,6.3441577337023665,0.6679276826755608,1.3170268907812384,115.65097210622766,1,female,rural,0
APP102548,4.112921749056472,0.648738528874676,32.27112285363714,0.726968893643176,12.845246169627849,9.924537664472442,0.5137650413924532,1.751793236034894,41.57562124326421,0,female,urban,0
APP102549,5.821524095352142,0.6670217946269015,20.758660009281236,0.6605024122408207,6.645988954662365,18.7908639187838,0.6999558085270263,5.052129664977956,398.6317680617046,1,female,semi_urban,0
APP102550,4.924453406318295,0.520622635235146,21.340398927926536,0.6061373282616628,16.798087230216552,11.707779001999592,0.5581860713101584,7.851439036618286,78.61097805286414,1,female,rural,0
APP102551,7.951117870758955,0.9915119525514756,48.551549803636625,0.8880829657395246,5.8133151151551985,27.979788602867323,0.5562099318839728,8.252586390331928,249.06775018564736,1,male,semi_urban,0
APP102552,5.905360691721015,0.5760983605586569,32.881874744342404,0.7714071893403662,6.643180532681329,12.940617738438686,0.8658556976514012,5.423701575886703,206.653008382532,0,male,semi_urban,1
APP102553,3.4861583753326855,0.5133260454363212,1.4576235333634706,0.38968433033428485,16.983946084475058,10.704183621599746,0.5521881326348486,5.321628286737285,138.60154200218963,1,female,semi_urban,1
APP102554,9.743645469896041,0.7036762873972173,67.29175056616793,0.9115887899332411,0.42625771517479993,21.857110726879274,0.8893627338668134,9.849984705534375,223.91054395007245,1,male,semi_urban,1
APP102555,8.383195049032764,0.7486248304271856,29.612194576095526,0.5172857828061196,5.522494289305747,19.363230661029004,0.4952418000613195,6.760164207703536,274.8886016939673,1,male,urban,0
APP102556,7.276191363999745,0.4859514099504605,20.544141737759887,0.8765601894312479,8.282703886487587,13.541281264866745,0.7409539943136033,7.277154674355147,256.6480417274755,1,male,urban,0
APP102557,5.390576190039248,0.5198179665616167,23.644185915928382,0.44654531183630236,12.264801012762597,13.667598663000081,0.3216012369029353,1.6807022681542731,132.66019200547825,1,male,semi_urban,0
APP102558,3.921682391589089,0.34899712902579416,25.958522525662723,0.42582208884105166,14.426978188029459,6.084045612985609,0.5566488941789981,2.6462047116848995,190.78776320743174,1,female,semi_urban,0
APP102559,8.397509712537056,0.7391339230492106,47.68510773601416,0.8176176159077644,10.954371054733567,16.45366087391352,0.6166467827738509,4.539449167267385,198.1750111593194,1,female,urban,1
APP102560,7.46543691468428,0.8164901028938647,39.994396639310175,0.7264610617264369,0.0,13.608356577840153,1.0,5.712729355230155,163.37143363101032,1,female,semi_urban,0
APP102561,4.565573213107722,0.6707792161322972,15.229581312105518,0.5826623309738695,13.107192930108893,10.248104497357854,0.5653297846300823,2.3435748538205496,102.74921100761222,0,male,rural,0
APP102562,8.33733603091093,0.6404084877019965,17.23854449918044,0.6468314074444849,15.771213740587054,12.042373676830467,0.9115642942418863,5.9340710213749475,330.85408923351355,1,female,urban,1
APP102563,7.228163206745195,0.7643382951819665,33.204230520051084,0.7378051604093429,5.565331470002054,9.478730830033966,0.5929869724802627,6.245326027535848,176.30577556674234,1,male,semi_urban,0
APP102564,7.343491715656292,0.8005388732827365,25.12404425245576,0.9139013119904751,0.0,18.19035163802154,0.8702423495225036,7.251887520545384,277.69603261524674,1,female,rural,1
APP102565,9.913828219064278,0.9791132091931507,48.89798772268087,0.9841762669539558,0.0,18.989739336620367,0.8794895289260598,6.818078986519845,76.45610484850909,0,male,rural,0
APP102566,7.713708335993073,0.7488507524947368,28.823486699274433,0.8296432377058448,6.116660633026031,13.736017135443007,0.5745178827907167,6.394239096517393,198.84238911788714,1,female,semi_urban,1
APP102567,8.560421615872654,0.19051384319066195,30.631988624538184,0.5636209928013457,13.126559241451977,13.143405921433294,0.4697016073104921,4.665719324188258,13.80412621964868,1,male,rural,1
APP102568,9.216452648518622,0.9399236022659648,32.953242467900075,0.6418773014470971,7.192520332725473,18.49691190577556,0.9280273426243791,8.843703645199897,163.15903769224582,0,female,urban,1
APP102569,7.6716597243700875,0.47881912203495924,11.371203551641777,0.324105365584741,8.145803665862395,10.673728672181182,0.42689721329414976,1.0,128.68237318034116,1,male,rural,0
APP102570,10.23887547628578,0.7572681219993257,30.846132168014552,0.8841445988149789,4.51249758437632,20.23461371531208,0.6608483350943413,8.874393239902274,582.4955852554358,0,male,rural,0
APP102571,5.685234792951271,0.6400185442187405,27.22751737404689,0.719813606883352,12.970679838583449,18.242173643636697,0.41739156706387825,4.321105517142642,144.70352646767262,0,female,urban,0
APP102572,6.489014145587453,0.5245387760732487,27.228576865905662,0.6344925167318423,6.9219646829376025,17.51797985308418,0.5144351812189958,7.602151779541097,268.6316700594274,1,male,urban,0
APP102573,4.561444365039396,0.6187844080447066,29.368094345073317,0.6593242079997439,5.760454486310686,4.2873713034019705,0.2405812214705803,4.41819010147261,72.2443228065851,1,male,urban,0
APP102574,9.796099688651655,0.9132777666446857,36.02738597978634,0.8486083175085568,3.7279250159882467,20.591324152464868,0.5619594108550192,9.385192273536346,215.47141176180958,0,female,semi_urban,0
APP102575,8.758098098956568,0.8575035599708065,36.946271314567596,0.9484958033295816,0.3258886578623583,20.25039704783252,0.78547294003486,7.226546463366917,472.223253057544,1,male,urban,1
APP102576,8.512292613575022,0.7698824435157636,44.73064120496234,1.0,0.0,18.442736240117565,0.9503951142084792,10.081178864674555,257.30827265209564,1,male,semi_urban,1
APP102577,10.239432193925033,0.9814459460288515,43.47726969420983,0.5343062739432156,6.7635670040380615,29.21830131067458,1.0,10.942256934650986,129.50288359416618,1,male,semi_urban,1
APP102578,4.927324830084542,0.4083201299164746,7.972963661771784,0.7200077923157673,13.672121034752088,6.347537160384324,0.4662228811785994,2.1681287723510914,125.55861887081235,0,female,rural,0
APP102579,8.603642120540208,0.6291802483158578,39.10884087854829,0.7887140992874673,10.154179038847301,12.927081522893985,0.48676658538872897,5.541980506486495,188.57754412511792,1,male,rural,1
APP102580,5.616647587915217,0.6849232972020987,27.765724068377978,0.6512855545014818,5.141403943236637,16.173881215195614,0.6523850253840067,7.3674804495318265,267.6194864996809,0,male,semi_urban,0
APP102581,10.502011282806382,0.8778405059437194,47.45583005781987,0.7996908579527935,6.45950108596721,17.14497578684181,0.9223399608630012,7.562389357629694,451.226190389367,1,other,rural,1
APP102582,7.925493618091796,0.6629185198513263,30.881718887297655,0.7428121304316384,12.704640225431419,20.411734937417247,0.819027088000057,4.793524035057222,251.9096841301875,1,female,semi_urban,1
APP102583,9.045941589979481,0.9009271744026808,37.36206156396874,0.6681567136116132,16.1875746544507,19.658719256760314,0.8107667619263428,7.1771266898338215,242.90182610750009,1,female,rural,0
APP102584,7.122327082978681,0.6547050208337843,17.823670511623547,0.4836630546850995,15.204852791937089,11.173727069659803,0.6239313372091705,3.3473067175390874,202.1745527045063,1,male,rural,0
APP102585,8.90929504881115,0.8471303712131816,34.324370000494405,0.7715847382760234,5.1715895536273155,24.746848688430784,0.8340211759224817,11.159126430090275,555.2595726284972,0,male,rural,1
APP102586,3.985501116281792,0.5545912856849268,17.669959907869778,0.361492926995555,7.555600934038818,3.280189961247522,0.5299853031516107,1.3789942527163475,276.74353202646716,1,male,urban,0
APP102587,9.681048041064278,0.8103693264561127,25.101670955074646,0.9274728833973223,7.452203565391243,7.5080738200946335,0.47281865939344536,4.370437670854403,181.88854053589876,1,male,rural,0
APP102588,5.054647831366087,0.6354829363337543,35.53086771009525,0.6201732624484945,4.408858222119751,8.340296598056684,0.22298291001756487,3.9777625500051563,220.00719388575743,1,other,urban,0
APP102589,8.145077412744499,0.43006759932681987,30.81112820904352,1.0,3.853291300856851,12.567180995890403,0.9658568026267904,6.900763116607951,371.86913901384276,0,other,semi_urban,1
APP102590,4.811215254178256,0.7556460457685219,6.563461676828895,0.6594086362384671,21.54760156092175,0.0,0.5082216395967968,4.485028523309121,191.5736203308208,0,female,rural,1
APP102591,2.492786508703427,0.603658689805408,13.859007239285893,0.6847570727844342,6.885073142953043,3.996107563349434,0.5872189849125985,4.791973646563758,118.31080235477089,0,female,semi_urban,0
APP102592,4.3923411636882435,0.7516179084430735,15.407053462547125,0.5082604457361435,0.0,6.292624675602634,0.16585065223391,3.871487638208581,126.86256076905138,1,female,rural,0
APP102593,8.377301501495271,0.6903364827085126,45.339708849030195,0.7499001726248343,10.272850565658722,12.292424089769977,0.945769877294305,9.295547063394903,257.2971073459984,0,male,rural,0
APP102594,8.636792767510325,0.464998865960475,41.24597723720227,0.7797858374453286,3.269442482655837,23.616865349504465,0.8721377562469526,3.4694306076443486,136.67075887572722,1,male,rural,1
APP102595,7.511198401600413,0.35132210953686105,28.773836766588,0.6217160757154432,12.079488133969068,17.217621982804044,0.406607388357629,4.301458058582339,285.44898882393414,0,female,urban,0
APP102596,8.15889870242395,0.5210097949519144,29.540583736005214,0.613277929793105,3.4560761407555507,17.958110696004265,0.5557351873477877,5.330034432137659,307.18185828203195,0,female,urban,0
APP102597,9.026339392367056,0.8735574128296902,37.75990052821303,0.8959808618205674,2.511716630750492,22.34610561394336,0.8098882746916655,6.525029205377557,246.2473144839484,1,male,rural,1
APP102598,5.394251531936041,0.8651572160071195,35.94664205547018,0.7577467390966215,15.012832341408181,18.938731921286568,0.4235244121360666,4.790071638662557,147.30681974645034,1,female,semi_urban,1
APP102599,9.46431935020665,0.8501534223244545,44.63551289621264,0.642423164516867,0.0,20.377528547987396,0.8543857554690406,6.133835171340771,193.59155062193815,0,male,semi_urban,1
APP102600,6.300950832772095,0.4786018146856854,31.27899039048887,0.6960515520697734,9.378412677565585,19.400155373788476,0.727388758826542,4.3124049723836295,204.35156314217525,1,male,urban,0
APP102601,7.239037541613409,0.6558730150559675,34.695787492430846,0.8906303685446724,6.88431463305939,12.517622837055695,0.7904950192740335,8.395987239726354,264.14003138481166,1,female,urban,1
APP102602,6.53050450607006,0.8255658350556611,16.61475527619384,0.5480878905189639,7.153131552401375,10.733723552546337,0.3168767191413865,3.3578670839503397,21.18107468760428,1,female,semi_urban,1
APP102603,8.909304932092786,0.6227328482898754,47.392128948641755,0.7554816561237652,5.032601778801992,15.843067756071498,0.6436787128730972,6.6290647191013345,561.8548059380855,1,male,urban,1
APP102604,7.083633335731703,1.0,51.46020845951834,0.8655554331643495,5.765592092873563,24.512288351131875,0.7140249238599132,6.399675627316741,99.50976828995226,1,female,semi_urban,1
APP102605,8.04787345749088,1.0,48.94813709634647,0.43763730561977476,7.605145749681862,21.48120680541114,0.7221203399091803,9.960631266031076,146.1524548797698,1,male,rural,1
APP102606,7.711204315020221,0.9262652179276168,37.36170870904359,0.6196266914540896,20.498984429142517,16.236321006742664,0.49818247593087855,6.312285050625389,224.09959430519217,1,male,urban,0
APP102607,8.049708496443673,0.6889970079452802,25.49057912277506,0.8935424436172854,23.759842346162795,4.577253468480776,0.5251669376606637,3.6816157859977503,218.0577969795953,0,female,semi_urban,0
APP102608,6.117099348677845,0.5710968200116947,13.309387915194659,0.24816233840357077,13.035251584255752,8.104085717653724,0.28230507749208356,5.463084770185777,87.45686780325339,1,female,urban,0
APP102609,5.083471417277069,0.6199566519524732,9.17355248663209,0.6982490310342844,12.120364088762061,0.0,0.6039790979139575,3.2934251918405657,39.79339518393245,1,male,semi_urban,1
APP102610,3.231015363658911,0.7283266989614363,34.079204522465304,0.6852071930068437,13.983230644019805,11.408333214833998,0.6091370172150505,6.408876256444991,170.23895800030073,1,female,rural,0
APP102611,9.486976818447932,0.5962455573580193,10.82813967168839,0.502379561748638,7.053620762616187,12.552418130203097,0.7206834859744087,6.260371441926929,239.4275482042079,1,female,urban,1
APP102612,7.771961005040095,0.48264939259195216,40.35225610065817,0.7443819416925853,1.889042054579214,16.1694282253583,0.6492446569332616,4.553489198505209,107.52111533376439,1,female,semi_urban,1
APP102613,7.61932868522714,0.6235029478401105,19.072061279620748,0.8370680841024384,8.953777865893663,13.462944587303264,0.5650002325508394,8.521623256611324,274.0178453701706,0,other,semi_urban,0
APP102614,2.6072116651252815,0.5187743494208943,43.34974612812802,0.47495550067785414,15.698867230980778,1.080098895723788,0.47721498884657454,2.844808015712866,212.4327367730619,0,male,rural,0
APP102615,6.391912154209278,0.841501517012593,25.2771511525431,0.5687059625619098,2.2383652661106117,4.466536416232019,0.4415686955851017,5.745779333053158,296.80975540560394,1,female,semi_urban,1
APP102616,7.213266510764481,0.6344662111568102,39.649465662022216,0.7592130345893854,2.134478245612642,16.758601579714043,0.9151021745404679,9.27075772872752,225.71387174448782,1,female,rural,0
APP102617,6.7845509734725695,0.6317014077243794,46.41243087879245,0.778675108176441,7.982809207496636,13.196369340910922,0.5436176901224382,5.679424210016536,220.9336135505166,1,male,semi_urban,1
APP102618,6.183897092371821,0.8381522989372108,25.86118186558656,0.6333654881450457,10.187351554114505,3.453385711344497,0.3892833492860767,4.288241944480628,182.47761593380278,0,male,urban,1
APP102619,4.779863661366943,0.7671382789550241,15.29524368523761,0.5782435639976543,24.254328700973776,8.340707364222112,0.489570330318953,1.8698995654881945,165.06870633932726,1,female,urban,0
APP102620,6.660253248056495,0.6466928149198375,15.438411047006046,0.5301009713062882,6.914106906203929,5.683437297371894,0.2316222659009245,1.4912023968638208,178.7606051498943,0,male,rural,0
APP102621,6.738967569050227,0.8176001101375374,25.378178026109275,0.7961337782577547,6.357627208348692,12.446713078655371,0.762146004295387,10.164956660994761,331.2954766213072,1,female,urban,1
APP102622,5.435667368138282,0.5005668320912962,22.482145147160985,0.8292565866655702,9.669853408692791,9.380705517007868,0.6128411835595154,2.79652185543203,221.59130438700183,0,female,rural,1
APP102623,5.13974088126275,0.7101085584800061,11.550096906141796,0.5796158447270097,11.511018348755059,8.450098364607722,0.38952453458070735,4.55980423287657,1.0,0,male,rural,0
APP102624,10.55608019221976,0.9927519288242833,26.78754018185012,0.7875074936010917,4.148665946125529,16.628445856005133,0.638105855883769,5.211446049157727,231.0297794786926,1,male,rural,1
APP102625,9.573367748348794,0.5101579153047169,36.059167773302946,0.8221362311732531,2.501433115717915,9.604825400544023,0.847752511247884,12.928399356810331,285.5187211554821,1,female,semi_urban,1
APP102626,9.859679074600434,1.0,41.97730352152755,0.6983991390189371,18.806217499232368,19.733407708726013,0.7414285912329561,4.956303044433518,314.3021114803015,1,male,urban,1
APP102627,9.098857214142882,0.7284932136241159,33.06423801963405,0.7261323397421181,7.072651344205718,19.926122000034407,0.5257356420871004,8.756886101483913,384.4316274033915,1,female,urban,1
APP102628,11.205515525765211,0.9200545325596743,40.1528928932784,1.0,1.1391828368787644,16.851567142250907,0.9941582746227816,11.041318066673057,357.5267787026308,0,other,semi_urban,1
APP102629,6.235694479178852,0.8347987997844376,55.149853441236985,1.0,9.607150697048311,19.61908925184517,0.6629812055471409,7.057144952598128,238.95115794834567,1,female,semi_urban,1
APP102630,9.881663252994986,0.680830584776278,14.894515140533613,0.44489612485770297,9.637416630320786,12.755073961671162,0.43963177673240433,6.925281635759681,285.0457518443937,1,male,semi_urban,0
APP102631,11.071494900324826,0.7252793990954551,54.379811164694715,0.8756086569964181,6.320738773087049,18.032918899726116,0.9241225225085465,6.561477905797133,179.37884168069024,1,male,semi_urban,1
APP102632,6.610054607773936,0.47945750576104007,16.81054477110159,0.7732247769837477,9.597952219934793,10.177650828327861,0.7193649129589355,5.343223592708135,269.94951086441034,1,male,rural,0
APP102633,9.004739756094233,0.8289972549265943,36.547115811571125,0.5999731652032233,4.985024788970675,18.348198970279583,0.6499525028917391,9.170000930533348,367.5146634627995,1,male,urban,1
APP102634,7.709989360633059,0.7082259101293793,47.393566596811105,0.7117609150817875,0.1105052282176251,17.31359485376514,0.5260428811085774,6.165912030101148,247.44032152135526,1,male,urban,1
APP102635,4.299407295395041,0.34450397446834435,31.525961183925293,0.4594750492420472,5.199583975972493,11.14433656548466,0.3146884821752993,5.812167189133458,32.36540938030623,0,female,rural,0
APP102636,4.441941300603109,0.43529908764261904,24.847688218032907,0.8870105288360186,13.684456347630476,17.451180515887195,0.4475624085459936,4.5158537678924775,65.26809612507776,1,female,rural,0
APP102637,4.583876206167941,0.3499593424839308,8.999310205637734,0.7971720997497385,12.505668808210105,7.115642467959238,0.637212815906491,6.773457386765248,1.0,0,other,rural,0
APP102638,6.170014996255602,0.510385736311167,12.188575969377698,0.46203208676811947,16.269557588575896,6.345650331370161,0.7055918809157639,2.1175937527886406,43.76973370953219,1,female,rural,0
APP102639,8.411514072747243,0.8248774497316613,28.94120562646951,0.5647394059935524,1.726549564226107,10.42142116278482,0.7400375612652731,5.758097686217388,232.84341405752127,1,female,rural,1
APP102640,11.26729850334042,0.6791585521304055,56.616928809465925,0.9375010864501581,0.0,22.523054609689904,0.8548005922691679,7.251992583614262,224.0216254644186,1,female,rural,0
APP102641,7.753324465254518,0.8865104099472061,29.786020818476793,0.8518105765109036,10.474098971524764,12.497236550045876,0.668837990426738,4.378577850386656,95.25401045719818,1,female,rural,1
APP102642,3.4326278574243845,0.5931758747168575,25.231498323210943,0.8115393276370396,9.636276155514679,22.290636280374564,0.4078989720633196,6.072928145784626,99.7721834383598,1,female,semi_urban,0
APP102643,9.74780030821293,0.6753448868156482,21.250433984954654,0.5872388924513511,11.622222148545724,29.83364778442472,0.4483547567616548,6.223432788165617,232.4268209051902,0,female,rural,0
APP102644,2.6504394538752587,0.5346395392954045,3.3277862584977775,0.6446714684172119,14.042941535420463,5.541089909341622,0.48859357559482236,1.0,53.573447222666964,1,female,urban,0
APP102645,6.452923574726112,0.928740570629065,32.01598201841525,0.6371368640280662,16.70625787905248,7.64835985026291,0.8093901923557008,4.743761903229054,144.0579654849642,1,male,rural,1
APP102646,7.684996897102779,0.5127913418804155,28.41684968000756,0.8392781884317362,11.131481088952697,19.19352741426023,0.5965175942138395,4.629913690755982,8.662051350350595,0,other,semi_urban,0
APP102647,9.187455639064193,1.0,36.85310151044775,0.836559076124266,6.404788412974217,30.699590940638313,0.9582694521483468,9.92957631398891,391.174114109612,1,male,rural,1
APP102648,2.647099866986108,0.6983745060308243,2.1008458928267224,0.8462370013489765,17.097364630478992,1.1561457730870481,0.4101976941799526,4.001362303950167,97.19755176793585,1,other,urban,0
APP102649,6.775451296200034,0.7564288357950878,34.63608517483595,0.8592460281320433,4.54680446891414,27.474126680199504,0.7371588275698097,6.928414823380346,283.6210124854811,1,female,semi_urban,1
APP102650,4.365908688160468,0.8499260113868018,43.01519594675038,0.6469320314948228,0.7489026715173779,4.3785940053031815,0.5824295786926508,4.718846134475758,205.62797045056607,1,female,urban,1
APP102651,9.283028774088885,0.7416596841291894,29.572375077496023,0.8469744495370269,6.653569009141223,12.230525268029687,0.9480077047763512,7.32315129171886,322.2861254359992,1,female,rural,1
APP102652,8.305711442272361,0.7115611973135817,36.158201768842254,0.6747203526076402,18.80311567180093,14.980290226940054,0.6847873095369024,8.936416408512391,208.18467121200067,0,male,rural,1
APP102653,6.510770648873981,0.7083563382183238,3.4175324161630343,0.6525991280429805,0.0,24.561968923273337,0.7532054492465254,7.323567539909452,286.0512473817053,1,other,rural,1
APP102654,6.233512448248648,0.6943061091612506,8.416683157861618,0.8442355120493603,15.61900558324558,7.1345446562864065,0.4731590341410615,4.701792492256253,165.697741018737,1,female,semi_urban,0
APP102655,9.175602589014511,0.6458739573831511,15.572700289403869,1.0,0.0,19.845212225509233,0.5366184462636739,6.38062537510036,336.9810557330444,1,male,urban,1
APP102656,5.793171950948587,0.677746707370795,41.05270603765823,0.682187840580128,8.392661578102357,19.794657739164684,0.2967984313171033,9.074033313963856,323.5855573455859,0,male,rural,1
APP102657,4.582799377504575,0.8389820181692004,42.12778483746266,0.8717322046401971,7.098405188051957,22.956488463204582,0.6166659739621059,4.303840273873723,162.96112166142612,1,female,semi_urban,1
APP102658,8.152017755963772,1.0,36.21007800722546,1.0,5.2968310287183,21.084840223814155,0.8508067055173458,11.2925969078869,370.39388560288336,1,female,urban,1
APP102659,6.4954776492004065,0.6027176790389073,35.222955689407804,0.9396617501249793,8.144631993805119,11.977270716783142,0.7620538160536375,4.999031805348558,84.93411429075798,1,female,rural,1
APP102660,9.721993635469836,0.8402698929517913,44.47401848444616,0.7096028412321214,13.91212275547181,21.632837862515387,0.6596572979437727,10.972580249378826,187.147597063175,1,female,urban,0
APP102661,8.436653323525428,0.6603093835677238,53.256560011956026,0.8328644559989633,10.06575172146243,22.651425867810886,0.7141271836943162,9.546836100629127,272.97716173440665,1,male,urban,1
APP102662,5.86534561245646,0.4024895479214551,28.195618848919317,0.4955389011470559,6.140258417870149,19.195624125942146,0.23916435305001316,3.0931978606283588,295.46115398604184,1,female,semi_urban,1
APP102663,6.020284899026483,0.5076912573552868,1.0,0.7511041814766256,16.27543625325393,7.689121721802167,0.6289540737047687,2.5350843489873567,139.32415261601795,0,male,semi_urban,0
APP102664,3.797894008135854,0.7412600307070628,13.460093421976197,0.8169954486934576,9.373959870124828,13.993334427479507,0.5767294025091354,5.691525272564558,207.59843004289567,0,male,rural,1
APP102665,10.215592332982089,0.8611062853314939,52.325939495277815,1.0,0.0,17.674510674238086,0.9757496139840739,10.57436013697456,301.1452857445343,0,female,rural,1
APP102666,5.064099534950654,0.5884566791604577,48.172515481733605,0.7949507120186788,3.0733601556311294,14.671525940271978,0.6149723242597874,6.540377518084261,134.53642456289606,0,female,urban,1
APP102667,4.851317526368373,0.6483286243006003,24.05736880421072,0.7103597272231565,16.65957900566748,12.559197929795399,0.7470379743250182,5.113306398046989,92.81179341687302,1,male,urban,1
APP102668,9.285427554161465,0.8181725830534217,34.26491903195663,0.7044923735141023,2.481431813069462,21.334025498909362,0.7109358607690084,7.65840799759222,358.27466542438793,1,male,semi_urban,1
APP102669,12.14642452934019,0.9613563826721062,69.12005890681124,0.9620369817486919,0.0,27.309568012566736,0.8540057906074425,11.534926530967972,301.99829459077046,0,male,semi_urban,1
APP102670,9.311343921108463,0.3925543500531273,28.14530203123398,0.5563503947315286,13.009450793040704,6.6145238388328425,0.6039647297857285,2.9579034686163475,1.0,1,female,rural,0
APP102671,6.429302657357689,0.750587117543289,23.656925437208734,0.8779594828251065,3.5220137653698447,21.681633720036686,0.8314080446140324,7.425668051183119,316.6718326142684,1,male,urban,1
APP102672,7.869688634747834,0.8362814657192829,39.398512548099944,0.7427649304331229,2.3895348098885876,20.985248497582873,0.8595115751604644,7.112513715653522,214.59570230811423,1,female,urban,1
APP102673,6.338140148186727,0.3995172567972408,31.388326790610975,0.6951855333912893,10.178620117484074,6.258379967769095,0.6020417896311266,2.686616905901144,155.6292603215008,0,male,urban,1
APP102674,8.406486083997464,0.4700244409170984,27.216070525971627,0.8974661666028522,7.126199559671759,7.2352475588954155,0.6614290274620803,4.619736303884842,91.04506093505711,1,female,urban,0
APP102675,2.780264182812001,0.5803863849655473,32.101944159880404,0.7085519773999512,23.910596790865263,21.198010466784353,0.5399602713474618,3.2313269379469247,162.64533746850674,1,male,urban,0
APP102676,5.624620789483942,0.6008530132321517,4.911619696784914,0.6612899781331835,19.828425622606453,9.631466067267585,0.6596574274509234,5.090914283863159,1.0,1,female,semi_urban,0
APP102677,8.555920111371384,0.854249208839478,29.37806603207279,1.0,6.1603797518354435,20.847277439347888,0.5894061895637264,6.0966421844566145,321.2999878044447,1,female,rural,1
APP102678,1.1896977967049063,0.42159636748187146,5.105817130065469,0.7712299177173656,16.02992191289409,0.0,0.3119375064544292,2.96300765563468,1.0,0,female,rural,0
APP102679,7.161576482356768,0.7548883545446197,40.18203502261937,0.8714569957893391,8.586707097704146,27.66769786509498,1.0,7.621237953254509,204.27023525565562,1,male,urban,1
APP102680,7.761839262267599,0.7482902818933777,43.0204939190909,0.9241658726871068,5.453464456282443,25.433759037379232,0.6835705591791882,8.212111518892632,359.4513592532081,0,female,urban,1
APP102681,5.105709677922805,0.6126107407322529,24.47252533599117,0.8029964229489743,16.705195218993197,12.48412471916912,0.47306770404548987,3.0229605533749457,100.1936417511469,0,female,semi_urban,0
APP102682,8.522556717663253,0.8873866461701335,54.72355268911398,0.826173510504932,10.766837161936436,14.729509012143994,0.8590372565284506,5.015426945150376,188.5502293272953,0,female,urban,0
APP102683,6.273597753135791,0.28307883906756154,15.066885551746552,0.33029907636313516,11.576881771130903,14.563208300334376,0.5262583101542904,6.749014397520513,81.91619705591157,0,female,semi_urban,0
APP102684,9.272198725567012,0.8501762895163093,31.965447427836118,0.681473935826203,10.716153158715578,13.717187954118941,0.5958251147969802,6.392754841203705,333.05566350819623,1,male,rural,0
APP102685,9.484341951107723,0.8462776139767667,37.55898025396831,1.0,0.19586476573678002,24.235591042716745,1.0,10.666011940865914,293.0865416006578,1,female,rural,1
APP102686,5.023647755837034,0.7175961205809942,35.2802834985186,0.5960541023734625,10.43644427784845,11.665270020303147,0.5300211299195767,6.20753040601083,297.94992420209206,0,male,urban,1
APP102687,7.792832211091022,0.9490619767156071,47.75024678002775,1.0,0.6097466208595188,19.896759151353795,0.705881367908315,6.879441216485856,374.08398135037737,1,female,urban,1
APP102688,8.042226224415755,0.5866611021749765,25.517146027304825,1.0,3.6825883684482363,5.930697422785279,0.35285786676906966,3.4828207727797555,338.2245330604379,1,female,urban,1
APP102689,7.620820369619784,0.7797775093932277,45.08932101581231,0.5668615087596423,0.0,21.25503205331831,0.5535636264952283,2.998345403549213,250.72001526182953,0,male,semi_urban,0
APP102690,5.828401137341077,0.44857444795126733,17.212289018241904,0.49889058673800435,12.499007887286988,19.92669955670815,0.6732966566499112,7.291214042118284,107.94658063652749,0,female,urban,0
APP102691,6.600785721774793,0.7854371259383783,46.26593053423238,0.7454070437492935,9.337196157671979,12.564695126522222,0.6682437100761198,8.31104626218117,264.44342527663264,1,male,urban,1
APP102692,9.48804757578904,0.795926507036815,56.45258762935366,0.811004437461647,8.796457286496738,24.50200944924705,0.6231774989408329,8.923791361768957,290.95202598207845,1,female,urban,1
APP102693,5.724693174927506,0.5741233688120532,4.430532437884782,0.8059923728690694,7.13651648243737,0.9241758780025542,0.41190764740036667,2.20957413129174,185.82116218145546,0,female,urban,0
APP102694,9.953062674689955,0.6252437936465935,42.400227185670715,0.6524986406786409,7.623581840951488,19.099266197843995,0.6497175707782552,10.935622591093079,264.2455617193961,1,female,rural,1
APP102695,4.249182633533307,0.6500209812723777,1.0,0.7064140515141811,12.039349428020964,0.0,0.4675652507063345,1.953553947883674,101.47446151610832,0,female,rural,0
APP102696,5.882987598763671,0.9302553218380305,37.550224437308785,0.9245269520642434,11.956979928723083,13.154789577025385,0.5627501331125336,6.125662848696403,353.45677015865397,1,male,semi_urban,1
APP102697,7.128328710801419,0.487160697010347,12.948472279901662,0.7724396955793298,7.090024938355231,9.208166695960259,0.8158612744622624,5.662398406434884,130.2363946791466,1,female,rural,1
APP102698,9.120942501688353,0.9105863521296178,52.067253289176904,0.9953752550224433,0.0,29.890684794191053,0.9230272621155318,7.031377984394066,290.4052082788789,1,female,urban,1
APP102699,5.268367170794164,0.75790719781604,31.207247348583348,0.6213853302039748,2.699082656559984,19.818697677582882,0.3008757050397925,3.0735647406333095,120.96939920890532,1,female,rural,1
APP102700,10.122583479396866,0.7382471357209492,48.64962684068187,1.0,1.5188607016188302,27.592851428026478,0.7641719038309757,6.740074149826611,368.47970766722955,1,female,semi_urban,1
APP102701,7.297040849199395,1.0,53.023449052403684,0.864727845640882,2.523876204582851,28.636458090658063,0.84013604828909,10.861886094653588,344.5780585384474,1,female,urban,1
APP102702,12.251345855894693,0.7800161585359544,43.56119680190466,1.0,3.814199539274063,22.635558666959742,1.0,8.013709851622815,359.6129361423215,1,female,semi_urban,1
APP102703,8.039190610120713,0.8130987098390109,37.94409726713022,0.8480504995746769,0.0,23.46863355374524,0.7897767759535305,5.738479497419432,329.146845349168,0,female,semi_urban,1
APP102704,9.687184524242625,0.6434996652054512,37.578658220223375,0.5527764315427728,2.206198194209982,21.540826105056713,0.7378799768203567,4.784890487842583,81.99374034209566,1,male,semi_urban,1
APP102705,7.727309368438003,0.778355810982206,24.183038021785002,0.7513417579759766,6.723723831454882,12.066770805388817,1.0,5.653346541444348,158.33250081416537,1,male,rural,1
APP102706,8.086561207011789,0.7457546271384178,31.96022718342865,0.7525212590314349,13.454675568667362,22.994689208550305,0.5463038691396545,3.925806654343042,218.88675969929636,1,male,semi_urban,1
APP102707,7.506108692988591,0.8554044162354788,32.494774172889905,0.7710123607609095,1.6742638284152456,21.45124946152024,0.8446766742668389,8.737671572317499,283.34168134050293,1,male,rural,1
APP102708,7.178499970464414,0.5308114267643196,15.479625016128896,0.5429761121287527,13.03183843477031,14.9946294889968,0.5673864829351075,6.140527350612559,66.09423123595779,0,female,rural,1
APP102709,3.9480635270245443,0.42897061218767346,1.0,0.6290442531360885,11.097726037584035,0.0,0.3639588113062764,2.6395090566433645,1.0,1,female,semi_urban,0
APP102710,8.075426979074495,0.898363596807807,28.839718945010397,0.9806769238646181,1.2564756662530794,23.713233840539793,0.7140200361446563,8.053565640760734,278.6354649411282,1,male,rural,1
APP102711,9.951152291660815,0.9249878770349065,1.0,0.696462630036938,3.072818193230346,20.79867116187207,0.8730144305254643,7.791379129750863,340.92226639182735,1,female,urban,1
APP102712,8.531353939234101,0.893503530058885,35.84488744335286,0.7894136642836465,0.0,19.881383367747546,0.8437359208447803,9.383399282038788,90.60600296006163,1,male,semi_urban,1
APP102713,7.1154273368592404,1.0,40.37881055332829,0.6520695614860081,2.991770294121644,16.259528469001573,0.8342481416760648,5.531934976995511,27.808929107118388,1,female,urban,1
APP102714,4.178334923631957,0.74421377458328,1.0,0.7191867108180222,14.607937760264434,6.233826896138717,0.7346130585773569,3.5213264363681906,336.86934246994934,1,male,urban,1
APP102715,10.349993847786303,0.8146690484603107,35.676908605773484,0.9730599193720973,2.93802137096458,9.66801160514754,0.7472545079490936,8.148590817440311,99.8468578816487,0,male,semi_urban,0
APP102716,4.128288363255623,0.665639027296388,16.51231695654739,0.7785058019328659,8.215235487560857,8.958918222081797,0.32053300719020006,3.8160124225000462,71.32980064355577,1,female,urban,0
APP102717,11.625471160134442,1.0,27.428725197121615,0.7500811669189531,5.469306681805968,18.93527782690105,0.5419686679469651,9.260088848841251,151.56726850285898,1,female,rural,1
APP102718,8.653837183612488,0.9560058870171224,32.02128186314516,1.0,5.563103536383536,17.274643826426807,0.9689094522250573,5.619559847185199,235.54674725184663,1,female,rural,0
APP102719,7.580689650646551,0.5616923883798762,42.70621275333057,0.6981514286308802,6.803934774860034,23.865826200611128,0.7117323712714212,4.98516218265952,216.06675902157,1,female,urban,1
APP102720,6.859644519632446,0.7937458698842073,17.887382199541136,0.5429749553150797,10.191887825175312,7.4033537060344266,0.6289627576445207,6.400949417902069,335.20394193331117,0,female,urban,0
APP102721,10.301532133887019,0.7383105242012413,30.65414510734906,0.5190434827802004,3.004364930629018,13.19684258135444,0.9188206584306101,4.606222659049196,273.7410244558309,1,female,rural,0
APP102722,2.1015425984343477,0.5635527777877035,23.80518176574676,0.4428001179647702,7.262457901935803,18.103447380363647,0.35616871617940726,1.0,14.012367623586869,0,female,urban,0
APP102723,9.22774728899701,0.5611429606637703,33.21533699416685,0.918030098198533,8.483371207042158,19.793655576086486,0.43032999502885394,7.208023728621351,133.59432442181648,1,male,rural,1
APP102724,9.497480395173813,0.6619949172255516,57.45442489472591,0.9035268167700194,0.5146806125193348,24.982391260230408,0.6195403531532272,9.450104153918792,399.73542867980103,1,male,semi_urban,1
APP102725,7.082616370118019,0.6721470134992094,36.45194813431175,0.660368052641007,10.043608099483196,15.46539052858401,0.6038871509867588,9.939039929199442,183.34771747030405,1,male,semi_urban,1
APP102726,7.252775420749087,0.48223178323720384,27.653736471662825,0.6000513141423052,14.052990157163466,18.624948154459297,0.6699766887337577,4.361517493536722,146.3610957022491,1,male,urban,0
APP102727,7.678478243161064,0.7202937750139299,60.09956152360651,0.6429218415422833,9.713709908272019,8.317656464963097,0.9485681184017406,7.313773771639777,370.5234671654979,1,male,semi_urban,1
APP102728,8.858057094594585,0.9122085941684354,49.58095093472426,0.7097092613419556,0.0,19.23609676007197,0.9078042874752756,12.187003772781601,130.71328101428705,1,male,rural,1
APP102729,4.680005137440816,0.46054797352646965,1.0,0.7059619005784759,12.74830621732936,7.656794565533102,0.0753491265888655,1.0,62.80039359861685,1,male,urban,0
APP102730,4.964034067954306,0.7081441460947708,25.71465396672528,0.9905783274633271,13.357290950355896,9.79022044631757,1.0,7.233474324465926,263.48851259682715,0,male,rural,0
APP102731,8.6946331162764,0.6143461435621453,61.40193043513435,1.0,7.994365019595419,20.45990559940889,0.6819684966506524,6.074826108165277,159.9017938188565,1,male,semi_urban,1
APP102732,6.6710126115034285,0.6512771550092287,11.759770840314822,0.7228328592757096,12.193534037721337,14.254995985633595,0.7172481886277181,4.932627544956924,256.67601670701947,1,male,rural,1
APP102733,5.596609805079585,0.7368675241432157,27.121587316366046,0.6068867123720306,1.1795967101321665,15.292048472770793,0.6827107703098143,9.882228637951789,89.43623946098104,1,female,rural,1
APP102734,9.14818649154637,0.44298268639522964,38.38798801152451,0.5758036550234505,6.442606017045832,21.717533888558357,0.596330501340418,6.711556495791685,170.97959711368225,1,male,semi_urban,0
APP102735,8.477551622336021,0.5521633224329604,33.368379900090574,0.7989855243657565,9.573516802939526,11.080514628946466,0.5706251608664457,5.602643028048664,121.31189633847663,1,male,rural,0
APP102736,6.96129800659031,0.42294909707780026,30.136910804209172,0.5901989864988595,3.914642604674235,13.144113720065851,0.37442574715269805,2.3582462034438,1.0,0,female,rural,0
APP102737,6.647224100454705,0.6696817518168567,27.772871591643135,0.6667494557211491,15.702694884339506,12.045196738874642,0.32344470703223654,3.515149036448749,92.12178542045595,1,male,rural,0
APP102738,7.150316032743483,0.7316123576708039,30.884950889534483,1.0,7.1665733326159184,14.172487925397421,0.6338286006132248,5.00951218073835,286.5630467898724,1,female,urban,1
APP102739,9.517001699502988,0.7462061336914202,26.906517327038394,0.8178950524634389,0.0,23.35013988944352,0.5088495977120575,4.172148649853165,157.13880716587403,1,male,rural,1
APP102740,11.703559735790565,0.8372529571252962,48.432208831079926,1.0,0.0,24.26594282131652,1.0,4.872064261418587,270.83268351942337,1,male,semi_urban,1
APP102741,7.867588575083478,0.7254621523725924,23.9055490642709,0.5301352191917182,7.372080926814039,7.846619250566967,0.6358385334048547,3.8798043376496016,146.29645070915487,0,male,rural,1
APP102742,6.5858401726770115,0.7808454028280815,27.834079103774258,0.8252082499600322,6.321012713705189,20.223862091887803,1.0,6.525260044477552,280.30904921140734,1,male,rural,0
APP102743,6.880794555483553,0.621684490122199,44.4666191488466,0.7675842315525157,15.237366846865722,12.304185488750036,0.5796841953073087,8.15905899847896,174.63854219200445,0,female,urban,0
APP102744,6.212210625293796,0.4947741844747485,16.300273539209538,0.45376572748907373,14.7383221331309,7.891930816628538,0.42406422110196307,2.3258957174771835,129.6703748664097,1,male,rural,0
APP102745,9.119538027765579,0.7486787655242272,52.23882805424448,0.909967382212306,0.0,16.632948434852718,0.8105404374927656,7.5337902777852035,256.4071726216492,1,male,semi_urban,0
APP102746,7.424713796327992,0.7076017398429281,35.81324112034794,0.9951912205384283,0.0,20.47955544839939,0.6561853504021549,3.318853856882016,189.93783462538227,1,female,semi_urban,1
APP102747,6.038908766772247,1.0,27.743252209856962,1.0,6.924633791450171,20.025334648140667,0.7867227546489886,4.251357788623156,356.52213590143504,1,male,urban,0
APP102748,7.396668121157761,0.510439641817072,1.0,0.6382203015898661,13.250216897576477,7.603755599502122,0.7007623989389863,1.0,18.74127764339194,1,female,urban,1
APP102749,3.650769873328347,0.6273997598242756,40.75405395002496,0.30942768508088125,17.023673740464755,8.113296222244129,0.6698100101873882,8.147247737897679,186.22956646174055,1,female,semi_urban,0
APP102750,4.7094038258058415,0.7113157371928203,24.668713202986925,0.7306535728433268,18.699529833800057,1.8356122891410571,0.7814462992068403,5.2245196545982395,280.8923880425072,0,female,semi_urban,0
APP102751,7.062881036521754,1.0,19.61363855960227,0.9903118935321029,12.129442835544207,18.296109869331197,0.9437689997318993,9.070919863571428,300.2315200028446,1,male,urban,1
APP102752,7.5499368558344155,0.70933985025614,51.668834833038964,0.8371168317538693,1.2026359610123296,16.817049954610816,0.7314143936809274,9.690790148371972,313.7390472067881,1,female,urban,1
APP102753,8.761610683358594,0.8936533988832566,28.84164208570952,0.7490623938910232,12.928038882839072,16.191279151320995,0.8118642851660923,10.918838958232012,252.26255620255438,1,male,urban,1
APP102754,6.819003984566748,0.5377409871716701,8.073274577783945,0.49481766505243685,15.033382178425079,7.45717378192189,0.5794529898109213,2.3264581757265557,71.47463967380862,0,female,semi_urban,0
APP102755,6.583588097483943,1.0,37.47977254348203,0.6820448887550774,3.2585357417955647,9.438006881229509,0.5318955129900572,3.631326411951758,24.08428134380941,1,female,semi_urban,0
APP102756,7.547809213305897,0.7412795075486376,3.332701749472829,0.862873369294698,0.0,15.10797521961678,0.5599745604970259,9.738146446373545,177.72329691696336,0,other,urban,0
APP102757,7.95692886953741,0.5805063463289222,28.695162472577607,1.0,6.450940747393782,17.90400707956457,0.7172855316542632,4.835142287561032,406.75646107196087,1,female,semi_urban,1
APP102758,6.441003268235155,0.7523574329145397,34.37978711629608,0.6265662997472062,0.0,6.394447128994006,0.9191359763527843,10.234878942527189,322.64462469248906,1,female,semi_urban,1
APP102759,9.008128569019831,0.8125049407664502,30.607687816156968,0.5493742466484163,6.820443937117005,16.14282950182688,0.5576200492417589,4.093651598535024,150.9908942766004,1,female,urban,1
APP102760,7.115883900990345,0.5824827700540427,40.72515916762734,0.3407648727273682,9.117030159329271,13.567033459674132,0.48696713823747995,4.271726351110113,180.75085669633734,0,female,urban,0
APP102761,8.84483929438136,0.7786035346195541,35.431572987497596,1.0,6.02959956052713,18.187768712396363,0.7355614958792239,4.877520828602985,262.66489628912467,1,male,urban,1
APP102762,6.42761976965348,0.8552798847962783,38.868169867468495,0.9089760269165091,12.743045164435381,19.134503008880515,0.6562857420313788,12.135759636818321,248.22549706214767,1,female,semi_urban,0
APP102763,7.877162528875127,0.7292212860418535,64.7712675157103,0.5159417971093578,5.229734404062751,17.42218811402774,0.5766257507124143,6.85495764681386,231.9181558711297,0,male,rural,1
APP102764,3.497648702587577,0.5041424922803948,15.265090257244616,0.5305413128598956,11.054251030313052,0.0,0.5639743082727137,1.3123432322822148,129.78985961786566,1,female,urban,0
APP102765,6.372461162234219,0.5067046768997019,30.03851736528197,0.6244377242405881,0.0,23.238911961776793,0.4328957223651111,6.06485878204858,123.05222017309923,1,male,urban,1
APP102766,5.839389565650994,0.8509567707284232,7.873513847456465,0.48969701865177145,14.084689872909035,13.33050877088751,0.5246858634992533,2.5427449186528586,100.34992754181128,1,female,rural,0
APP102767,5.43705557578965,0.4465245625465497,43.2841345154508,0.801597383793349,10.595738659258837,16.198827391253204,0.5010674478001174,5.447244782120834,236.54464742945288,0,female,rural,0
APP102768,3.2978175926671556,0.6240491137663672,13.746856883309452,0.7629657805231348,8.799546413136644,8.508733519314283,0.6382371405866981,1.450619029659583,116.4841088313473,1,male,semi_urban,0
APP102769,10.55971348482576,0.796091015962419,34.855462989312166,0.7925396169211497,12.986667141443839,21.835300447525945,0.6288346620610314,6.77338335080617,278.9542127108322,1,female,semi_urban,1
APP102770,4.823770077522554,0.529117662497266,17.207237614851145,0.43881313056769655,7.955193716316016,0.0,0.2880202836664592,1.4169755929467476,141.68869153271663,1,female,rural,0
APP102771,8.704078557630536,0.5798666178324529,36.96852656418471,0.7064520874104235,2.197482428581038,17.169866436044718,0.8833288803583959,5.792287669698263,254.05592432795342,1,male,urban,0
APP102772,6.025705191803668,0.5274733472377398,23.612778846462675,0.7060379579239962,7.569782727030567,17.563460357048474,0.4977112930938535,3.6631087449585884,161.50964310038805,1,male,urban,1
APP102773,3.645004421091004,0.7109122773591477,26.34138901457506,0.5805311284464187,7.550366977888876,8.492701111887254,0.5888704634620093,6.422422520187067,40.62298614098732,0,female,semi_urban,0
APP102774,8.94161991898212,0.7207894847325019,59.97289904407624,0.8791195855321038,5.931773761485207,26.442130552243245,1.0,8.054632474735854,214.65344220576122,0,male,urban,1
APP102775,5.253987203274636,0.3051187644103961,45.242261059659754,0.714123680684168,13.262321980025824,12.314829764341866,0.4353811980764767,3.950655819475822,201.76042899706877,1,male,rural,1
APP102776,7.328091608329617,0.7089660842350483,23.831311484258748,0.43975498330872853,14.972673374336793,13.594053705531968,0.5731219455956441,5.8725184858108,226.34500536879443,1,male,semi_urban,0
APP102777,7.458323566774772,0.5090728401206674,20.100610350150443,0.5437128978754782,12.61345170290244,8.397022685294838,0.5102567743222758,7.079257611164849,75.87334264899918,0,male,rural,0
APP102778,11.027595138195458,0.9866862856109646,39.192661237514386,0.9359498747745457,0.7030130321849892,26.622051351532217,0.9097216771945258,7.993560546517146,389.6793389421442,1,female,urban,1
APP102779,7.478962853413904,0.6028604285689028,50.84068216095221,0.8845433107989155,8.642283765740716,21.31791090806506,0.5561096543977829,5.103357566752664,179.2987159725986,0,male,urban,0
APP102780,10.139561893909635,0.691465696235912,33.89272807913663,0.8843547712031932,9.26357418561387,17.323309301642137,0.8242318530248278,4.759443372044383,315.8992332677854,0,female,rural,1
APP102781,6.086375569109253,0.6079422581062892,32.16001345454073,0.6120822431478623,10.544740906043305,12.785154078650065,0.432025256688291,3.585102216289753,329.9740627086801,1,female,semi_urban,0
APP102782,7.3182100832042085,0.44051842395690677,28.982924524728354,0.6855502824664483,11.340901353775498,14.082232972565262,0.7302432824050773,6.356022312051544,195.20367176796893,1,female,rural,1
APP102783,5.507759466048696,0.42731327721336515,38.6858286185977,0.542297065239849,15.758823028626566,1.8344886528400037,0.7046138884411814,1.0,36.176900167111704,0,male,urban,1
APP102784,2.6278742238260686,0.5595398809396634,18.39056116193332,0.7724281153618704,12.244282201379653,9.26354686757007,0.5616423172216397,2.124811863013566,200.80142030043703,1,female,urban,1
APP102785,4.4431000524429605,0.3733405930493827,4.9785997685844805,0.6156790084447789,14.968254726275363,6.434485693066694,0.337718322962784,2.43718926207968,1.0,1,female,semi_urban,1
APP102786,4.884968121035122,0.7528416743452997,43.71372980521531,0.8558101902618002,5.943475667366237,1.6639029933952934,0.5760449468288539,5.676627354043093,369.252054174955,1,male,urban,0
APP102787,4.7835293739300315,0.48298511145168577,23.65134071365559,0.3294276509797949,20.73030950773182,10.39945988654489,0.4176330937186424,5.021343884343709,1.0,1,male,rural,0
APP102788,5.801675143834633,0.48179720193936987,34.491973320043044,0.6031856976967125,2.494191349529082,10.301516430152775,0.9148708722827676,2.5896921587502417,248.8761052211541,1,female,urban,0
APP102789,10.137192625566007,0.7647237392163457,58.72395400726238,0.9333360472843544,4.995755647706014,25.827069914047396,0.8202471059007692,11.802521153878324,321.6018364428197,1,male,urban,1
APP102790,8.717329590325798,0.7315662142793798,36.60802951418109,0.8174607365340576,4.997292556222845,12.0291542436692,0.8779019010502681,7.369298803351979,185.05814841428744,1,male,rural,1
APP102791,6.759756534062191,0.49671319630868055,33.42541569658882,0.9316308773781528,18.184793467138967,18.391903911739576,0.49625121120701826,2.791279033485128,64.8257383787325,1,female,semi_urban,0
APP102792,8.932568947723809,0.7268841566551806,29.487978587714508,0.41661375005511825,13.57679214559537,11.952804553955529,0.6155144415751989,2.400164788416457,307.74549322126006,0,female,urban,1
APP102793,2.7789319072211147,0.6723033213153926,28.777296446983556,0.5920113146449867,11.972825525022909,18.915698852539307,0.4545877255030153,2.5790845293966407,175.6289793172711,1,male,urban,0
APP102794,3.3108260470283466,0.9342101146895387,23.919869851136312,0.5715111590839327,20.185174407703634,7.834202673053843,0.45327999404376806,5.529487312344443,101.75451133609073,0,male,semi_urban,0
APP102795,12.092397083732305,0.9193082504962842,30.951208475993496,0.8132263646917576,5.428097191579941,17.06823171038944,0.8418468061528838,6.987080567898324,400.9316868849645,0,female,urban,1
APP102796,7.034984086723516,0.3559243488077794,19.07028660823028,0.8740414812133415,15.860162930420085,17.901947980660573,0.4171345140972957,3.6659842226152746,125.35363441068291,1,female,semi_urban,1
APP102797,6.481813342081357,0.5889745529509214,20.94222615996316,0.792326946064083,6.3635159026863874,7.562633458346475,0.7227224170759136,2.917227038819732,233.39594630918225,1,other,rural,1
APP102798,9.37365331337701,0.8150436093267496,46.60845324061833,0.658817630363333,4.598475926199738,23.00177634011861,1.0,10.570070545743102,205.64367933094314,1,male,urban,1
APP102799,4.447233641968971,0.6217622292044526,10.637119111683011,0.7700032067873824,9.095142699136247,9.472763366054995,0.35560330697913334,2.4106124073317634,1.0,1,male,urban,1
APP102800,5.5971004817103704,0.6598101105956433,43.34531754911951,1.0,4.602675574816561,22.01134594492611,0.9560058127476297,7.523716092717468,348.76371387254267,1,male,urban,0
APP102801,6.420838915672998,0.658934346877465,37.495011102375955,0.8079111280254481,6.3911632285484075,17.146222725582117,0.8555133936004601,6.581974275398002,266.69204246782186,1,female,semi_urban,1
APP102802,8.451836262546257,0.621312062233818,41.769187261549675,0.6038057868910184,8.613709493347251,19.927064636182614,0.9153489575562492,6.868978646544867,484.186403174793,1,male,semi_urban,1
APP102803,6.146789858081611,0.6243654528944198,33.54866472500535,0.7188006289973687,4.131564398229481,19.96747793803258,0.5729722639720906,4.66350880983948,157.55013787454993,1,female,rural,1
APP102804,8.426856994784885,0.7688925666194555,38.165781659200995,0.968151271732184,17.989442733633936,23.565803140644462,0.8241356093433774,6.033696262793718,386.04263036182834,1,male,rural,0
APP102805,9.406653159464213,0.5576195298377603,18.591572480522462,0.7671243539976169,4.429602132121561,15.060412791189417,0.5125975467901486,2.852466535234303,116.31142579801481,0,female,urban,1
APP102806,7.8344318353582985,0.602817182642563,20.565380126119262,0.5503261861407585,6.336952579383263,20.99917822033775,1.0,4.015560853416824,346.9361332484069,1,male,urban,0
APP102807,7.224044760819777,0.8344281774714459,27.6424950274974,0.595149173981326,9.88960239655057,17.607241137799416,0.6323959634420552,6.713888746471902,269.53559537280034,1,male,urban,0
APP102808,4.497822635713849,0.5797666266388922,2.9459969480381343,0.674753827331826,17.377760203850464,11.114542828429201,0.38367479392343035,1.0,64.22362745465526,0,female,semi_urban,0
APP102809,6.355717968442944,0.38077744879338704,21.82769663088123,0.8356294146397568,8.98946981261062,8.354686407414347,0.3504370825973082,3.17743544136527,66.92808085859684,1,male,urban,1
APP102810,6.629846674183855,0.7269473290743815,24.929733713799422,0.8155119266236465,8.402053849263618,21.68481623345414,0.533035917592489,6.386758460501507,196.75927162149384,0,male,rural,1
APP102811,10.734812381377257,0.5895011353265664,20.679315071426764,1.0,0.8276309682463743,20.430394685291095,0.7027394783136469,6.881404123764522,203.06657794824167,1,male,semi_urban,0
APP102812,10.249183518350291,1.0,68.02747116432587,0.987080207746462,11.336740799528958,16.609496747773388,0.9195206534851029,7.09511261059526,372.02290392412095,1,female,urban,0
APP102813,5.982869877243006,1.0,33.16740489352324,0.9379839465543436,2.6926906240749022,16.399400852910752,0.5125257614313622,7.661807919874397,2.8809810872244555,1,female,rural,0
APP102814,7.040540437130189,0.7050925016483603,45.68135723268479,0.7619030739679664,6.789037627433153,12.059142904850692,0.5669345777341204,10.047082020213105,167.78905237029136,1,female,semi_urban,1
APP102815,4.718706128344372,0.43723179885360364,12.591674670425494,0.6452619271841369,9.403831574328224,10.13310187338016,0.20226262365843078,5.122845159683839,190.21576931743468,0,female,rural,1
APP102816,4.142848806147382,0.4316994001368845,31.801746177942395,0.3519904851782807,9.901782906798722,5.138099500999581,0.6494603880561021,5.186536254149495,162.72130937806725,0,male,rural,0
APP102817,8.108674127132016,0.6549206159117886,20.551394908601832,0.85917525918069,0.1901996161522419,16.788456770235253,0.6946886054859366,3.862765064149715,82.14791606032071,1,male,semi_urban,1
APP102818,7.709298429163745,0.6677899576376377,30.303579630925018,0.5189378712218338,11.926841925002082,19.26179429978061,0.6763293127561056,5.29335488931205,250.3214531279238,0,male,urban,1
APP102819,7.611685729046982,0.8946841874326827,18.097342432480623,0.8209053677590383,5.016928051025101,21.884556832019047,0.4728941796582369,5.386267007230535,99.12903492000785,0,male,semi_urban,1
APP102820,8.188087196823416,0.8886545488601644,60.08571684452099,0.7101311064307846,2.428249581000709,18.729220660119243,0.8808368221531081,9.763134588761119,209.93747061704624,1,female,semi_urban,0
APP102821,8.384922699470836,0.9294150847592193,35.04618208053465,0.8747332059435784,0.2524004662888917,24.616469972941754,0.9801646884301208,9.508941273402137,341.7597260827851,1,female,rural,1
APP102822,1.222200503634324,0.5555208079211129,22.978591588374393,0.3907563176441608,15.474226353748215,5.610980892932101,0.4474559773301001,2.2704075123419774,1.0,0,male,rural,0
APP102823,8.556192944292812,0.5529151748011126,36.84189826850172,0.6786603219553737,7.199879877002036,8.48205184268516,0.6105781164419382,1.9424135799594149,357.8916337255963,1,female,rural,1
APP102824,9.166414603253758,0.6800837242615253,38.34814449571111,0.8877368974516191,4.785563274829886,13.88299920895616,0.8523270689729299,5.594229992402338,304.8160723372063,1,male,rural,1
APP102825,3.558209250406731,0.5781316005004374,23.389305638311782,0.6908010823936717,8.77737820072156,7.472626015367993,0.5964988400901624,4.646363893436927,153.411312314215,0,female,semi_urban,1
APP102826,4.665462711887085,0.3361409384261944,27.059265152405267,0.6824128736457542,16.60545555332545,9.79326813540586,0.5509326577191449,1.6846406538430467,169.17969416641483,1,female,semi_urban,0
APP102827,8.865319912537261,0.805158255310611,42.04253245649098,0.6194948647427845,2.6036279147922334,17.013684705730558,0.8240346354618,6.970795708369733,334.8133857096025,0,female,semi_urban,1
APP102828,10.331873522441045,0.9257687231851159,41.07456628041001,0.6179552963920474,4.675899259612297,26.179409535982238,0.925849107011168,9.327267890204928,361.04076291811197,1,female,urban,1
APP102829,7.252550514559217,0.7476083654469745,32.11581947857381,0.5402364264489086,8.498104197726487,22.448568866293783,0.5033627840960858,7.579746584609891,125.15883945483557,1,male,urban,0
APP102830,6.663089242763594,0.7211575231070195,44.23450605056212,0.5037102565361439,1.469307523404387,7.82758113876783,0.7185099892024984,3.3499307541082475,69.05084952793187,1,other,urban,0
APP102831,9.123245025794144,0.466930039142742,30.05041556646795,1.0,16.503384816344315,27.967925438977634,0.6405203593628077,8.12075722143385,219.74917192668647,1,female,semi_urban,1
APP102832,5.668125478765541,0.8418657367711121,6.228744007858388,0.8606263777262942,12.908755578201148,3.9193972646093638,0.2008385373385237,8.060148360129354,209.09349008939455,0,male,urban,0
APP102833,7.310283334204812,0.44437743414934683,17.188661322420693,0.552428377883274,9.619047250579507,23.218433483339084,0.5549089561277999,8.445651840141842,78.9107617094505,1,female,semi_urban,0
APP102834,3.5670126239396494,0.5103331122728187,4.770859413749939,0.79394754405593,15.52658716633841,6.4946537501608805,0.35847136803533103,1.603274484844594,137.3911413475111,0,male,urban,0
APP102835,7.011460268974467,0.6825158787374119,11.263294881521887,0.7930259370930659,22.120948629602697,8.322498390547404,0.548323488753373,4.384439268813975,161.0030436506688,0,male,semi_urban,0
APP102836,6.056972042740496,0.8518922098394237,30.360162469592996,0.5909249748572551,10.250741850259168,19.86503244567826,0.8983268784774077,9.463554576110749,267.2142363675968,1,female,urban,1
APP102837,7.7647493117198785,0.4776341209760652,27.00186555147607,0.5359384167800174,10.817985116810387,9.465631078403895,0.6405587895472052,5.426492203673325,192.5192531857657,1,female,semi_urban,1
APP102838,8.165929551995694,0.6112088971793578,39.31037594428007,0.561563480347768,1.799936500376523,26.30566453145286,1.0,7.020768708406086,272.8282546605434,0,female,rural,1
APP102839,7.932276368376254,0.7086737681801383,29.271889488309554,0.673327406110954,6.450837712377435,9.82063273781245,0.528261252742781,1.8513423439319476,223.95495089533327,1,female,semi_urban,1
APP102840,3.840889483498751,0.6440738213378034,10.767457099262304,0.5784897715399621,3.623070687874815,5.549795986799854,0.18615195688495118,1.618788271110487,177.76293133401674,1,male,urban,1
APP102841,6.537457973660867,0.49408493033717077,36.3538963105666,0.682517172472752,7.552795236355136,6.112019661363201,0.64190599222644,3.812654622454163,438.55322073364266,1,female,semi_urban,0
APP102842,7.405479237570137,0.7798578360429611,37.23176283562466,0.4445809487214045,10.575278945438827,12.395129731226623,0.5944833607524269,3.8966259439158226,240.94384636704783,0,female,rural,0
APP102843,8.094663258346854,0.5022981725973017,48.47611388420179,0.5442020037499945,10.132522682063154,12.978234625445499,0.524133755471822,6.810780872674378,174.22199325116952,0,male,semi_urban,1
APP102844,8.041688250923643,0.9678604670552761,54.14579746584084,0.9600005696409439,4.9836572323966335,19.873288473041733,0.8231226059916846,11.21715754495895,169.09494296130345,1,female,urban,1
APP102845,10.224571549200755,0.7187736545398938,40.12617591655763,0.9886020417030867,0.12593211678443694,21.688970400885285,0.7216756111884425,8.188548028357669,196.79576424429297,1,female,rural,1
APP102846,5.993238663279781,0.8295490090469518,53.62736216865486,0.5541842947196274,6.64369824933886,15.299848211036599,0.6941217082958503,3.942032933704316,229.94074184991604,0,female,semi_urban,1
APP102847,7.95410201235532,0.8172813526910986,44.47105145131675,0.679520079677438,7.557234970202218,29.492148776469662,1.0,8.371074264012163,369.84290996139157,1,male,rural,1
APP102848,6.850304965097656,1.0,51.146186043644235,1.0,0.0,21.5506633932696,0.8515153363952199,9.473839784887463,284.1813415083336,1,male,urban,1
APP102849,10.051739393475119,0.8569468572348293,48.060759110653436,0.6770527894602805,5.300154973715001,22.90153855508636,0.7609800047820965,8.825281558612124,337.0760419870481,0,male,rural,1
APP102850,6.698751156609699,0.550038387826999,23.34813160927946,0.6551867494053754,20.508625504910448,16.304139566602885,0.8145217453222734,3.3557848408006903,99.04321301173675,1,female,semi_urban,1
APP102851,6.8310790768185266,0.6970736462629875,25.914830443128576,0.4630950758244594,8.532961451407214,22.281424378559997,0.5345969396206978,2.4527063306047374,208.34078044778127,0,female,semi_urban,1
APP102852,9.51099179029864,1.0,30.493499855012814,0.8723128702734331,0.0,20.55344049026007,0.4905813555990032,8.174409679046548,303.57774787247735,1,male,rural,1
APP102853,7.060246592856248,0.8466290446329554,24.67549169717842,0.46251454817690346,2.6903345147308846,15.541375426891376,0.49554471588176574,7.415669099951792,200.50926777198214,0,male,urban,0
APP102854,9.667236106751748,0.8079821202487961,19.07019772823989,0.8107954679792717,0.0,15.47917519413529,0.7840720581175926,6.974678225020904,336.79113715784126,1,female,urban,0
APP102855,7.233564570628974,0.583926790956921,23.86913077151541,0.8761357929665732,4.514294876349827,17.13891001605398,0.41487321341066885,3.177006428748551,177.09014083255994,1,male,urban,1
APP102856,6.219766941874969,0.5641341931673681,28.086369207931153,0.7676881987871703,3.398392955192004,18.14187897812157,0.4198913630271326,5.57737187224511,66.58745591600807,0,female,semi_urban,1
APP102857,7.478734947479971,0.7032520182027264,31.968625988407005,0.5442928593608667,16.110419438593805,10.772312781563476,0.46937788372109435,2.229970747502804,185.77242243326492,1,female,semi_urban,0
APP102858,10.32470440852224,0.5805886383796943,39.17121206499814,0.6353390808426095,11.421508176705672,15.999031682576492,0.8366145477942889,7.0345648523195905,257.24159383696076,1,female,rural,0
APP102859,5.1019629625859135,0.6170141779539393,19.698846791403824,0.5962527430537414,12.633557272170037,11.897966174955474,0.7395355015892373,4.647890153231909,200.8693934284054,1,male,semi_urban,0
APP102860,7.201353620477541,0.8456944523974261,16.902879060983366,0.4529054050707968,16.57935038901589,2.1536510386006906,0.6615115940123198,8.754848985575524,243.5366415927433,0,male,rural,1
APP102861,6.946241089930074,0.687063240350872,25.006652412830302,0.6700663170970781,6.4154483127772925,13.95756180673551,0.6050491105722429,5.134283088662206,160.98549837588308,0,female,semi_urban,1
APP102862,6.010985389145365,0.4390846816700321,11.335835897033695,0.6011423619537393,11.834346953463982,13.709097566438729,0.44063225003446077,8.020606813754046,119.95247422093858,1,female,rural,1
APP102863,6.546205752955186,0.9717064551945551,3.8999386829306744,0.6004655484896153,20.896034407196893,12.023048485745385,0.6395403744548387,5.0644111753904735,143.13255112628661,1,female,urban,1
APP102864,6.346793711402774,0.9541279579315205,13.627017941819593,0.863532944564775,11.284781216110826,20.105584672093833,0.9044957640943628,4.461360817775322,233.3964761684096,1,female,urban,0
APP102865,0.6353706427268886,0.7093659160308268,37.8244624862715,0.4903905677314317,13.21735023999635,17.493902144786986,0.5889493379816501,2.572824726662753,148.15480197719882,1,female,urban,1
APP102866,11.354032422877268,1.0,60.8837596702621,0.6232282701099399,0.0,19.31990179735039,0.7516848292785122,6.981699309502214,323.92316580984715,1,female,rural,1
APP102867,7.0955849407069795,0.7357986359775593,44.36551267260741,0.7315283806923935,3.262533302152611,21.001226028774067,0.7211571994006073,8.375071588844623,202.0262503134394,0,male,semi_urban,0
APP102868,7.053181227018321,0.8363693012794331,31.91157541416421,0.7747634171260713,2.0156774681997867,16.59883832186898,0.6446225612122052,6.812341955894796,138.2922852105715,1,male,semi_urban,1
APP102869,6.686916695463781,0.6376260989222814,16.174332546445076,0.710292464899848,16.364065626948815,4.915190111857655,0.733760244230427,2.345862033815292,129.082400059512,1,male,urban,0
APP102870,3.8350997431881853,0.36407473437797366,16.45350874316082,0.5531360600884202,4.850402149024154,7.433416121241584,0.36968269656432656,5.388067393163311,148.03341769243178,1,male,semi_urban,1
APP102871,7.803813961483373,1.0,38.779114967676755,0.5893043541844122,11.535969446500872,11.323674796686944,0.7478818549032101,9.545084762673303,228.31511807824918,0,male,rural,0
APP102872,8.449006234956833,0.5900509492125018,47.391662053479614,0.6912796192249823,7.36949777035488,20.721530596738603,0.8615138066721856,4.323054760592658,241.3553458426859,1,male,semi_urban,1
APP102873,4.410712811957617,0.6436681716721477,27.801210689361547,0.5381618313800783,3.5169767352220767,13.365475436821313,0.5754000701152523,6.004738269055668,193.97623206180376,0,male,urban,0
APP102874,5.316701363022291,0.6157313919797428,30.652170705184208,0.4968765264529362,18.162290440787455,7.554402884198055,0.32812588885424243,6.823183443131395,245.84195632775496,1,female,rural,0
APP102875,6.281732529761203,0.7328210089083443,45.41733805730464,0.8395605275130051,8.266799263195548,8.270835346086388,0.5718542424168225,1.5162785616752648,132.03565837012894,1,female,urban,1
APP102876,6.791741210541662,0.5798795836451902,16.349676604255905,0.6445861295432075,5.128934776611362,10.836442512229695,0.43764581105712996,2.932121687637574,32.43972451036005,0,male,semi_urban,0
APP102877,5.71015777813502,0.7361613208262918,62.37751223897669,0.6991703730866712,8.140703832223274,29.620967096221122,0.6989829726939211,5.261883892608084,331.097827050804,1,male,urban,1
APP102878,5.308392278248748,0.6885268439809772,6.899482073844361,0.8529876781144179,5.015803908521437,2.526788173704537,0.5097147708315304,7.303094941807032,187.21242649727145,1,female,rural,1
APP102879,9.045853233099486,0.8358407266573431,27.964326445508306,0.8637847995479785,4.740205930408305,19.35704814059148,0.9163268642899762,6.44783219282519,241.39145834817444,1,male,rural,0
APP102880,3.3616669717854735,0.5211463049159859,15.927690855894365,0.3204645635425587,11.721593079890052,3.3520157040225413,0.4548066206896224,1.519250419770235,167.66182588769573,0,male,urban,0
APP102881,7.507250825109574,0.8139027760547457,46.664384539747346,0.37842564373778353,0.0,19.07743692898778,0.5624755125428937,9.325671145105103,279.4885671094778,1,female,rural,1
APP102882,6.402515168496663,0.5210302805597323,29.911352942791567,0.5476611806110319,1.3860973287140128,15.436387869927168,0.47453843146217656,9.5031739576193,260.1331098893546,0,female,rural,1
APP102883,6.799261298760994,0.9987676620409447,24.746716845303958,0.8105448957938983,12.099137677581577,13.115481440352115,0.8266076918334946,5.811015370251779,221.96033498145692,1,other,rural,0
APP102884,7.970496033339594,0.8547725015580321,58.723440764690565,0.942442590995329,7.019763584155686,21.729900899502116,0.7160111584437878,6.546884814445577,557.8182572776701,1,female,rural,0
APP102885,4.820594305272826,0.6070381448240451,13.377965995609859,0.3361303047527694,13.653735727371862,7.5761554005404355,0.4361560049060805,2.9453368210901743,104.69026407796669,1,female,rural,0
APP102886,6.381542392399691,0.6679559135205696,25.35260109813163,0.8931258909960321,4.021953719279834,7.271923608804634,0.8963136308798628,8.548809116138644,340.53300231949794,1,male,urban,0
APP102887,7.950208561643102,0.5354892157900436,45.65107755339882,0.8023962394312572,8.745385566285687,20.699913883185616,0.6098116282696727,3.0578612648113226,176.9643313998937,1,other,semi_urban,1
APP102888,9.36102342135663,0.853777552405138,40.721689579416676,0.9621332981756803,3.452445827432927,21.88537178864778,0.501705238744373,6.4627151538244085,269.0885135545476,1,female,urban,1
APP102889,2.860082718033366,0.5910690254115502,33.301526703157805,0.7719885529723316,7.206796855556311,7.718630746144456,0.3746643985409501,2.4254955914054577,128.6480816620837,1,female,urban,0
APP102890,3.5777892236393543,0.7203663643375771,25.40731327440318,0.8458898814334599,19.09896231627379,11.609193507565953,0.6531352192050137,2.138138400068663,226.99124559861136,0,female,semi_urban,1
APP102891,6.443874965523576,0.35981678016890045,3.8776701118875074,0.6437240994937933,17.23033637548436,14.219910397622332,0.7827183419600261,1.0,98.36838469940291,0,male,urban,1
APP102892,8.682037353493275,0.8871844161001392,26.810254203653866,0.7427889966616612,6.762271544732439,17.923628707836208,0.7198800897178366,4.073142195268777,221.68214499666493,0,male,semi_urban,0
APP102893,1.4932944698844115,0.6810108104741833,1.0,0.500937031468967,5.916036101267745,14.077055731530688,0.3999718975128667,5.073540253284028,26.31354430836636,1,other,semi_urban,0
APP102894,9.44102631492277,0.7690320336189382,39.73030003397448,0.9393788217329394,0.0,20.93195940212398,0.7174815647152196,3.657066541033972,199.19615169734118,1,male,urban,1
APP102895,8.263486894647556,0.6905882837617285,29.374031727650415,0.43563902179047637,7.6135652613054745,14.86989138003787,0.5578269888779677,5.4943264722309575,1.0,1,female,urban,0
APP102896,6.9823095692411385,0.8962125184629126,48.40976468377096,0.7998929832845374,5.5613565063185835,26.296934685717147,0.45333205777439717,6.403566790243922,306.71858481622615,0,male,semi_urban,0
APP102897,9.436534323034923,0.50392175628417,29.478314498161577,0.8110099744508341,8.435431480671896,13.507013325617999,0.6591063933581024,3.962586925038521,154.94228593424668,1,male,rural,1
APP102898,8.327230575573216,1.0,47.04622842521849,1.0,5.021746528504643,22.51718172806092,0.8704654645383492,8.813380648151844,487.3057612850046,1,male,semi_urban,1
APP102899,5.246479430544935,0.6241240693581287,7.608687364746819,0.4863985579782558,14.863888048726725,0.0,0.7304843771554971,5.653832365902245,56.21729124472298,0,male,rural,0
APP102900,5.773073051573441,0.5845128584296995,38.777852715041774,0.858881384605103,3.1537046646934597,6.607205600511152,0.8012704647459836,8.798550439260286,314.7723038806155,1,female,rural,0
APP102901,7.33394671466425,0.4576715132091268,29.740202914592167,0.6078535047677888,18.26314837991997,13.607930413099298,0.8421889293700355,5.010603661767348,254.61302951487875,0,male,semi_urban,0
APP102902,8.003515522226966,0.8315204842611914,20.508448101957022,0.8544466413863672,7.592114289691166,17.436105504365486,0.8814070522944226,5.528547401515151,175.45082784888007,1,male,semi_urban,1
APP102903,8.798989214748415,0.6791355583276294,30.575177522688996,0.5456915727260128,11.313054896630044,10.4366605473002,0.7935311094439863,5.732340165552346,104.2901207060709,1,female,semi_urban,0
APP102904,9.036765383714112,0.7641137574430658,40.15233808089861,0.8245848104551246,5.008653932471789,11.554116416884835,0.6435847400652215,10.788396995295539,191.67050359744997,0,male,urban,0
APP102905,5.973623464724202,0.6364895852534457,24.710550428116825,0.634750474182804,11.920299919509803,9.84665641805558,0.6173408048201269,4.064438130545502,261.50822673267635,1,female,urban,0
APP102906,11.588974442898277,0.5446822146319545,21.333312831846676,0.541715311100249,18.556581458467285,15.714035533865252,0.3933415244861633,8.17174989119831,412.01416143274,1,female,urban,1
APP102907,11.222458656162985,0.9227106473860465,44.95517615137366,0.8667255841926544,0.0,10.752268610939389,0.8525747944624833,7.743614261023985,208.67846286962015,1,female,urban,1
APP102908,8.104174468354556,0.6899297568465029,37.28490996355645,0.9452617143369668,1.7374278819790252,18.30609516348213,0.7593740919299696,4.729942578886939,225.95501150655755,1,other,urban,0
APP102909,6.321977187936522,0.7512602499871585,26.606058200343945,0.6334474208838857,1.7693362608440317,17.887737047177655,0.6756382032351534,10.628079090059163,196.4784513119457,1,female,urban,0
APP102910,3.30890387961559,0.963480604086306,11.547278452462047,0.39764885732769795,9.591670606900385,11.583656055224312,0.3024173522864262,4.143918625549749,107.64287823952729,1,male,rural,0
APP102911,6.354016287132583,0.9317975755145447,44.34557185504512,0.898928233945883,1.8426926980343055,19.45321306989929,1.0,8.477877085713818,439.695627053472,1,female,semi_urban,1
APP102912,6.342264024092732,0.8885322200956588,42.689753044627444,0.5290374537442083,1.0635843686348299,10.560439102033083,0.7728073337527228,8.084245572323113,177.87666012419493,1,female,semi_urban,0
APP102913,10.447166473287506,1.0,59.78484841414529,1.0,4.5288592860785695,14.113065513289612,1.0,6.056318876359278,134.394617643899,0,female,semi_urban,1
APP102914,8.535529303978576,0.811345809758504,41.48664182736503,1.0,13.927613763463672,25.30041503884776,0.8284006767839438,6.196648279614859,268.4269806765071,1,female,semi_urban,0
APP102915,4.623553117732509,0.6208636566530767,9.170860346950676,0.7715130161163578,10.649142539353193,6.9322522956937025,0.7339008928490763,2.7740568052393235,171.34283830838618,0,male,semi_urban,0
APP102916,6.607475354525744,0.5855374889827007,49.26550860847506,0.7091611170067958,7.958154092820686,18.410004016681697,0.8087365341715194,6.412727664986989,162.66715307913364,1,male,semi_urban,0
APP102917,7.426398639181889,0.686318437504146,45.427980941236456,1.0,7.817671632913657,12.298237887290506,0.6158382137038103,7.8172947142355556,189.3286254872516,1,male,urban,1
APP102918,8.644740509102366,0.42257873523889317,12.61527580321674,0.9601669586468387,10.200773362918078,16.40723485610297,0.6107097789489777,5.391862392087835,246.6637519924682,1,male,rural,1
APP102919,7.866905027327672,0.9642369455530808,32.80770990320296,0.8089747983577861,9.767569304041182,20.08025705962927,0.7678351007786114,12.969001384253644,197.763761317927,1,female,semi_urban,0
APP102920,5.997335498975351,0.40814891172350576,15.921251309756546,0.8262858480364481,12.763659791842315,8.471862949966805,0.3777800951722185,3.9089840522538273,171.5993319075835,0,female,semi_urban,0
APP102921,6.404446258632463,0.7656982369408574,32.10688748988904,0.5098227943747995,10.42664351817904,9.814377127949271,0.8276277365768324,4.811320234291885,126.42163794051243,1,female,urban,0
APP102922,3.537122980412209,0.5475744304986857,1.0,0.5312269347534624,8.151345478299474,14.921025131674583,0.47387587223531696,5.767551861917582,225.35177473755255,1,male,rural,0
APP102923,9.670235163576598,0.7384238818653932,30.53823255770209,0.4775973643689291,11.027278856060502,25.598185476697616,0.7429450653323753,4.634445453979744,253.06856623560816,1,male,semi_urban,1
APP102924,4.408550492152146,0.5504386306074627,24.921932366175746,0.5857816123173365,8.789634265267338,9.02784191018992,0.2713378307828519,2.0941327906009413,88.78307401041681,0,male,rural,0
APP102925,4.3789898041456965,0.832452163731115,1.0,0.5959323498332342,6.263569325045554,9.16355808673343,0.6784638665722793,5.061829067272362,132.73293836434812,0,female,urban,0
APP102926,9.099177552453618,0.9360735262020194,42.38672969192361,0.7186593274503726,7.052670016694098,11.0867212844282,0.6569034720412142,4.141835219150476,76.95860659228384,1,male,rural,1
APP102927,5.742945020565174,0.6064130661406874,30.63664444791801,0.5997420007686746,18.83148804843654,3.5469897935814103,0.7275791836960473,3.740029857235984,131.8900390934402,0,male,rural,0
APP102928,5.441835948000818,0.42042895380548806,8.508635508590592,0.47525772359011553,16.697500173766755,15.010760086026385,0.3662877981076657,7.207344857599385,83.16748567656249,1,female,urban,0
APP102929,4.190657953179931,0.7697618760309552,12.273193237512473,0.6538269453507759,10.22108745904009,4.215947776902559,0.7637563271511024,8.281542643556508,163.01143921309654,1,female,urban,1
APP102930,9.58086459194669,0.6446297685866264,29.55050572865713,1.0,0.0,17.339115279507027,0.9046490133648799,9.61075287178879,260.98521207360125,1,male,rural,0
APP102931,8.934744373942696,0.37851092814266685,1.0,0.46642971419602,18.699662091962583,11.363542681077744,0.46982167701673394,6.600307334981849,272.35288225188606,0,male,semi_urban,0
APP102932,4.599743174747501,0.7410187315681056,23.702063675338174,0.8164286446324209,8.897782109538042,0.3054969983825053,0.8205089276026873,6.312086950214915,160.49611266268732,1,male,urban,1
APP102933,6.4638258685694225,0.8116076655761593,25.791038515040462,0.6772247815320003,9.03977276880723,5.188736385666054,0.7333629161173798,3.713653243598819,80.67404131934614,1,male,semi_urban,0
APP102934,7.734986893643598,0.7667673206088262,29.28434064708059,0.9245903227419453,6.312281378039229,14.684373522690272,0.8828574109251287,11.837755459053948,155.8234238178541,1,male,rural,1
APP102935,11.508914968048714,0.7923113784787154,42.56753109749938,0.7559816115007382,4.652565992782042,13.253159022498776,0.5404995469653114,4.735025624922411,193.59241967512722,1,male,rural,1
APP102936,10.9311535024896,0.7757625805902933,43.45590051813899,0.7727678428420167,0.0,23.199096986278832,0.9426589175007314,10.699196569670185,219.3519433972143,1,female,urban,0
APP102937,8.410910471100777,0.8741489660732609,38.52667422086944,0.8658107638540121,2.409781716099052,23.431383035430006,0.7422139622139342,6.298621031391209,142.57446068296895,0,female,semi_urban,0
APP102938,3.7209968748194564,0.7684409922034048,17.356821902898368,0.6950357512602969,8.054658106963956,6.891550353760006,0.5376354513494433,3.1857824610842913,110.08211121661483,1,female,semi_urban,0
APP102939,4.497038458251032,0.5923117225220579,31.287174902716444,0.5281387912992122,4.752211979373675,9.278776468776666,0.5757513279355938,5.712151905248688,261.2518925092921,0,male,urban,0
APP102940,10.861265804423727,0.728649796068357,59.35673113396512,0.7298618711357024,0.0,23.54160811228568,0.8739696812332322,13.723757103697782,431.2448325317081,0,female,urban,1
APP102941,4.9663662166881135,0.48211904382589243,25.98544065487598,0.7385540325211869,12.836571863069821,11.005997910632084,0.5209985209066585,8.870795215209581,95.1257333703548,1,male,urban,0
APP102942,5.559743590557048,0.8759475553803806,40.948803854970464,0.8799392034185646,10.04590548482868,18.9437638339814,0.4690637807687087,7.419407482341617,241.12261210728397,1,female,urban,0
APP102943,8.702009289165508,0.6420991856714054,47.85284892676285,1.0,0.0,22.872677815532047,0.5324743161651859,8.377428401534482,332.5206406781517,1,male,semi_urban,0
APP102944,9.247922297206639,0.8923234557064402,46.465489855762925,1.0,7.663818109977347,8.218111294564665,0.8655511421331442,10.293348709309491,365.01206067333476,0,male,urban,1
APP102945,6.688032793760424,0.757810105797643,41.478456038879024,0.7145575513408206,11.604597271002364,15.25707023064974,0.2129269116360154,7.554308174596928,310.22894904669556,1,female,semi_urban,0
APP102946,6.028111382333144,0.6039646734880061,20.859499247346427,0.662073047705128,7.110433354479014,14.594030329552528,0.7328833691270881,2.062084039432045,89.09901013680644,1,male,rural,0
APP102947,9.237850208655805,0.7322437317702851,30.93029918638556,0.7889991054894071,0.0,19.152611027682745,0.7973940946577271,6.8894872082718654,173.15730110368918,0,male,urban,1
APP102948,3.5255826448195156,0.7044101647449597,9.140234522079913,0.3748963373219678,14.797857820460315,13.625657032060351,0.4227830948127314,1.0,41.280615372705284,1,female,semi_urban,0
APP102949,7.533088426000173,0.5516457249441535,34.80894782140348,0.5920873246093111,18.276284976294416,4.712264201563459,0.7700725738325745,5.020135903559237,222.62819966395782,0,female,urban,0
APP102950,7.093135884056823,0.5483402503151944,25.906866548832525,0.6999097695758848,8.604963010712513,7.962393687612613,0.5919854377937513,3.180130594098861,1.0,0,male,semi_urban,0
APP102951,8.568995078288037,0.7093760801416553,27.050637309602912,0.7351057716485939,11.434548166672979,16.87554242745663,0.7684534715064572,3.278558632735911,222.8211273189838,1,other,urban,0
APP102952,8.61948394184503,0.881452690241904,45.71039745118571,0.7272879088044896,7.29960801895381,2.881410254826802,0.34348144543942305,3.1568133195668673,41.9089664513842,0,male,semi_urban,1
APP102953,7.20562914821391,1.0,53.42682413583492,0.5854214886907422,10.53571011786315,16.903838118697784,0.3877789942791225,6.07782089687948,254.22195055632895,1,female,semi_urban,1
APP102954,6.515719582489552,0.7190049389484696,29.75708621869637,0.5903297957578129,6.065158355301005,20.92144616693956,0.6569788438734977,7.849538051915143,421.67390432912674,1,female,semi_urban,1
APP102955,6.368956706520716,0.7199515785098194,27.735203344092476,0.9839551044562285,0.0,23.321685254124002,0.8718906708433103,6.907597130858227,386.1676888029083,1,female,urban,1
APP102956,2.394161508536687,0.754461502549334,39.17116241801517,0.4816981479052685,8.071773163656198,10.137185926976423,0.6610945397442655,2.1654769183463043,20.772459535234816,1,male,rural,0
APP102957,5.7704735164055645,0.3852346463182475,28.91391389852322,0.5511553033076657,10.914289455175295,10.617830028813895,0.542947002969545,5.5040128161419934,124.04462319314139,0,male,semi_urban,1
APP102958,7.133556316842655,0.756797670665352,35.97626758501169,0.76136840685604,12.725160608274066,13.843450032967283,0.7115551683043887,6.966698677227138,144.66158278468947,0,male,semi_urban,1
APP102959,7.1804802818456155,0.8140532922582097,41.90763990252387,0.7210422908579701,3.0100901253884587,18.604615705427875,0.9187363106113378,11.817178506109917,416.991710088485,0,male,rural,1
APP102960,3.1604456757502244,0.725213858232183,6.799394066308226,0.7009816310535805,14.059187908309639,7.70060097902689,0.41976065529454065,4.492166136780048,1.0,0,female,rural,0
APP102961,9.793240196923769,0.9431234083444149,28.91550190649229,0.5745799368448936,3.878184917974683,8.939068342923827,0.7804270123709641,4.625613425792803,195.87215687535146,0,female,semi_urban,0
APP102962,8.080460957354592,0.5430674687679338,35.377408145780294,0.707731194880311,16.348996227521447,21.537914858877606,0.46123690839839915,4.347800887678805,135.6450859840054,1,female,semi_urban,0
APP102963,5.076730853886065,0.7230944497191463,25.339243390469356,0.6103978329483942,15.575451551135117,11.208941195652969,0.39896375534989026,7.451815508143291,102.86850969589307,1,male,semi_urban,0
APP102964,5.151257314705949,0.5353946414227226,27.218511630821354,0.6595365786745285,7.3842931307313435,13.837658909469896,0.4711519937070055,2.6466040797774255,300.0072113514824,1,male,semi_urban,0
APP102965,8.207768735125043,0.6959185387733516,33.72624395741093,0.6952876977644297,0.0,17.397697429990313,0.8161096349820323,6.1496718774196255,98.98235715608604,1,male,semi_urban,0
APP102966,5.282407922735404,0.7407471301354439,14.763636945642379,0.6631085546730525,0.7791458515995231,6.6387511155860315,0.47851696610471245,1.5418773509427761,63.61899416561917,0,female,semi_urban,1
APP102967,4.835715958989941,0.5863498104927495,40.50386002065005,0.8368490572782344,13.236605123874106,18.292520676332217,0.6683510393829606,2.118432089049939,306.0359137104289,1,male,semi_urban,1
APP102968,5.156353208536574,0.6400036107598952,27.922660580881768,0.5216621741535717,11.794086895347823,15.953055444613504,0.3845971680336947,6.737057439508189,134.2230197336575,1,male,rural,1
APP102969,8.876217669803337,0.8596059142456062,34.74783480982442,0.6386514182473048,3.5304991683806013,7.947441484803878,0.5826417481766966,6.654687502032807,206.2154528136399,1,female,semi_urban,1
APP102970,8.615479214129508,0.9168327425928154,34.610475770202335,0.6658681608679582,9.724661601708325,14.110072110825678,0.6732541413263793,4.533151006985572,145.8878261478592,0,male,urban,0
APP102971,3.9592361034459067,0.614129110397039,1.0,0.8007833818776243,6.369427511388864,9.578186279045893,0.38842082699979474,2.4395398900774206,112.92388115480244,1,female,semi_urban,0
APP102972,5.903571057169387,0.5985144387372155,14.344670470771359,0.5774944287224829,16.144879077195682,0.0,0.4263684916545414,7.047592382574802,82.01271405698702,0,male,semi_urban,1
APP102973,5.4322741924396665,0.4300325975281424,5.378345526269342,0.7932722780411203,9.724036347740387,0.0,0.12889566119685342,2.6088925989196743,65.9791760483424,1,male,semi_urban,0
APP102974,5.249205090941334,0.9219736567613019,29.816212175935636,0.6805801613380308,3.1490685463792367,10.036881672973259,0.7560167951858275,6.628810143967302,71.95030965313289,1,male,semi_urban,0
APP102975,6.955323447395859,0.8010841746589505,35.66473334796286,0.9335156947883829,5.229410995722329,9.770345088926009,0.6656214182252633,8.277500167479426,233.6692985497137,1,male,semi_urban,1
APP102976,7.209120961830626,0.8607985849281429,44.046221712102536,0.9440191515862865,1.0798545801050845,16.80062532774931,0.6836569023631344,11.697237809182932,261.539261912557,0,other,urban,1
APP102977,10.911485572197932,0.8572175644273902,54.78730783216934,0.9707026702162614,4.7691855035885675,15.657737846942705,1.0,7.187077591969636,276.1237571406971,1,male,rural,1
APP102978,8.517728018557253,0.7000326846715749,10.160597585422305,0.4488112743196979,15.72227466817462,11.68476436961976,0.4640482843104252,2.1198077162736846,228.82077502677728,1,female,urban,1
APP102979,5.124185781309151,0.7317716003934625,14.447762698319558,0.39288128171263065,16.510563765166445,6.338770737176088,0.4676729840075748,2.1127126666032723,101.48779406576311,1,male,urban,0
APP102980,7.295286339069272,0.9189262667119719,41.75691184210778,0.9806981248956607,5.8373785366258835,24.799516136834605,0.6114742902125578,9.153935049166599,263.5542002385968,1,female,rural,1
APP102981,9.625114468583106,1.0,38.89870344514626,0.9619074230105639,4.629860176567934,19.378760740290218,0.9025008487443977,11.374774402891777,412.7936834189313,1,female,semi_urban,1
APP102982,10.100360345451474,0.8214790718756555,24.502514275043573,1.0,2.179129315413717,23.22535597186941,0.9714133669936915,9.23310132494281,308.3342342331567,1,male,urban,1
APP102983,7.27628093369567,1.0,53.65268689899971,0.6481994010186527,0.0,13.051655579943368,1.0,7.278204382033544,258.8166895793192,1,female,urban,1
APP102984,5.964457599720468,0.8044267987790137,40.551368841947465,0.736859258039727,9.802041028182918,9.147297021878959,0.7808644935811486,7.2910174053136245,70.58235939362555,0,female,urban,0
APP102985,6.266701952863656,0.6479875951359461,30.38652728079436,0.5230600693475342,5.249687105047587,13.531445689840714,0.5066626190439243,4.201953323448824,165.8192942487135,1,male,urban,0
APP102986,7.9640045917487,0.5912385408822398,27.630300027789495,0.7729225061425752,9.144632625765043,24.332122604034808,1.0,7.163479341902157,386.90269758895414,1,female,urban,1
APP102987,6.179181916918189,0.6195149646970152,23.198508708607157,0.544678778069309,10.262574135034045,7.095551425252386,0.5040100206133892,3.470750317593428,86.90103393897509,0,male,urban,0
APP102988,6.1419124281071085,0.9465603661157505,34.554408243558846,0.7967405384431926,11.287825629260801,13.13378534810279,0.43459030132918286,5.093527251559797,215.69365767596713,0,female,rural,1
APP102989,8.524440253740671,0.7393659552651841,41.29056506697135,0.8005084419195978,0.13949558209979518,20.825075316401207,0.7805967452355953,7.70931509417602,271.33904905843866,1,female,semi_urban,1
APP102990,6.923906017027066,0.7174307379046913,43.927966951488784,0.7357424371940332,4.445440748603014,13.763749306107165,0.7052195972814733,8.544741944259187,177.09980683487046,1,male,urban,1
APP102991,5.057677781389976,0.7442009167134673,30.588240621991577,0.8716504759790364,10.344318526327513,26.791890548295612,0.5775488138769115,5.356812929803458,109.59987139748769,1,male,rural,0
APP102992,3.5853068229434877,0.8193181039685768,49.06534390801559,0.8694450020992401,10.158200816468666,15.466170697799985,0.6445335114047887,2.3854016530541795,212.43456688985486,1,male,rural,1
APP102993,8.846603007109389,0.6731078983092986,40.64633888824675,0.8640779822033876,8.51624925180314,16.763358191175048,0.7695880195239827,7.797333365632652,240.9916047900598,1,female,urban,1
APP102994,6.257686727836193,0.594137195165304,34.96982946864417,0.82039306434468,6.672037213082786,9.93219551416531,0.7422729509729405,4.581629687945649,355.67194474158646,1,female,urban,0
APP102995,8.839272153949867,0.6946320579777141,31.026130016478056,0.6015281503053783,15.12733970419421,4.279856956830242,0.6346846003412839,2.337843157131468,145.74937322477913,1,female,urban,0
APP102996,10.194377016396132,0.6042666223957357,46.72857350394148,0.6574067257160366,10.671750711535568,14.722692900430584,0.6427110781033004,7.717973796614759,151.808040277591,1,male,semi_urban,1
APP102997,6.344639405658352,0.4316313530611458,39.61666420385946,0.8136785300176199,0.0,20.99973366405946,0.5496039684775962,4.688287645065483,340.0345895686338,1,male,semi_urban,0
APP102998,9.10867766857986,0.8827290003445744,20.842238884397215,0.4623710046868224,9.979170885069701,9.337961103691109,0.3128157362527754,3.227769565428766,166.8993091940049,1,female,rural,1
APP102999,10.048046142303258,0.9485002225354258,33.25090341675764,0.8659956344833627,9.243107067820297,19.690724423378477,0.773606385663597,8.273264449420115,303.19969690101647,1,female,semi_urban,1
APP103000,3.3851087862363007,0.8060468005226391,2.8974035712576534,0.36512936698199944,9.07847289903895,2.455688552840151,0.34883874063664433,1.8980884570904553,70.4448725102538,1,male,urban,0
APP103001,1.851210574438233,0.7460332585627734,1.0,0.6231060358079754,2.515423799330243,2.038202596444469,0.52590147519451,3.4401919250921007,153.85098386185405,1,male,urban,1
APP103002,8.923983153261261,0.861504768044586,37.09283648413948,0.6338247450407896,5.225339740572727,20.156974361952365,0.41372419730875415,2.5031178139778714,170.72366961336755,1,male,semi_urban,1
APP103003,7.242467681965845,0.7684652696559955,27.296446836675763,0.6795797594933197,10.147456931983728,14.37999549469151,0.43852834706700855,5.9149728841328075,206.00750656577085,1,male,semi_urban,1
APP103004,5.606006457549052,0.5360266963612251,14.412499074074432,0.47052935382209155,10.46001040760029,10.426701795849947,0.5564106374321186,6.505528052203271,81.79946460206288,0,male,semi_urban,0
APP103005,4.935479707514037,0.6620649187704785,29.96097917695971,0.47642134351428433,18.481018696553864,10.035606243334614,0.26123894392278035,4.96426672727484,149.62880290148675,1,female,urban,1
APP103006,6.34485884246221,0.6877247432345852,35.24314032384388,0.7914447651653772,14.74327370317977,13.714979909056026,0.7098817650888091,6.663189761871018,357.1059234343365,1,male,rural,1
APP103007,6.123942011695951,0.5239144246832981,47.53792853242528,0.3437659252426684,0.0,15.341989375233426,0.505754133032699,6.626335951184045,278.7568206494543,1,female,semi_urban,0
APP103008,8.643573800921995,0.689073985595468,27.770708916634685,0.4983995209106589,4.718253401664816,10.490136942641378,0.5644856321874228,8.032879266432492,278.7827376950184,1,female,urban,1
APP103009,8.95793973854981,1.0,35.22750511346048,1.0,0.0,24.386053418123037,0.8702546696803354,7.635215199177213,172.95103571672416,1,female,semi_urban,1
APP103010,6.858096012251571,0.5417205168455779,19.815973046087013,0.7770260287462551,10.374692220866118,16.014890018073086,0.6875109393930325,9.045979886523988,184.39253102282902,1,male,rural,1
APP103011,3.9936916411277066,0.4690406539275968,32.86414421626137,0.5619529289700783,6.297585779011488,20.27890365262936,0.6713395239530024,5.3565120358845455,3.2484094759599884,0,other,semi_urban,0
APP103012,6.8060977542880465,0.7666495098482989,39.53064274802445,0.8462827818325352,6.392612827309792,9.563206093888557,0.45714063335704425,4.934403279765589,284.45094331730553,1,female,semi_urban,1
APP103013,5.265335867230569,0.6332871129652908,23.655453714183967,0.6241159129663416,13.896247544410219,8.143005943029967,0.511767627913921,9.091852416647628,189.41665911816898,1,female,semi_urban,1
APP103014,9.022172600322333,0.815783143492264,23.226472783382057,0.686374750234317,0.0,15.082130782314882,0.8721831851119323,2.7225162633136497,222.56784724850417,1,male,semi_urban,0
APP103015,6.294205196138725,0.87483571788085,47.6749014995123,0.6371439497214002,0.0,19.363285071065093,0.6492515479353655,4.1755233850314575,161.6521774633198,1,male,urban,1
APP103016,9.147139566364316,0.9419429194458786,31.04015540949243,1.0,0.0,9.647035438717836,0.9207747169196022,10.737465864222523,446.8979087068336,1,female,semi_urban,1
APP103017,9.575824056811602,0.5604864104112358,36.08129402783719,0.7100039133004528,15.91632397945725,17.143826678763332,0.5195860018090528,6.4546328421043615,179.24562434507487,0,male,urban,1
APP103018,9.33896097721748,1.0,41.08312026438173,0.9642683044724545,6.6605093941515765,23.286329733879686,0.95152189814591,13.025342808617403,333.2553207944529,0,female,rural,1
APP103019,6.788072122244407,0.841247358820128,36.66455964976601,0.8286302238264647,5.483046160655078,10.786897420581214,0.3140986697453723,2.086615921989737,237.3293473640195,1,male,rural,0
APP103020,6.210931158109183,0.5928573900791558,30.764206298770965,0.3220309397773686,5.514610244884283,7.602432743458593,0.6837518312903381,5.494062575974688,138.41545025492096,0,male,urban,1
APP103021,2.7401220600844867,0.5912968954767664,25.270650477412037,0.5172498370184189,15.861785410099543,6.0213506600794595,0.44987474526402443,1.3999883495963794,112.38753204673715,1,male,urban,1
APP103022,9.666262208231691,0.8087687626258087,31.78772872549314,0.8525016461486771,19.92993203974609,11.507966540135946,0.5284992922836647,7.89119726061013,356.7474180845904,1,female,rural,0
APP103023,7.480983031090462,0.5858739760217258,37.901410407583626,0.6486391998373368,9.17805829237941,1.9405552553368182,0.4064649468896183,4.5233967484483815,265.8240720271263,0,female,semi_urban,0
APP103024,9.788260530147962,0.588758156647716,44.90051132631172,1.0,0.0,25.324337768709654,0.7772603734705409,10.36857719664973,312.1445014216202,1,female,semi_urban,1
APP103025,0.5004168518173326,0.7169278680747041,58.221473612012886,0.5371759956429445,17.554316513162682,7.422808846639048,0.5139459459609093,3.617335686216164,61.924381296475644,1,female,urban,0
APP103026,4.483503937099899,0.6617862186349139,1.0,0.7069240683975908,7.301441771404334,5.951362792845468,0.4938974839379025,5.185527162684662,126.6750866288796,1,male,urban,0
APP103027,3.470737320549431,0.2468425491159867,3.080950224981443,0.7244033930284242,9.946541894396297,13.824010955750804,0.33610518722069116,2.1838804316284923,69.05332474694214,0,female,urban,0
APP103028,10.462635546307585,0.895033112756473,50.6014579015469,0.8796587879522139,0.0,21.200906349312042,0.9287152928277206,8.205745516004052,420.8806988050081,1,female,rural,1
APP103029,6.665261009705608,0.8359004894215627,18.20100461227451,0.630141969702763,10.94865483713945,0.8243114747494857,0.41189378820625105,3.834129293586682,249.32299205751463,0,male,semi_urban,0
APP103030,8.643734869852384,0.6016355826977173,44.29641416377007,0.7610989427414496,0.0,21.90305130238323,0.6523295926333851,10.769029235735985,321.5716568921556,1,female,semi_urban,1
APP103031,6.723864794095745,0.7909084123534444,28.18738064007364,0.5436646098695408,10.727590553827861,27.514284330745937,0.7434373663396261,9.703939617429352,175.6373130622372,0,female,rural,1
APP103032,11.461776325592833,0.8207249868669205,43.8633375509724,0.9439026660018953,0.0,24.916587218342247,0.9344526445115809,9.369166761376116,272.7565723362635,1,female,semi_urban,1
APP103033,7.989560249239799,1.0,42.87088655777583,0.8929856537948319,8.672160239413117,15.28478200302837,0.7601608923287339,9.123548440710888,254.7950812997483,1,male,rural,0
APP103034,9.269336060270284,0.8388940206181732,21.930568322366277,0.7799428001213945,8.498987419887914,6.173683327527652,0.5320884040481713,7.587349215256783,106.10297818727604,0,other,rural,0
APP103035,8.113984789850564,0.6159645239935748,36.61372219577217,0.7881572636817799,6.956379190710487,12.879383625377667,0.661097137395711,7.7036122258994695,212.23987077378334,1,female,urban,1
APP103036,9.054986166426014,0.8376360543738485,24.153383019524348,0.9676682221176733,7.589965744471787,19.83107847798227,0.9407712446202079,5.675878727086454,289.4005733873087,1,female,rural,1
APP103037,7.967401059051856,1.0,43.89537439685708,0.7194408229226916,3.864398949786567,27.657473496201774,0.9464605341155613,9.467227109145632,334.0749197923856,1,male,rural,1
APP103038,6.868049857488281,0.4568015811832005,31.000179188598818,0.7770793780571916,9.993206348666025,3.728600744220099,0.518010591468795,2.9535265779317683,207.53214190244051,1,male,urban,0
APP103039,6.165501680572978,0.5818503227266045,7.14132547961553,0.44577655267492444,8.016550056703306,5.931612104389012,0.5266956193323579,2.964489396864247,114.45797618462548,0,female,semi_urban,0
APP103040,8.552353573617214,0.7362271645128284,13.348562768893267,0.6629253233155498,11.972861985506587,18.067274378685713,0.9460423408836116,3.613545461070774,146.16792651651306,0,male,urban,0
APP103041,6.851399293476023,0.5808309839191423,39.40973561097441,0.7960126252279246,0.0,11.44689808346229,0.6849511404538728,6.605447810472279,67.11112546802194,1,female,rural,0
APP103042,8.96628032471246,1.0,29.06465178761568,0.8005199093024398,11.638199174692332,30.35935841015349,0.8468281038394425,9.739786068904705,336.89778830965844,1,female,urban,1
APP103043,8.148134918413358,0.6461290665618146,39.938647829141765,0.8565087412411001,8.063082732913367,15.11095173908938,0.6409741228503049,4.42945414519946,175.83507789391234,1,male,urban,0
APP103044,9.323311263112963,0.5022780972631143,31.510487856321244,0.6855447213753113,5.940857616944852,21.370518900248662,0.7168127897665535,4.000442473389301,193.04024014441208,0,female,semi_urban,0
APP103045,8.99601718106632,0.6526470755097273,28.647274892969754,0.7780386330241233,8.231620713986075,18.48363003124758,0.23245498383901858,10.411134955380653,176.48190682150408,1,female,semi_urban,1
APP103046,8.026962804157023,0.8525948191562996,49.58301084061358,0.7593027487604345,3.1160478870140444,21.267541714474433,0.8724595918277389,8.814091642819854,196.46496572370333,1,female,urban,1
APP103047,4.438227677256137,0.5952109103833945,40.625810716358174,0.6552817691080388,6.586963246130485,14.861513435646856,0.4779059233895552,6.47218781104014,279.6893089257462,1,female,urban,0
APP103048,9.65700035403377,0.8414246613285177,41.445684052779406,1.0,0.0,19.246425670903548,0.6624066220698644,9.134385404232729,270.8511410799361,1,female,rural,0
APP103049,3.682024345276216,0.7070546687850635,1.513824063305389,0.5120439753205246,12.581906072316121,13.228204192626741,0.3433127501313567,3.517975674595414,286.49427421283474,1,female,semi_urban,1
APP103050,8.05222615710498,0.5853077285464835,43.120842301269334,0.45706199388400776,5.275046624398952,22.323090005286176,0.6228476220402556,6.98816206251886,153.27751315927986,1,male,rural,1
APP103051,4.547047977943184,0.4634911512941361,5.615584295804169,0.43350685556916324,14.255717898360917,10.032632135587724,0.40900929276544234,3.003865865562586,202.4976032827937,0,female,semi_urban,0
APP103052,3.6587876835165694,0.6713749894717095,20.498822956390853,0.6536024138951995,18.249671613134378,2.114236970706987,0.6821893785545481,6.309192796532535,98.81853857449991,1,male,semi_urban,1
APP103053,10.297772149264176,0.9879629916307555,46.507445771015746,0.8738983484519585,0.0,25.418470146148994,1.0,6.825370702789637,335.90699934616936,1,male,rural,1
APP103054,11.123210461687615,0.6786313204599677,54.32317632050988,0.9446663876325075,5.2748689281240795,14.689509674097177,1.0,5.1484622092249746,293.0182342606307,1,male,urban,1
APP103055,8.640161598180825,0.8633705062005845,40.12199879021208,1.0,0.0,19.300833724948657,0.8410914758074243,6.362610060773312,401.7788375531228,1,male,semi_urban,1
APP103056,8.682185321466461,0.6929672843945868,18.972476606550636,0.717243769562906,9.505640746575907,19.06539987386808,0.6615876209389748,8.417389651325394,326.5404039955457,0,female,semi_urban,1
APP103057,10.987757854163268,0.8394590653567627,47.421775659535825,0.5067325452816005,6.852722901741339,25.003671604965973,0.8047871047946532,6.403803467736335,320.83662230079335,1,male,urban,1
APP103058,9.619242084620529,0.8662668539486558,45.20925568662551,0.6319268140698839,4.994313356602443,18.257485379698178,0.6323219473989174,5.934341370502093,251.50486584273685,1,male,urban,1
APP103059,5.772671485293807,0.6266399775060091,36.069376730065656,0.7006648764072708,7.820009235074815,23.99752454356471,0.483450518854324,5.210206843637456,354.1138718341653,1,female,rural,1
APP103060,6.505690311259489,0.7151111188177813,39.78518873774402,0.426586171566812,7.091991845018887,6.682233284652202,0.5240987254847256,3.6032800541294128,216.8329988256237,1,female,urban,0
APP103061,6.386708058211264,0.5491460964675812,39.22531518761355,0.5697471061986618,23.593884908181867,16.71050613762417,0.533718600762102,1.3516479208934298,1.0,1,female,rural,0
APP103062,9.851701513587544,0.8153364140652453,25.28855024356426,0.9907690540411991,6.55545872642113,19.490066305759456,0.39838684860268164,9.455344327778679,244.37163950765563,1,male,urban,1
APP103063,6.581512426333956,0.6213899761601434,2.65272396484378,0.6084577398761272,14.708231378316663,8.577572977226673,0.6234121636281671,2.715229721375579,60.0781599287085,1,male,urban,1
APP103064,3.4355121849826693,1.0,41.96671811147426,0.7761255105479508,0.9254418247809122,23.8836039154381,0.735205964187492,9.35401517155538,207.69031829731813,1,female,rural,1
APP103065,7.7769831636735605,0.7869799964822386,39.74306678373631,0.7234808565171998,7.615857341132494,18.68830234665039,0.9415038018730427,5.850829418502606,366.7301508243631,1,male,semi_urban,1
APP103066,5.494470553770155,0.5854437694681799,19.879283795844618,0.6472239467199496,10.650481243243217,16.71954816378578,0.2977196307684884,5.1412321039856,163.98468282601618,1,male,semi_urban,1
APP103067,5.5238379592567,0.6060331634787309,19.063917389391197,0.6897290215032995,10.119940631818658,14.114322126246156,0.5541371454006047,3.1773487147529678,147.86795439103292,1,male,urban,1
APP103068,1.8767618340359027,0.5735363901764119,38.400361193907784,0.7928129472478518,11.5155715778575,13.21246421539499,0.5782083993084176,11.45996241696452,363.0172014563075,1,female,semi_urban,1
APP103069,4.400666356616079,0.5308038651772767,24.955876267560654,0.7207467307809028,11.005907856344416,3.330354332745607,0.4936797147343743,1.0,15.195596146553427,1,female,rural,0
APP103070,7.127808454240989,0.8086467286480177,29.244365326356192,0.8697103761685934,4.304172652573296,23.37085091095947,0.6560676381419628,9.769650889252159,91.32338826283446,1,male,rural,0
APP103071,7.03708795584237,0.8656202283730312,21.066667404001905,0.8062097152227636,0.0,23.456354666268993,0.8491892027254965,7.060371389241336,149.9045080151921,1,male,rural,1
APP103072,5.078959905593857,0.7159769625836573,39.537749017314724,0.769866548461408,7.057224214039544,11.190932665729497,0.6293451332396504,5.0670137264845065,225.10484188487243,0,male,urban,1
APP103073,8.02183776351111,0.719611323009438,38.31489004041226,0.7201759630900689,2.3488034289919884,20.925896090488877,0.6187647180932879,8.45820287557446,287.4473582344191,1,male,semi_urban,1
APP103074,9.279383492938322,0.7436438341143871,51.76694468192317,1.0,0.0,21.515502022035513,1.0,6.476955055467535,221.52701385393607,1,female,semi_urban,1
APP103075,4.725757764961934,0.4577189858247057,1.0,0.47408044236717384,18.93190498273198,7.997614683745143,0.4792190865258927,5.475087386892605,74.26609422037694,1,male,rural,0
APP103076,10.063859743657337,0.6835497938520044,36.60569558931378,0.7693480483697819,10.565929674465687,23.17793750709851,0.5978305408785437,9.058336524609057,256.3439459314828,1,female,semi_urban,1
APP103077,6.922083881445949,0.4947649416386076,21.844085459096277,0.8981560764220444,0.0,11.324624681980598,0.35351993374499957,5.8045069062574814,102.01088143699036,0,other,urban,1
APP103078,5.899976282355358,0.9174951992351946,31.604953591092595,0.6682941454644613,8.28497650467521,4.732615441920883,0.6808320307941602,6.776433423403762,288.64063101383374,1,female,semi_urban,0
APP103079,3.7989868979707846,0.8746255817146757,30.346862943445515,0.4103166159906938,7.446931141776591,11.251829445787351,0.6274311807013013,7.840347486156871,271.65459263789376,1,female,rural,1
APP103080,7.5168832565485495,0.4653764510707805,38.71750143058552,0.7261128098020435,7.882514480878511,18.121623697809156,0.548699280565355,8.417472796193408,232.24036405861273,1,female,rural,1
APP103081,8.041055057302794,0.701451150810699,26.406766802850026,0.8865794475816302,5.469609146140636,9.936722833022609,0.6913255672378187,3.596820798164666,206.15365111213228,0,other,rural,0
APP103082,5.833111485992344,0.7454800966172069,30.539671648539628,0.389537902126478,5.1448448741166235,10.766713376714055,0.6682665410426208,7.592592033920353,219.60696052884572,1,other,rural,0
APP103083,7.548625914112781,0.7083084309797018,12.331188351639266,0.7144694784640611,13.620648017950103,6.05236471944885,0.35522853433789253,4.4638743287258915,312.2263261499251,0,male,urban,0
APP103084,7.815751259056562,0.656016078087055,24.97781482606458,0.6804431629426221,10.524234299206343,15.432777780671195,0.8000125432601309,5.435452112524582,414.792732819423,1,male,urban,1
APP103085,12.07646355999616,0.9924847008626297,53.732560079851666,0.8563509426841005,10.678634744848367,17.5792193419628,0.7841269798369034,9.807447673884628,278.5631134875053,1,male,urban,1
APP103086,8.74827078507119,0.8390978345421397,31.92199321891352,0.7599354167102664,4.201341618427304,23.69829163285485,0.5779913672726557,5.531804510000805,267.4753213930493,1,male,urban,1
APP103087,7.201761914606212,0.9383916813442417,48.898798090169244,0.9627550832887837,0.0,21.746184012826294,0.897626964888939,7.758257011858083,346.11635374007767,1,female,semi_urban,1
APP103088,7.928255985174682,0.5776199825565894,37.20591950697109,0.7198488349720776,13.017831283255719,11.989669462407274,0.7759882527761033,7.112440167238731,228.6562526804881,1,female,semi_urban,0
APP103089,8.093293438285896,0.4884066094307732,38.421613815327625,0.871949749043453,12.77949554049869,17.40779962486107,0.472686393498727,9.737101498885435,121.28296858800323,1,female,urban,1
APP103090,3.9550262922939394,0.6019386834864803,18.63240076239113,0.733910431507122,16.85675229062199,6.297769065176564,0.4898966668835201,4.010725577846228,1.0,1,female,urban,1
APP103091,5.0968146636900515,0.5450789891395997,24.696766988565365,0.7176951673525861,4.648026189991429,13.12878148353845,0.6673917737366438,2.8504737448984767,144.8172024312185,1,female,rural,1
APP103092,8.733573059718848,0.9201579590670137,34.06560103575289,0.7407893441209965,0.4771079769922437,17.82435199630444,0.7172720122607933,4.611784805335802,282.4177748696546,1,female,rural,0
APP103093,9.16407350119016,0.5189268519129855,48.81666342212292,0.9367376400039418,5.852619634704929,30.752550924463947,0.7450516339440468,12.211090677185396,274.40855332308604,1,male,urban,1
APP103094,6.454208944613547,0.7449879545793296,19.118063250626655,0.940205599099128,0.0,23.983539390167298,0.7718228147293446,7.036870629894352,197.95954568427993,1,male,rural,1
APP103095,5.131365349482769,0.4575839795851634,28.935267032259173,0.38322517476609075,11.711104679626084,6.006201810793369,0.6032408223072421,1.0,41.68995118909121,0,male,rural,1
APP103096,4.301558032919372,0.5339466623885878,14.541089847702345,0.6296881247629704,26.599439796473117,13.659472700018569,0.5661265883723984,1.6665246436227417,284.05967049182135,0,female,rural,0
APP103097,4.571156147321176,0.7288021414688073,28.20451366866863,0.6753079969453158,19.007438381901554,18.77090345029386,0.347866424549026,7.381006433364693,97.09790298922702,1,female,semi_urban,1
APP103098,8.507275320184943,0.8951320160847025,41.43607361615565,0.8146064680390099,7.214067736294748,23.083419297581386,0.49810184047834893,8.939612614452821,279.88282731548617,1,female,urban,1
APP103099,6.803049028128432,0.6545387021350801,16.873699759950266,0.4622585728632106,9.63843308003916,6.286054061999327,0.19465564501025984,4.466230337429058,53.92168450252062,0,male,rural,1
APP103100,9.215410157145735,0.8401358151110213,19.283490601500027,0.6613908196860494,3.447301229825531,14.37134493061347,0.4798779019843247,6.471745844786885,402.6643893141693,1,female,urban,1
APP103101,8.38181903606746,0.6717172187696627,31.28739563512806,0.9104729439108469,11.66834088728866,9.496569756257454,0.5335318819314443,3.7432142016023895,72.00337509632021,1,male,urban,1
APP103102,8.225004200855233,1.0,40.87057551431231,0.7319877354932162,13.56892446511715,18.639644408840326,0.650524193477741,3.5203736759166273,176.82668743782287,1,female,urban,0
APP103103,8.50288279033886,0.9486760157806291,13.210606797876316,0.9422528001833631,4.020387278233537,13.98128517098202,0.6909315568331637,5.143074782844739,242.73358981832112,0,male,urban,0
APP103104,5.618292717878538,0.5512234906948982,7.814097497846138,0.6299284256551413,9.285235752071467,7.717490285189985,0.5174513977083758,4.203969858784998,145.1834533354432,0,female,urban,1
APP103105,4.244850685098269,0.6062974078067015,32.3732151094778,0.4727748259467717,10.999561457197032,14.461512515560342,0.5512446665587986,2.169465980063437,252.6183983788698,0,female,semi_urban,1
APP103106,6.252720211025815,0.6907743683819266,40.76380979680674,0.7994381893981725,0.0,25.472489433339085,0.8724589575382611,8.780434881805972,328.74844288816644,1,male,urban,1
APP103107,5.994544883066361,0.7481825435059478,32.41930998132527,0.5397107864137436,1.4289775278132373,16.555393726063123,0.3906052061458848,3.8736182164932838,138.46663583312875,1,female,semi_urban,0
APP103108,10.080897163141309,0.6194665620243602,29.051670336397493,0.8894862360330589,0.0,17.737130048979758,0.7816650145796353,4.001204082163486,283.7180644948552,1,female,rural,1
APP103109,8.333666739687448,0.5628114237285259,35.467909960641364,0.6727312954341614,11.38681928162205,13.968284199321445,0.675917458633843,5.626164336984157,176.91692894209154,0,male,urban,1
APP103110,7.570654013608805,0.5209264204277799,31.113815243036456,1.0,4.248876017670514,27.991391430310074,0.6431365420228976,10.442071934505975,274.8944560719449,1,female,rural,1
APP103111,7.097381452172653,0.6413539659539138,28.730408244625675,0.9413289859285585,13.644395889181522,16.996162251547005,0.7315089141815304,9.008180832944955,298.88692360422,1,male,urban,1
APP103112,7.627251655082292,0.9417913688768593,24.32204484628233,0.5570354077754539,0.0,20.072554797685633,0.8084826112395802,4.417955336446219,291.02495011445075,1,male,semi_urban,1
APP103113,7.103726480830639,0.699609999629691,30.398244310474457,0.6810564611060097,0.0,17.444109523457286,0.6715435552207529,9.295882801657088,366.8967343506274,1,other,urban,0
APP103114,5.414800114894123,0.6334999983328811,15.009277336214623,0.48499582554823684,12.101257454079946,5.25312698639346,0.22225122595946434,5.32915236606355,210.35470682655424,1,male,rural,0
APP103115,9.371028919650122,0.7592233039410404,39.13305752074676,1.0,3.0273707222651227,17.827353669181626,0.8164419658045274,5.1079799880724135,303.1494692806357,1,female,urban,0
APP103116,7.237580126288183,0.5673937138539734,35.92745789744298,0.6788986357564426,3.382317911144769,11.510370851111556,0.7061646955699878,7.716212021973573,1.0,0,male,urban,1
APP103117,6.4092520466171266,0.6427940545443167,18.80434523578388,0.4591094249366854,15.198718063144725,13.922143178454832,0.6342881460030838,7.490792357132268,168.97400978767044,1,male,semi_urban,0
APP103118,8.461637309820684,0.9085660910328704,47.65449216845167,1.0,2.6096793999895986,15.074885164075509,0.23516238650010335,4.142196058547891,301.89831182207854,1,female,semi_urban,1
APP103119,5.62346172689624,0.7569922742809818,21.427548368670124,0.6284728482033943,5.435156738380696,18.506237817604415,0.5840321896789589,5.358292190519351,262.20188800925433,0,male,semi_urban,1
APP103120,7.898850963126877,0.8957927374469954,34.06327781351567,0.5369224314986286,5.0321663268297545,16.68803867761595,0.49628162349298743,5.892010435609752,382.7576701252893,1,female,urban,0
APP103121,9.522077569733293,0.9515266084105007,29.423400747507564,0.6208852895897773,4.886158894601171,12.36853594175201,0.9213968187468237,8.490112675679192,308.98805924799143,0,male,semi_urban,1
APP103122,10.00879458934902,0.8527056716542019,42.222266347212596,0.8064605362209329,9.558576541803484,16.21245563788684,0.5508933748656988,9.986403004158316,137.82104987146556,1,female,rural,1
APP103123,4.837686502679113,0.5636222099902097,33.79087828146314,0.6988177858790088,2.97802378709883,24.56080588088303,0.8351740280521015,5.559345285695367,233.45072178305674,1,female,semi_urban,1
APP103124,3.9534840491689875,0.5971387558070997,38.407880826272816,0.5419535532290685,8.85285292187362,1.0726771856118784,0.7288762366127213,4.3908040189029816,243.95276227883042,1,female,urban,0
APP103125,5.264964976490494,0.8678408683735426,19.86042312434221,0.5151250695293452,18.07774583104576,9.737585481015524,0.5308493861069083,4.453072462073996,60.74842397143481,1,female,rural,0
APP103126,7.483789869887207,0.6684591774182519,1.0,0.6444627918139784,21.417071854293518,6.013867472153072,0.7219757895807012,3.95772408821117,111.04731886265867,0,other,rural,0
APP103127,7.336474180738197,0.7136154550867039,24.473792298533148,0.9083678702486774,1.6902877263519374,21.207980701702937,0.49142735886874794,1.3903388240308292,267.8339241604778,1,male,semi_urban,0
APP103128,8.641528368496003,0.6124117159023263,49.37910257968666,0.8215731601489464,8.205834647113932,21.151827094387393,0.5869672121691872,7.862167338677269,238.56941843495943,1,female,urban,1
APP103129,6.935188199860846,0.8179849420724103,38.60342396495794,0.7886922518525418,2.439797874522268,22.51475574543178,0.952984433127573,10.60543394227506,404.5496124643891,1,female,urban,1
APP103130,3.4017474604893576,0.6247712837158746,1.0,0.4852158879724685,13.899995652730981,10.452923483432825,0.28067205853044275,4.4936979541469855,87.08083500319248,0,male,semi_urban,0
APP103131,1.2062413380561994,0.5355875096908402,19.495777324269135,0.6529872244114996,9.884468343167079,7.890890863102344,0.24282832982613853,1.0,1.0,1,male,semi_urban,0
APP103132,4.529234570376779,0.471624374388784,21.69839358892274,0.807732531351109,17.045433349502346,7.507152373459153,0.41371946299867934,4.204938450771181,99.88386828399118,1,male,semi_urban,0
APP103133,5.582645028942351,0.7788236882383711,33.70185535598517,0.6964817726398719,7.254864015755473,18.10228541958185,0.670093455897667,11.504167175583245,263.19607505427007,1,male,semi_urban,1
APP103134,10.056691149773584,0.9492870375032725,33.878700531155275,0.9714438260411622,18.146414454955828,16.72108906365755,1.0,12.47149899211892,315.9086055662348,1,female,urban,1
APP103135,9.316447896311448,0.7991148348628387,21.432334795453485,0.676899426471004,1.4314334838795428,12.627079915718827,0.7649884621673271,6.936818921689415,244.9382335225539,1,female,rural,0
APP103136,6.75507585469205,0.7497134084692955,32.490360690757576,0.4471742715888165,0.32419281254126986,13.532091750831336,0.5256114772143302,7.359869399619909,100.03643757167272,1,female,urban,0
APP103137,6.169597112734911,0.8620294391257532,39.1967351451826,0.5595490508997788,14.917257625121087,10.334349312977773,0.6196663777431102,5.932693021154934,297.447612780883,1,male,rural,1
APP103138,6.399014796365855,0.4449085604811225,11.354923257615752,0.8377846301069372,10.457833197065323,16.26647443494346,0.603753491745739,2.200461999138346,197.69498970953362,1,female,rural,0
APP103139,7.634614619360396,0.5972467484569889,16.980056417791783,0.7814472848810663,10.742207032096863,17.55407768015122,0.6486246425557793,5.10255105119399,139.95149092276938,1,female,rural,0
APP103140,9.758874970720818,0.9965525696638805,34.94138660347083,0.7930330014942085,4.168906223763246,19.656493030689816,0.8640757436876917,4.655259306923739,397.8943822830187,1,male,urban,1
APP103141,9.020075936879245,0.6770350988931542,46.066206644811416,0.7113732989885496,0.45967125399066155,21.683426278228218,0.5275623587485433,6.6341638516900305,127.8176212202717,0,female,urban,0
APP103142,5.1319942268189305,0.7705970223116743,32.09543049826365,0.37212682140783265,12.539902625926924,10.5286260976597,0.3394730734696866,7.340854098791012,136.64089400346086,1,female,rural,0
APP103143,5.2181065733313305,0.750112117450278,25.926736431217467,0.8036752652386224,8.707206312142674,10.404890877961396,0.5536966416141813,6.791734769601049,1.0,0,female,rural,1
APP103144,8.440986356628791,0.9273028844083568,40.09431776818281,0.8367888802524135,9.758575365961079,18.248677833280134,0.8263182941812907,9.475177842478601,391.2717764100758,1,female,semi_urban,1
APP103145,4.98640326374162,0.7660712260604099,45.39653005629608,0.5578930099261616,10.239988934380246,18.350000071068635,0.6524657383700159,7.069673227455402,262.5161649978714,1,male,semi_urban,1
APP103146,9.421819654901107,0.7680336217113033,22.418016983665463,0.6826376246324823,14.975062115029175,8.145757996728053,0.7199641587246289,3.8811421149609506,151.22387245667113,1,male,semi_urban,0
APP103147,5.965116146569087,0.3973404964434607,30.11777170572497,0.4232577173542695,11.85768397326319,13.883048459774535,0.6253793455115894,8.65040541458401,136.2569505509612,0,female,rural,0
APP103148,10.036179889207165,0.820706555203117,55.18998404129337,0.9388260363351066,11.971017202309069,18.190335059987454,0.8302707920913275,10.781982254248668,340.0230764926864,1,female,rural,1
APP103149,7.140263452650832,0.8624539788446375,30.08633681297789,0.6250185274357404,8.938704118979715,12.408955527295088,0.7954944277908804,8.802548865593815,345.28704593474754,1,male,semi_urban,0
APP103150,5.584151893840051,0.8043636921787253,51.85413970095791,0.8429689839067391,3.237239826374098,17.896356171668643,0.5165261938812493,7.254066666820613,228.7325931972257,0,male,rural,1
APP103151,7.91940769646564,0.7830559117635606,36.23528160772445,0.5355965377152582,6.798945085303892,7.465941393528508,0.47365593793956157,3.2060085370422287,185.8896238767803,1,female,semi_urban,0
APP103152,3.0632839590089143,0.5263974682821689,18.98219430935245,0.20135269965157704,9.76866263381304,5.861540405699964,0.3064157905055899,5.158516400382565,133.27923971718167,0,male,rural,0
APP103153,6.704649978910986,0.5633078312863828,20.649230982406905,0.8130285834070298,12.854236076633011,11.999759788110566,0.6394407388866735,4.2947561723055845,1.0,1,male,rural,0
APP103154,7.484070622212606,0.44210164380787464,31.27777581227205,0.8690984137590242,1.76320036729242,7.6996106264856445,0.48120202183473093,5.916669802037408,137.25142670373168,0,female,semi_urban,0
APP103155,8.398001791460365,0.744860014006868,35.27744005687422,0.7432631076836901,5.772355179224874,26.584575945676733,0.7695468330975295,8.94748482708541,313.5484196972623,1,male,rural,1
APP103156,6.070493013177986,0.7940225331864132,23.556497645336513,0.7847164593691885,3.2584356266678736,19.887785620200535,0.6459373887852128,6.748759046799091,333.4150693889782,1,male,semi_urban,0
APP103157,4.151468162440411,0.639212378261017,19.578251061148702,0.5939204315704981,7.857256985975952,3.1027823004130255,0.5213251859530156,5.60121113573953,201.1123892999418,1,female,semi_urban,0
APP103158,6.522052631500192,0.5532640874558477,25.447530230126183,0.8666080831122682,0.33171003847578273,18.061460683662713,0.5494268349180871,4.622926830727095,147.1362163516411,0,other,urban,0
APP103159,7.836148993197018,0.8511242659062356,24.34874882629021,0.9555184590070885,8.762149847834971,16.92021949292397,0.6862960531929239,5.631183084012576,281.0664216991138,1,male,rural,0
APP103160,6.476461796001932,0.461779637147517,18.460831490455337,0.6839553263746303,15.040877698268599,11.440704380263622,0.3745069251168378,8.434983880033364,233.94109713555875,1,female,urban,0
APP103161,7.79455754580263,0.7369385251690991,21.307372604987428,0.73335102053536,2.691441804542581,27.154795993140155,0.5742404434724355,8.896321737750629,288.47893681161247,1,male,urban,0
APP103162,8.760401850255654,0.788872813271249,52.262294577944544,0.9851571038808244,0.0,22.516447964026504,0.8463546659790928,9.089817124018179,158.8608251242999,1,female,semi_urban,1
APP103163,11.608905248350444,0.8591160424866859,36.40418998775662,0.7691024287947454,20.393170146142175,25.77132496617541,0.949810188369208,9.528212777798473,234.05475962586289,1,female,rural,0
APP103164,6.701636477785802,0.8244267047656638,52.91682784303874,0.6892718344386052,9.727941321578799,13.842587726778952,0.661654129855246,8.11083391808028,302.4848005160282,1,male,semi_urban,1
APP103165,3.3329692465937004,0.7116878760978067,19.452803322577108,0.8067027179303236,15.81165538648457,4.595630941678463,0.27081974174487555,7.132594877309961,121.26104139734096,0,male,semi_urban,1
APP103166,7.044200175043333,0.9877179685776822,26.937303120670578,0.8176647591151692,15.74923838063351,23.97972404815469,0.5221429291263106,7.8654516409522515,23.186680054754135,1,female,rural,1
APP103167,4.076018878511516,0.5905505288422038,5.732112061731977,0.25548881010941804,14.381306206793333,4.383852954732221,0.38081653301895213,1.0,59.63889696225102,0,male,rural,0
APP103168,8.386440794480855,0.5961691950281485,28.830694734388622,0.6029552131384455,7.931504397412713,8.296318937578746,0.9086958053580514,6.130146228032328,113.24337908212415,0,female,rural,1
APP103169,8.271394879057318,0.7893083672424873,32.26010350188071,0.8613126625861093,14.073776580955581,15.768778391667416,0.7334346475336152,7.240211607834622,278.2857297949497,1,female,urban,0
APP103170,7.997498412856155,1.0,43.13692754663355,0.5619170645925355,12.521056507547819,24.497250478808212,0.6164464927462059,8.20716373730279,300.8541680681851,1,female,urban,1
APP103171,8.36960924170222,0.8397245440725444,34.38480530817143,0.6584927136850378,9.631361205630869,13.246051774509475,0.6804013172888081,7.462968941791041,288.0323677770692,1,male,urban,0
APP103172,8.41490090932809,0.8879641938225719,55.089090677267194,1.0,10.79863396705209,17.096980283249856,0.9432829659364874,8.05169252209841,211.33889842265054,1,female,rural,1
APP103173,9.056753843107302,0.3877247833708922,27.970685218213763,0.592943824281816,4.369495068236315,2.0656165851127195,0.5223951630485448,5.373275769993716,156.89638852827636,1,female,rural,0
APP103174,6.534103601040355,0.7016356908634199,15.055981246222434,0.8239584568596441,8.686515421426915,9.835997473267442,0.5452485844626502,3.4297024026530725,160.15103012435296,1,male,semi_urban,1
APP103175,6.098414665788059,0.6677993618316387,20.005418759187613,0.9590723270989627,16.239003061881,20.386098562600516,0.5991868590792697,5.247090724799551,298.22832513881747,1,male,rural,0
APP103176,7.086305044139672,0.5838848303156279,34.07929505484128,0.5728668901637874,12.515096671806752,10.373466370429023,0.736789343084268,5.209738718862986,151.428174530921,1,female,semi_urban,1
APP103177,5.812004830591085,0.8793206642775906,36.25686255730845,0.970456589456776,0.0,17.77388537757117,0.7995255761838649,9.844426521232748,278.853771356082,1,male,rural,1
APP103178,8.150381130696687,0.7962519267163877,43.14455850236995,1.0,2.545997291622326,15.117274614850407,0.8807890270900766,7.0973353920093745,356.50551669234665,0,female,urban,1
APP103179,7.6073855654915,0.5375353386233721,32.76386160305928,0.7165220998836263,18.112989319524647,8.511300446949525,0.7234082663182975,6.829643092520688,232.27331649168025,0,female,rural,1
APP103180,8.870695412669274,0.7927641796555522,45.00193716795518,1.0,8.018774205144917,22.04830005514718,0.8226417499335589,5.369635954468877,300.3049943694118,1,other,semi_urban,0
APP103181,4.903841223302579,0.5043774125191048,6.044170444747692,0.4386667943159668,14.84542988639191,8.418910923895378,0.40436956483543085,1.0,224.941667512494,1,female,urban,0
APP103182,8.17608011447277,0.8188472565852194,40.42804003617748,1.0,8.587955100919336,18.53877614958796,0.45708147455284026,10.203316882259948,408.06784995588043,0,male,urban,1
APP103183,7.171316181288149,0.6352316503878577,24.324480567327978,0.6162334505438947,11.043853184991566,10.196931770198294,0.4927731667151627,2.3869023781956082,246.58017187900444,0,male,semi_urban,0
APP103184,9.472660958892655,0.7787092270237528,25.93015448052645,0.7009888035447046,4.5975601712692225,13.016728895320105,0.5776150075361844,8.647169322331063,159.479717949238,0,male,semi_urban,1
APP103185,7.829268840734873,0.8574471946563784,29.35449848348031,0.8328624780054704,3.463191132451649,11.645123179198555,0.5463208390254746,7.427959349397335,292.70296200248004,1,female,urban,1
APP103186,8.013668399826617,0.8824324157489256,43.63981090471627,0.8198688969564605,9.580006575032229,22.1210907940455,0.7380810905351388,6.419255926463208,294.31279792990415,1,female,urban,1
APP103187,4.0776195537245306,0.7356141770795769,26.55890425914125,0.7534073752118796,7.909287706133655,24.771356121750852,0.7675438723672201,6.464595256633797,186.78791536160026,0,female,semi_urban,1
APP103188,5.754164812140035,0.20608823560610268,16.740022554000635,0.5942967432412863,17.86582126611072,1.2526735132117741,0.33048719063630955,1.8186314568331872,7.643921073323426,1,female,urban,0
APP103189,6.022497010378617,0.6603720817341023,33.95417892523012,0.3225668865019885,14.817494000203425,4.075727682528951,0.29791925549053055,4.379017507492434,146.71924831877135,0,male,rural,1
APP103190,7.0186827763294595,0.5491910743318276,38.37872257389512,0.5894285880658113,15.53429738793809,8.619840016924535,0.48866248120498956,4.184736804972719,273.0005294521515,1,female,rural,0
APP103191,6.855713587143408,0.7462503816239403,36.14660691475253,0.899980771319105,8.201700624137265,22.116942715842985,0.9775344244631043,6.83068849060213,378.5285685763392,1,female,urban,1
APP103192,7.64028796246196,0.701827711619042,27.496785831518537,0.8131715600452172,14.002074779596771,12.09781814654555,0.665024367947832,4.848909364048619,230.29826662152274,0,female,rural,1
APP103193,6.432419611699747,0.8878393035981449,23.52901612257006,0.7649547250431445,9.260441946450129,17.171231684686155,0.4911960720334263,7.961340621698305,252.56751986214988,1,female,semi_urban,0
APP103194,6.457831455223832,0.9436460616703872,21.957823658420207,0.7295904291623128,4.407363256300543,10.825041782097266,0.8024726939865083,4.523726491056391,166.9451686363737,0,female,urban,0
APP103195,6.594712133445584,0.5403969247824842,12.700207148153549,0.7612534447100961,7.621626673778222,17.020162644902232,0.5872306764900372,3.620287593348633,213.4219829425963,1,male,rural,1
APP103196,7.843190148401754,0.5138480732891975,33.521572628148476,0.8813007057142324,10.55663383016654,14.123198528265268,1.0,5.135121588806147,83.88030740653298,1,female,urban,1
APP103197,2.4315149338568793,0.5591551054048285,19.751762018379967,0.297650520701229,18.027950121381576,0.0,0.4521797438286577,2.9400092096208654,118.5957146999658,1,male,semi_urban,0
APP103198,9.495207105545115,0.8464561172846239,39.19984101927407,0.7724323499442822,11.401921419912812,25.119088896027176,0.8724427853551161,4.658660196477774,331.42346406604076,0,male,rural,1
APP103199,4.519994353225811,0.4264737442072417,12.834719379284701,0.6089351542535267,8.963968641070426,10.15662996373939,0.6590371734504425,6.5297328523595555,312.346146253929,1,male,rural,0
APP103200,5.510702952392256,0.6668034505598868,27.897735831724425,0.7198240928108174,10.20470463069167,11.9132002702638,0.8345140067118159,5.425181012637832,183.3975050210434,1,male,urban,0
APP103201,10.04205556897935,0.9039108417048618,53.70281866395171,0.5371188496208521,3.354435902459452,22.12043889866909,0.7269987216698689,9.152026144799589,402.9242656888573,1,male,semi_urban,1
APP103202,3.883034575060297,0.407182392786738,29.23328014258327,0.41455925960708445,19.911882420618475,2.3644254043574904,0.7245643420555872,4.272471730639191,86.08498608650154,1,female,rural,0
APP103203,6.443826180076816,0.4253896964177711,18.417231832103617,0.5814006219784934,14.272030276275915,10.88249077205601,0.3996529979169589,2.156826486740988,268.66608726469997,1,female,rural,1
APP103204,8.015612039369799,0.6609468065160915,55.655675731302466,0.9417382541830087,7.962993176393172,14.899486735871672,0.667746615084171,4.987018225686765,383.6315583735904,0,male,urban,0
APP103205,3.434484193852377,0.5952875837933198,50.42856580184356,0.5801614568523592,10.372269604775827,10.575805278321486,0.5602464119532284,3.1415747874137825,257.21966604628125,0,male,urban,0
APP103206,9.205692733571304,0.8146943229397567,26.15244759124007,0.6368899075988386,6.503705352975822,21.226398523010896,0.8013128143279395,3.199912933036096,223.36945226084993,1,male,urban,0
APP103207,6.752783067870974,0.6035213974287602,23.265567180151372,0.7508554528035953,2.4193788820556827,15.835648154829546,0.5410850458729597,5.746375925277503,154.36891787630753,1,female,urban,0
APP103208,9.029482167232405,0.8041837484635157,45.563073202801775,0.7836613568398394,0.0,18.91240317693907,1.0,7.592217977553041,248.52662608768216,0,other,rural,1
APP103209,6.671504997318404,0.9143027766320782,9.834085517274094,0.7191828851411168,13.186058736056625,8.363386807877168,0.6956876954075975,1.0,30.486577656982362,1,other,urban,0
APP103210,10.326515134028927,0.6283990587439865,44.957446437709024,0.7726274382452945,5.756149737698728,5.789432589112771,0.7457465123224795,6.2039002400470205,305.9720618075179,1,female,rural,0
APP103211,7.925430791503218,0.6436436868834087,34.758019617688944,0.6045094046301345,7.466372728871588,12.970175474949219,0.5570829573899709,8.136125177284024,218.84134444246916,1,female,urban,1
APP103212,7.306028132627334,0.7603864744025192,29.99696778816859,0.8915967273746848,14.153386250212899,13.769293021622966,0.748509218598559,7.7595085068648775,213.4460319378603,1,female,urban,0
APP103213,4.72136461957162,0.6591788602462794,7.233135897882949,0.6979330691914515,15.080662187013411,1.7277939997275982,0.09937107779867355,1.0,83.51453270798537,1,female,semi_urban,0
APP103214,4.873258345081686,0.6547241247225128,12.448325861342543,0.46074507124462294,10.02080319127956,2.993036704993253,0.6268241231692454,8.17285749356585,32.74037766223704,1,female,rural,0
APP103215,2.039758642472467,0.7990060084358124,1.0,0.590474022057388,12.981988354539205,8.783792254641108,0.3110031341613646,1.0,176.2608449942889,1,female,urban,0
APP103216,8.150413372746126,0.8028204091701193,49.81599066911522,0.7381018646732622,7.28746336424765,24.292323171993708,0.9074420864839099,3.6945145597019002,260.04979976908027,1,male,rural,0
APP103217,9.792663915693018,0.45186825878860787,43.760007448826215,0.8721789067420336,4.4100566571707365,13.807203747835244,0.5024826888507101,10.480589232912811,323.8110338209161,1,female,urban,0
APP103218,10.296081001834347,0.8759547902369612,51.2600794033782,0.775227848995893,7.672777453880894,27.445323255443533,0.7524276261623986,7.146436616121876,226.16966582659393,1,male,rural,1
APP103219,5.838586397333234,0.6436672019719,36.12158861158217,0.8887554191526157,6.917614140009464,20.089765949612726,0.7523650512858244,9.633960564497455,163.2337689145312,1,female,urban,0
APP103220,6.774307823390732,0.7827734666565663,1.0,0.7638446402343378,13.626251928988976,3.8759948873087726,0.5842439482941502,2.17424194049903,81.08862653331654,1,male,rural,0
APP103221,7.201190001257931,0.8890532615684168,26.481356924053845,0.6328031976168292,2.364577522909724,13.579546336323007,0.6115347082256546,6.300983942654246,265.1312971880876,1,female,semi_urban,0
APP103222,3.9539899318207916,0.46768163290179504,27.991362907024456,0.7420571775499438,13.109646086385435,24.322275827130873,0.6078503189729905,3.512478587473585,205.28013502945208,1,female,rural,0
APP103223,8.964210950494795,0.9317047247195323,21.81066784124581,0.9401963927866588,14.174332843021997,10.87273722004954,0.8293417081909151,9.138017959367444,354.6592430040141,1,male,semi_urban,1
APP103224,5.503216954265604,0.8356576913468301,12.592507793074457,0.5688922020568818,1.3679259365961283,11.692525223516494,0.7944600011397628,8.175196097105273,299.1800834682728,1,female,urban,1
APP103225,11.144677666850933,0.7495696877798138,29.067882150057983,0.7351948913403401,6.56608015534056,29.740694963496523,0.7200345665915894,6.643800999841066,217.89607214959221,1,female,urban,0
APP103226,7.509658748426814,0.6074336256805202,23.219421371158187,0.7333605995191779,10.288447807317048,8.115649013662022,0.45793010850722227,4.234225200991996,414.5638546940471,1,female,semi_urban,1
APP103227,7.161139538667724,0.9423491194479757,33.51102051017379,0.7386095141782727,8.246889462582715,23.44108269857603,0.48655027541169105,7.994636856624354,227.50796917963638,1,male,semi_urban,0
APP103228,6.888795776999688,0.3509236131916232,34.27376438958515,0.4286904851018139,12.127704250111218,7.222437183955777,0.6213584934139751,3.9901799234750697,286.1978957362671,1,male,rural,1
APP103229,10.136124648937695,0.7334928207862903,47.63327781166005,0.6394855689203036,0.0,14.025493581856717,0.7302482554084705,8.062104607236028,159.40158485650872,1,female,urban,1
APP103230,7.976576459351051,0.8291158387751266,33.71701061655339,0.9477085129910988,13.018780166280603,18.68482173714288,0.6290839175621437,5.090384922360789,240.05345914783615,0,male,urban,0
APP103231,7.276739788854275,0.6813223621716875,27.761141671493103,1.0,13.749962626596226,12.394136607580483,0.5045372075950493,4.853626126377415,291.46215178777544,0,female,urban,0
APP103232,11.534448413987406,0.8105676334831352,49.20756965668488,0.6444908449391596,13.655684040461171,16.167739638437236,0.9347044332265211,3.1019531032199748,84.6504804242339,1,male,rural,1
APP103233,7.706698126974032,0.7508282878529601,17.362595383916783,0.6277792362030012,2.039460539790112,20.48993677852197,0.3786833194235478,4.1196766786699826,393.739040524203,1,male,urban,1
APP103234,7.7322709616195695,0.5730306917633,8.368861413638843,0.6457643614675234,8.172855860070882,10.021863376976981,0.7700296944688599,6.9898303904597645,132.66002055380523,0,female,semi_urban,1
APP103235,5.546735942038622,0.5753825457630295,20.83910025111812,0.9916142426071264,5.419624210674636,26.038627410090832,0.6784280894288823,6.405636620730559,176.13371466933415,1,male,semi_urban,0
APP103236,4.406106466765559,0.8013350411173928,37.63098306993039,0.8451779127569887,0.0,19.915904654366173,0.7134838833801705,7.522332924795491,151.44384063324753,0,male,semi_urban,1
APP103237,4.735451608829773,0.4824543276194309,20.688532800734595,0.8071493983951761,9.17395214427482,7.104105508188093,0.3792384864757783,2.4305102776491316,67.30732624779304,0,male,semi_urban,0
APP103238,6.260088035209206,0.418144586484398,13.93161839657263,0.8149879566839604,4.440348848314496,11.167472229486158,0.5606772171720859,1.6540265611950198,123.31351499025745,1,male,semi_urban,0
APP103239,7.688466940832981,0.7313312413727712,23.896484031360316,0.5416882396826077,9.218631347430623,25.20717559863349,0.7102168779606378,5.26680400839706,112.2701205476487,0,male,rural,1
APP103240,7.138282604356105,0.774233731822555,31.192800042195334,0.7527682636455229,0.0,20.78572441594915,0.8261219822809527,13.099767411094653,391.9083550636178,1,male,semi_urban,1
APP103241,6.227090880512127,0.4025390743697238,7.001392285038795,0.48827998312719517,7.218072232264364,6.759472195430908,0.23394220445846764,1.7184572455349127,132.17636130037542,1,female,rural,0
APP103242,5.805031611869785,0.7141361081558697,45.814237135124635,0.6504995387048959,5.284589553833296,20.899526656914965,0.911092667010374,5.994623996350214,200.08408838614244,0,male,semi_urban,0
APP103243,9.375693868605072,0.912597666313946,37.34120428957755,0.7329483757710689,8.438085687878623,12.872519290597992,0.8694123251038196,3.1229847398196906,374.5775697490875,1,female,semi_urban,1
APP103244,7.413380170449027,0.6370885393742829,41.76176356029045,0.5665295529878558,24.19656368560732,11.311640642909666,0.5727714757572544,3.6415724461334182,319.5278747831916,1,male,rural,0
APP103245,5.447961853874049,0.4761455708536705,15.347209148763348,0.749165461175521,11.75259029995745,12.224881170041378,0.5849657178915595,3.893763372292314,21.656996044757506,1,male,rural,1
APP103246,6.409748360925006,0.8293023183156265,40.044110688239385,0.8095302092375384,0.8433335308046086,14.33302036176569,0.9738504340961411,7.804328496872589,398.89398228339064,1,female,urban,1
APP103247,10.085211748371819,0.9065893087978932,36.88925323694388,0.9656970446477912,2.8084461848275026,9.73779731785478,0.6027354999554682,6.390422697036857,246.4015867264237,1,male,semi_urban,1
APP103248,10.728373802518783,1.0,53.31084969640981,0.9442011718537894,5.6459438612870825,23.408854422389243,0.7063489016872406,6.188174276953193,209.36604631440247,0,male,urban,1
APP103249,7.408263185657963,0.9282965168656426,33.62727715746137,0.6370809329498874,0.8492806830096793,19.041899289720345,0.7925364442147358,4.912582927263922,256.1585580219367,1,male,urban,0
APP103250,9.868466672001588,0.5935845765689836,43.84578409161558,0.8032061697088562,11.93000477807676,13.824139349317923,0.7748889509435606,6.479821558702015,232.76869862047582,0,female,rural,0
APP103251,6.448429166981334,0.7836148494487268,31.483195611206327,0.44756867410593026,10.945462917426688,6.846085615289841,0.4421452820440483,3.1057137618726283,253.62550417902258,1,male,rural,1
APP103252,6.165783141283377,0.7449148518703298,19.666544840301675,0.38546521567242314,7.1493732016567915,21.60221984333039,0.8213477416625933,4.426998499703421,227.9123741184733,1,female,semi_urban,1
APP103253,2.9981230584483853,0.360563536203443,22.331204574319052,0.6340325361209853,5.407324772777075,9.309559869573993,0.485966701378974,4.677933029328053,117.14600768692162,1,male,semi_urban,0
APP103254,8.1310947409904,0.8287555113746866,36.72577035670179,0.9747060171206906,9.585417574167263,17.500296797949424,0.6230390949547854,6.473968714455314,235.47028852955978,1,female,rural,1
APP103255,7.660619025445801,0.9546707252509578,19.251034059245534,0.698547286294482,5.351454827497447,17.947733867062002,0.682135107269025,6.217294582759369,92.59309248471452,1,female,rural,0
APP103256,10.781122628118815,0.9924785519716817,47.11868059975065,0.7935404439278047,4.809998938878175,21.86364452390912,0.8424776405623886,7.9080579382366185,361.58269853046295,1,male,rural,1
APP103257,6.1481466169973755,0.4888412819275485,33.89287323574621,0.45718556606570826,9.284142369977877,20.9890123959117,0.5628667345931969,2.357245865282315,118.39774649722693,0,female,rural,1
APP103258,7.98464608038541,0.6463881617648669,20.15410048780467,0.8374106561518398,2.02942975455871,15.537376164770421,0.6380598450826889,4.220681236827739,204.46277407733982,1,female,semi_urban,0
APP103259,7.947757022092349,0.8583619091690534,34.109317833038844,0.89406660739965,3.8851961477601518,12.28120983636551,0.8496920260328722,8.27418644494082,407.18483199358343,1,male,urban,1
APP103260,6.595031185164226,0.49167634063066196,20.733366265708074,0.826233148283145,0.15791429003038804,14.264397969611847,0.8510811149724942,10.496800523819356,233.99005599460398,0,female,urban,1
APP103261,6.898405952875521,0.5695427223516357,23.09998354308893,0.8636171176839194,0.4048597755040042,18.13839285522389,0.8209172889983354,6.9326797501356285,365.9010635669217,1,female,urban,1
APP103262,5.966221057087456,0.7048995766563162,25.930403033191265,0.6339829672277855,10.80420824201487,15.633070203676752,0.5865394519670157,5.463613577579074,193.5255884815341,1,male,urban,1
APP103263,6.563933538594316,0.8229459028080227,46.72206290008826,0.668026542285946,8.08948731803287,18.3722857925792,0.8081024550352022,9.774058421413862,250.52734966061337,1,female,urban,1
APP103264,9.341817686210593,0.3793471759422734,20.23264449248399,0.7124718909591651,9.477815143913606,7.12206572347029,0.7725944188994146,7.624447898853642,35.7660668339301,0,female,semi_urban,0
APP103265,10.03104764802076,0.9163362294265934,58.51055469014202,0.8221289887827505,0.0,25.852709617192353,0.9421651005941158,7.864977083307567,325.0592816569909,1,female,rural,1
APP103266,8.553361141374486,0.9761632998661595,38.12996057240742,0.7886645997896742,0.8037818236745311,25.6565307035811,0.7423894838997817,7.950792420794575,280.05834852261296,1,female,rural,1
APP103267,9.326066639778409,0.6501256827558264,26.44829072632509,0.9634066644900219,5.275654137617673,13.629874429072869,0.6369365761112565,7.8828105693822605,118.78129085597878,1,male,urban,0
APP103268,5.308209983863295,0.7264125037500468,28.678749118551803,0.7374092187868047,0.0,16.919328785564602,0.9216498826928207,7.371716890249685,39.92271487735729,1,male,urban,0
APP103269,6.244531957517789,0.7490615049267307,36.51740300614529,0.315825143138264,9.649059731925012,8.32970394739073,0.7165810214416446,7.3338832260361375,32.19782194659746,1,male,rural,1
APP103270,8.390953303023439,0.6586172324354848,10.759549986187134,0.5240394296034978,3.422924480514446,7.025455096351468,0.538725335766429,6.198102767255362,290.24429851454386,1,female,rural,0
APP103271,7.773677465979416,0.5156891730796453,34.64882768314262,0.6490126047429041,6.071589351222424,15.890962272255344,0.9035349421153734,8.42709565852332,262.88982413711346,0,male,rural,1
APP103272,10.03744564784674,0.5220468198656205,20.7296303535756,0.6566589184361702,2.179298729417754,15.683682442986134,0.5158052118619907,5.443393395620429,49.102047422025635,0,female,rural,0
APP103273,8.58661522992356,0.6678358492891253,26.833567441150734,0.5419507381162492,1.0162426214903286,17.64082504559756,0.7333531985857002,5.202327656002599,176.21971988452302,1,male,urban,1
APP103274,7.850230060773498,0.4969653555704153,23.69959063173421,0.7068953339308224,13.929948691448093,9.656009409095478,0.8389550193836763,4.03336124750121,155.4794521801658,1,male,rural,0
APP103275,6.787097405879464,0.7723622860763807,15.575298116362188,0.5144466587323617,13.29175156763731,5.768938859493771,0.5634286671874966,2.6906183207267587,139.63382150783826,1,female,urban,0
APP103276,7.505096638420992,0.8286842539433698,43.53287067483383,0.6913450870458479,0.0,6.836551993061999,0.9350186331592608,9.068248761054553,214.14439008517311,1,female,urban,1
APP103277,6.159170563149533,0.5263070598000367,29.241186358258744,0.739304400709307,5.459206079906454,22.66766545420066,0.6283934065491332,6.20800149561085,386.4836103784354,1,male,semi_urban,1
APP103278,6.693722064488791,0.658975139284785,34.75135271567984,0.7035176636552101,9.620350106070415,4.129045769698424,0.5674763971514724,6.194130724792128,389.49645686639155,1,female,rural,0
APP103279,6.8023252042082065,0.955073751169459,39.42389522068855,0.8009977916887729,1.9105243151827302,21.385148945248265,0.930926320759654,5.722226953823414,308.60462192957294,0,female,semi_urban,1
APP103280,7.7536943099539055,0.6599066669449876,49.15342181088619,0.755319893967436,4.2947510797434285,18.030677314207185,0.44680569827215766,9.545815050459034,219.67010139693437,1,male,urban,0
APP103281,4.641051842351553,0.6709149725662383,12.862115809783615,0.5455274362258882,14.709153463108844,5.83045820059772,0.4810002739066015,1.3288810475823365,126.81627362190522,1,male,rural,0
APP103282,7.904055312193556,0.7988238081984149,17.225502979613395,0.6542416221854094,12.026376244719874,9.526379438349366,0.6688150210101561,3.257489834480614,8.908767878169442,1,male,urban,1
APP103283,6.575027076835488,0.7947620454132698,29.5610669422305,0.6590790578541247,6.106787010180749,7.302129783200904,0.6248029164023672,6.86563248112649,234.20861398227146,1,male,rural,0
APP103284,8.181626965898865,0.5695739969688114,12.666175356720167,0.7168594839734254,13.623543324873184,10.389745675574478,0.1377666815434085,4.623484261720852,107.3402331647772,0,male,rural,1
APP103285,3.1342086030476093,0.8458887328981956,31.225065344516658,0.5960109201849542,8.025053206050712,6.3439095079405154,0.395894470051416,3.4651444830593596,70.04439237743613,1,male,urban,0
APP103286,6.317916295494719,0.6978964205481789,60.24003512860583,0.846480022525428,13.952467618619885,20.450679358242958,0.728132421760682,5.366993817787849,214.59041704819984,1,male,semi_urban,0
APP103287,5.957635115157338,1.0,17.154392012933187,1.0,8.673062171963284,9.913359696795254,0.6787842824711844,4.9134102725806565,236.1437679937438,1,female,urban,1
APP103288,8.191453644577244,0.6663082277855765,39.032976355219255,0.6403103520905848,11.118535504872803,9.374399858708815,0.6398455089249756,3.4507971345893917,7.768154629902341,1,female,rural,0
APP103289,6.187978385494295,0.8288420700444388,21.19199883241107,0.6760988600357438,10.810128163263713,10.841613169025283,0.595104100060672,2.201640215419841,97.20104048235548,1,male,rural,0
APP103290,5.065476664264911,0.6635131323305188,44.98008811655824,0.5555333415739201,5.76497043843969,15.063945241246126,0.7818040747610898,4.849700857859031,181.43286919350166,0,male,urban,1
APP103291,8.344989827013489,0.889090612070186,47.136517439679146,0.7464691636217546,0.404140630166995,23.219688367800426,0.8582573055664374,2.7874742541183686,383.403346665528,0,female,semi_urban,1
APP103292,4.924888920582425,0.7629386092468593,34.3309944364439,0.6881415562907687,10.94917042512054,13.891976956051332,0.6074822693760453,7.436331529309178,350.35707662542063,1,male,semi_urban,1
APP103293,5.321099817822445,0.5881108468633909,30.95959934867171,0.8358834305253493,9.379472284584228,21.036692232030337,0.7649349093519835,8.230792195804547,264.66292052805295,1,female,semi_urban,0
APP103294,11.622401906949696,0.6645108398778261,37.23992838958138,0.9441864939351701,14.623175513189462,25.638350560278365,0.6882265918336199,10.984929955511717,6.791102912414999,1,male,semi_urban,0
APP103295,6.072183392909697,0.6426310627319971,20.37750435716835,0.7439108480336615,12.64635138646405,15.20916180871674,0.7121562035643716,6.172607895761062,89.47062922812617,1,female,rural,1
APP103296,9.48418058669476,1.0,43.4094681699107,1.0,6.6060101456980895,25.827788750934737,0.7083355398788616,8.069333855985237,635.8306540176907,1,male,semi_urban,1
APP103297,6.4227439869173235,0.39609775393454416,25.533956583376497,0.542261944602374,12.610260473931003,23.66524838290745,0.6866318374203053,7.463044131353904,202.27598972901856,1,other,rural,1
APP103298,4.670892457323789,0.5154483433285264,20.19899789653965,0.651947687380391,9.102737485648982,1.4271413582686536,0.5567729713768661,1.9945903591891663,1.0,0,male,urban,0
APP103299,5.834173932372884,0.902825258816883,16.46444186944629,0.734140365965938,1.4880780378840273,20.697900551833243,0.6130993795082282,3.4738366986903113,428.30770671087487,1,male,semi_urban,1
APP103300,5.142099681522356,0.4223840301696689,21.87476072493441,0.6393381985659555,6.229916427929361,18.0844029672813,0.6292468292280882,3.849614592912462,20.16198395666609,0,female,urban,0
APP103301,5.930694081374754,0.7830744903942646,33.17557503750871,0.5525152444656335,15.115231983583747,11.917823858226585,0.7501414801413312,4.721884466529453,182.8551619085677,0,female,semi_urban,0
APP103302,10.013928422009487,0.5898960837757529,44.75633807031537,0.648493608109574,13.04085671417408,27.473480529528757,0.5708291144129766,5.557379799074127,151.13217593500252,1,male,semi_urban,1
APP103303,8.217114995126208,0.548916193907013,29.00578700583729,0.5274241703022394,12.146103601216998,23.1886492425677,0.7761264745211172,3.632934327182793,397.99397471838563,1,male,rural,0
APP103304,7.75660885676869,0.8502640135153567,71.13543623995773,0.9669914602821914,1.1331699211217463,21.932193664463238,1.0,8.613258405974973,211.74003827959234,0,male,urban,1
APP103305,6.591965463233512,0.8549633159823807,12.881467966065049,0.6578652637112585,20.795316686959353,7.39500979812618,0.4613416148526422,4.30270622627917,62.78070290109622,1,other,rural,0
APP103306,6.189834064577482,0.5024440570239146,19.993341855532197,0.591315237130932,9.336148071517433,12.575293133769588,0.6431916634294014,3.678044047201373,228.2433809877142,1,female,urban,1
APP103307,6.655282317488023,0.4795465029728834,19.04903294074815,0.7672052577272308,0.8770513686813963,13.853974619271106,0.6611777591712973,12.062812882135155,189.8369169043619,1,male,semi_urban,1
APP103308,5.394281215307994,0.36445196428000726,14.690460310076084,0.47605355861786247,13.648976610923736,22.29322276478402,0.681858409088484,3.2227075529187954,159.82823153869276,1,female,urban,0
APP103309,8.094892646996746,0.855556353309003,49.29691252280119,0.8181939031248815,13.907558170386707,19.732382901655964,0.258862473358449,7.81657308820694,296.58580293225657,0,male,rural,1
APP103310,5.440453745146289,0.38811391213028945,16.564434118276598,0.6118344123556154,7.58462593811919,9.798938133124421,0.7308895682063303,1.0,144.43465423756788,1,male,semi_urban,0
APP103311,9.486370112457358,0.9959283604036601,25.31771873577339,0.802608308460278,0.0,13.83567640964141,0.6303253681689829,9.528459173406224,198.30243129995645,1,male,urban,1
APP103312,5.088020789039412,0.669298444126765,35.01467271949706,0.8085960581490401,9.629478510016623,14.20108449701214,0.6120327686800767,4.251896647984997,108.2913656012256,1,female,urban,1
APP103313,9.15265744704733,0.6393866080529291,28.87255870615316,0.7590086201709296,13.809229274073688,6.283117036372165,0.4581915651423971,4.866105394960158,133.66204578543756,1,male,rural,0
APP103314,3.618792772229892,0.7121102946070674,35.38277985443655,0.4580736478319399,0.0,17.17531971594691,0.8338698526786548,8.723901209715432,238.49837239561748,0,male,rural,0
APP103315,7.189569642488701,0.5347148034485837,22.966246062550226,0.6815820322340418,14.4669915551275,0.23166094301722318,0.5592072845515333,4.352527770631361,249.19231510434076,1,male,rural,0
APP103316,5.593085136710819,0.5902101177039677,8.186401007148461,0.43448504363233986,5.732487805238341,15.39509031614662,0.40559600843997534,1.0,130.60717859639144,0,female,semi_urban,0
APP103317,6.971719046256149,0.4548593142280136,22.20759070544925,0.6714760374607253,13.940439578389809,9.570288259002854,0.7353021256806891,2.372199881212061,223.55996207373488,1,female,rural,0
APP103318,3.6600889124156755,0.7505099354406476,21.88431650317395,0.08142141190474167,3.3303245611597596,0.0,0.5700409436311562,3.3093121551004137,1.0,0,male,semi_urban,1
APP103319,6.993178056253234,0.42853121643030956,18.713025681754782,0.6225252997247711,4.73384812086114,9.049323347870462,0.45323666416640185,3.8898360558466925,148.76245706444746,0,male,urban,0
APP103320,7.342506897647509,0.7994639565828862,36.90641925381152,0.8696334171385445,9.916476937384559,16.765707817007254,0.5433614444010153,6.826832584126675,229.38409364024568,0,female,urban,0
APP103321,4.727977336447356,0.5119407709977254,21.675615591887833,0.6714287669284805,15.22848153397615,13.036077213367196,0.4400049561460494,2.772014976987387,229.9352324830525,0,female,semi_urban,0
APP103322,7.008843150943841,0.7300898942501403,44.157317689456676,0.6741216291741096,4.101823152812595,27.40216300799385,0.9788486054552317,12.254112090591065,360.2574103898698,1,female,rural,1
APP103323,5.307040251727487,0.5185907047741021,18.68975651122398,0.877454246763577,24.36342932409552,10.637670782594178,0.5561713437657791,6.422331314796505,21.400318267775702,0,male,semi_urban,0
APP103324,6.640594393038931,1.0,35.15352090748827,1.0,0.0,25.76503133347345,0.8456263313368381,8.974482984239094,301.8689495206436,1,female,urban,1
APP103325,9.409328549657866,0.6784043919559997,29.650918997867173,0.6234835102464927,3.503166181547817,12.784937378686214,0.6995486204132896,2.5691698420337508,315.5314129585006,1,female,semi_urban,0
APP103326,10.09704794131721,0.6783482651441863,35.275074663572035,0.8001213792173386,2.933697354857957,22.213881666499965,0.48467400770457264,11.200465401668193,313.53937182669915,1,female,urban,1
APP103327,9.540578556739172,0.6200041299314302,34.973517131561344,0.41286878080771594,6.716900146057105,7.791933741371876,0.5846804505383848,8.007395600689296,190.99301921176672,1,female,rural,0
APP103328,11.289053479002934,0.5880936669211766,48.97307858436028,0.9240289679538705,5.434601633704972,21.980241659173224,0.7475478831703453,8.481520257010315,185.7381526858336,1,female,urban,1
APP103329,7.575447816968294,0.749135946059787,41.63522300054451,0.6023622592658827,1.7113395547800043,14.886647893926897,0.8891502322269313,9.868614037281066,314.02010749319504,1,other,rural,1
APP103330,5.2132861731846205,0.9454816908053224,10.75380808755148,0.7887508429387959,11.963898565719106,19.989117362128937,0.38940976055546095,4.367729256954269,60.74053566009364,1,other,semi_urban,0
APP103331,2.36842130566877,0.7094112849080072,16.66277443586335,0.8327723132199838,12.152857674525409,13.327793624066276,0.7568040593594493,3.25958762699135,163.19797015019907,1,female,semi_urban,1
APP103332,4.017999482037079,0.6773335204174633,9.398335351856405,0.536511744161611,21.603087295503066,10.405510696265928,0.7214426488158865,3.151205014710077,47.15747745204534,0,male,rural,0
APP103333,10.16739387025169,0.5981027597957519,25.15034707567895,0.6042505289577588,4.336980975613108,18.041328176890822,0.4353792557622953,3.586401793501098,271.3546668355022,1,male,rural,1
APP103334,4.7383420915507575,0.6015065464668482,18.452238716829584,0.8358613659935086,12.064579114522308,20.631900934149236,0.5675078369295773,2.4198951051609088,105.12368769650976,0,male,rural,1
APP103335,7.922282490290371,0.8130629941274925,46.675468636191034,0.8181127172039844,8.142494450542973,11.322067123581816,0.8279982434587916,8.73730100779855,242.29710508041893,1,female,semi_urban,1
APP103336,8.040377237824785,0.7160194828660031,48.21994005408346,0.8794012528473505,3.595310071225671,20.67179115998871,0.936978162418262,8.976276082689534,221.64780555234,0,male,urban,0
APP103337,7.962504479862806,0.7866684604730784,28.161557199341104,0.6152708106759095,6.008307296836087,11.532937056150041,0.35865457993033417,3.77002524359923,207.6414414574984,0,other,urban,0
APP103338,7.071193477471804,0.6684520256883375,24.77033530681849,0.6146130745890526,2.0163762940031607,0.0,0.5458147678743651,2.7047626822779347,136.429279053902,0,male,semi_urban,0
APP103339,3.5656815497149896,0.7063937060245986,26.53540538057539,0.6101504248209466,11.04313987361018,6.123178823133456,0.5233967495342579,1.8231920501003103,122.46014612665083,1,male,semi_urban,0
APP103340,4.876715730305622,0.6705628219160156,29.0616901064705,0.5181053070647911,11.214606766273091,20.52144394686377,0.5990402167678603,4.887368804017282,176.70225668103188,0,female,rural,1
APP103341,10.571226295447218,0.9530564442002631,49.53002444526443,1.0,4.58122896470253,19.320110848156244,1.0,6.592638334787814,291.8725641815179,1,female,rural,1
APP103342,8.04496059801423,0.6577147366446625,23.059198643785017,0.9847707872727323,4.2161172604490895,13.719012039297224,0.6131127151753483,7.91160637137752,297.3668396420691,1,male,urban,0
APP103343,7.41476031414595,0.701265625577984,35.35058230964605,0.9380176858931677,0.0,21.546942988499985,0.7844642800178752,6.758181359218269,317.2065265184989,1,female,urban,1
APP103344,8.187991934591865,0.8247220371785522,11.25560572685948,0.7523775622812023,13.468098152225599,11.001721481903157,0.5175642473267478,3.6833120899566736,24.928072560332524,0,female,semi_urban,0
APP103345,3.691766279996337,0.4499090290169931,12.406563109621985,0.8952138448071687,11.107262301146267,13.864364563596752,0.5811265954348243,3.5342106183439577,216.03064883263787,0,male,urban,0
APP103346,9.85015279196914,0.5414434988943506,25.112345082220497,0.6768752792853361,11.558646805921095,21.458662350516523,0.8540066350624878,4.496530743087107,405.7733452312181,1,male,urban,1
APP103347,6.385023773283807,0.5356529483362731,17.0657141081665,0.527628058388836,1.9491259463053137,16.00478018526767,0.741282679390957,5.119224755717809,247.88124608149928,1,male,semi_urban,1
APP103348,8.343493293725173,0.7869981249820949,33.43307084978986,0.6953666928796465,4.636542744855966,14.197155355118822,0.5695941199444361,7.543894917517956,14.468060438453278,1,male,semi_urban,1
APP103349,4.948792998616687,0.9945067299567514,36.1522852084083,0.8843922426142364,0.0,25.333840932983403,0.8003540529276458,8.50255115222069,310.3040074182464,1,female,urban,1
APP103350,5.779726500452667,0.5456409931257038,22.325976337699323,0.618915039731658,15.06143831725256,6.175277793629149,0.6090928184584591,6.279601162207993,293.0525556221136,1,male,urban,1
APP103351,7.19515360688166,0.9115561968987032,21.548120015043956,0.5037480435228213,16.318613053092054,11.5366296971133,0.3269571098217391,6.269194099175871,124.12236055712066,0,male,urban,0
APP103352,5.474572844449717,0.6087174812775776,39.144835282839196,0.6185660636347722,20.950592117996372,15.716501357054062,0.38774795567424114,8.488931225073834,399.49160970417597,1,female,rural,0
APP103353,8.688604171922872,0.6697144021017113,17.462143588358284,0.696267351447458,11.060588888963693,13.581870909503513,0.767443322896722,3.4834040109380067,4.05912190951139,1,male,rural,1
APP103354,7.882116261804656,0.5091365289499648,11.855519309236822,0.7799042407122413,14.164392336898434,9.67709476530989,0.5015395497933206,5.201988822710283,175.6237418849242,1,female,urban,0
APP103355,6.741918621678739,1.0,28.624358431323405,0.8201633356386282,7.427635981315877,30.374751032184676,1.0,8.266589099170421,334.0930899709389,1,male,semi_urban,1
APP103356,8.62904169156001,0.703660182601118,31.639367940907047,0.4687947818519419,9.948405861631095,23.40313471493287,0.8272149381503164,5.884475598506945,245.14023568507355,1,male,semi_urban,0
APP103357,6.3075436687209265,0.5533043063754624,39.926939053250265,0.8425605374193578,6.3867949187108985,18.363290050491614,0.7841553562709809,5.7970588534626275,263.6867198073052,1,male,semi_urban,1
APP103358,6.992747057825659,1.0,35.656219515415835,0.9556471022613338,11.300117293649073,9.853358104006825,0.8692032018111403,6.8798418439185225,111.9742625168719,1,female,semi_urban,1
APP103359,6.074179507340149,0.6317163229697667,27.986305963970196,0.5860881291208176,23.15666194292195,0.0,0.606740751339027,4.258906916150301,62.72070162926497,0,female,rural,0
APP103360,6.793084231389614,0.8895584761426744,35.19366310926099,0.9514944407931146,6.652710173056055,22.030003843035146,0.764801905214362,5.288523367133907,313.93020975644373,0,male,rural,1
APP103361,8.710483052535096,0.98757361807201,29.2173514460631,0.6889884843046741,6.883148413887392,23.096321987584446,0.48204963740617895,3.111597411738601,46.26829945531625,1,female,urban,0
APP103362,5.5771297698083035,0.7478469466372434,42.34558728373999,0.7599996132347684,10.54165890736823,14.762731355573491,0.6943975661817271,4.130349939114402,258.2366562083603,1,female,semi_urban,0
APP103363,6.592588128782505,0.8771423648834034,4.93972274994093,0.6480841986046016,6.1727269585030955,7.991947114091511,0.8981432521580085,5.271312845587786,222.91755275007725,1,male,semi_urban,1
APP103364,6.710460039452597,0.6181809984587432,22.53049160929962,0.5868114137577187,12.380982456329665,11.303207723424546,0.4486096308637343,5.406102618551099,192.2288963448201,0,male,urban,0
APP103365,6.816326848216696,0.8814122606980718,40.72178702739038,0.7694773274563699,4.587675773580629,16.133367349006747,0.4652867423302213,5.579087171431687,339.6889908279665,1,male,rural,1
APP103366,7.786562346627275,0.8359973645279672,61.43773332780066,0.9552646807490655,8.780677491527857,22.864334316208154,0.6660082060050954,8.46718934724883,651.5639345214574,0,female,rural,1
APP103367,8.482843522405298,0.6917091179478521,12.920995055608582,0.5954596879231764,13.404377775103502,24.45416977682013,0.9072807687342344,2.48099191442361,331.9396624693774,1,male,rural,0
APP103368,6.991206088440963,0.7065155375169961,24.768845779027806,0.49239505935811606,19.23014385397836,18.374909173744186,0.6477274302269046,2.6681831673934933,93.2618286859114,0,male,urban,0
APP103369,3.899525672004367,0.5791913890903599,10.908127478638601,0.7265696957161876,10.02732191430546,14.816056213152935,0.7923572825598579,3.2353010425099393,358.589582709446,0,male,urban,1
APP103370,9.02294850594499,0.8249557711912328,16.454154954413344,0.845340294008624,7.717717484790482,17.23823256222477,0.7144805745455378,6.48491915666038,2.7744980378530215,1,female,urban,1
APP103371,6.940444828823081,0.8119665547614826,31.256823136865247,0.783148980334356,7.950723209146947,18.90686186150019,0.6213838294912327,5.094162542354339,197.58073874307786,1,male,semi_urban,0
APP103372,5.064020515603855,0.8340735249805921,39.34218072580039,0.8775737930927244,8.604703621286875,11.946710592431028,0.984234226045509,6.510190730119801,234.05131646024898,1,male,urban,0
APP103373,5.623064311842745,0.9548767658276678,56.363916854822236,0.8734069917401382,8.087215158833246,25.72146858395934,0.7929270400290758,5.77618755763522,300.0416923665622,1,female,rural,1
APP103374,8.473662751957493,1.0,25.392519762310876,0.7760930136590345,0.0,14.428295306473043,0.6225180692850667,5.727994329996542,241.2852709215589,1,male,rural,1
APP103375,4.423782798584235,0.7721384541289246,28.947221791825438,0.5760366807596656,13.305003803103707,6.600921414756355,0.611895793436291,3.877958758694916,130.49539803180778,0,male,urban,0
APP103376,6.545220474955559,0.7629780585646982,36.4887388081001,0.7920323270987701,14.686541954810844,23.778300883332456,0.7240673090202876,4.985621877266203,396.1769999454046,1,female,rural,1
APP103377,8.226476143305238,0.7857855187556371,37.16996917758269,0.7960853554927877,14.190862554497928,4.733468921413179,0.7890066635957032,6.813271750776045,179.96646255865585,0,male,semi_urban,0
APP103378,9.227741305935625,0.9798416445554918,47.6590759454263,1.0,11.865041492818888,15.673724975555729,0.8018114259654989,3.020686435630391,250.54512084048466,1,female,semi_urban,1
APP103379,5.99261312452492,0.5690551964754613,29.097301341008666,0.8493397124681267,11.806013886350517,18.64416070195893,0.7372679649056958,4.860614526137274,378.0984271538737,1,female,urban,1
APP103380,10.263473900882554,1.0,52.136821293091586,0.9493798558117325,0.600562812600629,27.437966414311,0.7153795225757364,10.100994848696372,391.85699296466674,1,male,urban,1
APP103381,10.77489562063522,0.6299745008685622,22.025064555249706,0.8929576289826356,2.6348215434643456,19.667035778379024,0.4583530790060656,2.473292189938153,229.33827176108068,1,female,rural,1
APP103382,8.472193238195333,0.7985211977682454,33.278295160122475,0.33174819480139495,5.568055514804142,9.813559942065611,0.47952169052946536,6.611623282043288,225.11838816619453,1,male,semi_urban,0
APP103383,10.718372915991338,0.829775884246734,51.92745636706027,0.9177607213028468,0.0,21.184629030229363,0.6993818025550257,6.243828880939512,475.12821125250844,1,male,rural,1
APP103384,7.822278795890444,0.7157658141922771,41.4086027423811,0.8879024372292503,11.913844315398423,17.626656424079233,0.7231518471706427,5.287219057385162,102.9428591102152,1,female,urban,1
APP103385,6.531290302351102,0.5176875763291253,19.330992540621942,0.7524290625940988,14.882458505429607,23.458897372946872,0.5441431712105742,9.075609953194329,121.97039715075017,1,female,rural,0
APP103386,6.255908969987497,0.7921075508602732,23.980318301608936,0.6690039492067805,11.71274457900023,17.402116799657485,0.37518328670986084,3.8657851414706075,125.2724102247519,1,female,semi_urban,1
APP103387,5.577635671400054,0.3678478232945432,20.520890897665602,0.4277484113050477,16.885372234274104,12.694725134950897,0.3043877314156535,6.4495656072790695,125.37342959244171,1,male,semi_urban,0
APP103388,4.179370739607986,0.4212937102434311,28.82435646955594,0.5899113419419112,11.64752064753971,12.212558683020962,0.6302790062164285,4.143651429647398,250.4365215503271,0,female,urban,0
APP103389,4.639103710589786,0.7935005575609515,23.917818925675796,0.5094639248700974,13.659718440497729,5.6223236654152595,0.652544116884345,4.221673734874052,80.82061332653954,1,male,semi_urban,0
APP103390,4.325264536067987,0.9329001560717527,41.09320132409966,0.834942758087758,0.0,6.192759155502809,0.5295782403028648,6.973705805156324,98.59677864511994,1,male,rural,0
APP103391,7.589665250238816,0.6157054895187976,18.464851794109283,0.9680165670421236,9.020652020571362,14.283288027924975,0.6097297006779876,7.403981902317769,103.79603592587819,1,male,rural,0
APP103392,8.883116059829035,0.9677020619640007,38.14870271758269,1.0,1.7690520212261278,24.358937248543157,0.8886410704127243,8.65289981948028,213.1231319424798,0,male,rural,0
APP103393,7.790457742928531,0.9374470024184152,23.739403446399738,0.7302148987989528,3.6703175325141935,18.388972095749494,0.8222832147987964,7.432712759967085,239.45851156139923,1,male,urban,1
APP103394,7.1432868537768375,0.6137747321137599,29.687716376282303,0.5431784843626539,11.66623478921351,14.236000084446044,0.7372889831323287,1.4483182852613417,1.0,0,female,semi_urban,1
APP103395,3.840524692498251,0.7942008816666812,25.990745922747127,0.4931026184956028,8.138003619846579,5.7179903380106705,0.49363644980000027,1.0,79.85206199125267,1,female,semi_urban,0
APP103396,7.367278878237693,0.768925405525419,71.8982195881839,0.6773689043950277,0.0,16.471332193065024,0.6421201968831043,10.49570094227337,185.64533589677694,1,female,urban,1
APP103397,8.374457496474296,0.7912079730715562,41.485603198491546,0.5899123538721736,3.7950234612530114,22.718942089429518,0.8299339752609111,9.670433592299048,205.4328149197585,0,other,urban,0
APP103398,5.9986437238224255,0.35229585440748235,18.94617173333286,0.46808227258035295,6.3456806695832055,10.8524279407034,0.40375746126050444,3.0663825024935645,243.09671798615693,1,male,semi_urban,0
APP103399,5.067926835881968,0.46911329814035463,28.11804759640976,0.8007853394269446,3.9470946847531607,11.00594352358118,0.4701469600937609,1.4679722424278374,29.665259410362665,1,female,rural,0
APP103400,9.906453938953831,1.0,42.18423108476936,0.8092039651135202,0.0,19.37521133603794,0.9971214540293092,7.8666349549515076,429.173802273813,1,female,semi_urban,1
APP103401,5.342810277847433,0.7500821910037437,28.371003773741,0.8462886183907381,1.9655333993804573,18.1146450343633,0.8266388974554595,3.70424063210823,335.643302851418,1,female,semi_urban,0
APP103402,7.741070891814358,0.7477701480879998,38.984970769020684,1.0,8.224023527036602,22.83923512888938,0.7639102461327748,6.271215549349996,348.69234519209743,0,female,semi_urban,1
APP103403,4.535431530854818,0.807488476119836,1.0,0.5667401316061422,9.751607635627881,9.26157135165284,0.27599697479151775,1.0,106.80000520059784,0,female,semi_urban,0
APP103404,7.491608913452412,0.9613346584567115,29.875493596441043,0.8831990989299421,0.0,12.947723054680933,0.8511389948399211,6.5759359603334016,310.81120753175003,1,male,urban,0
APP103405,5.0419592896345975,0.6035832512570156,16.40382030011701,0.33823251340524163,11.673952997821031,1.4124465673511866,0.5036431357067848,3.24894803498921,145.2419261521276,0,male,urban,0
APP103406,7.732978401260471,0.5032007249616919,49.47954210996217,0.6655146310963626,1.6796723007921983,16.00326992257804,0.7098968130786333,9.59110533465645,326.1242566670896,1,male,semi_urban,1
APP103407,7.661977006205129,0.8352417859243255,42.36162947316898,0.9243918206237985,9.976056075526461,29.63708106731517,0.7793812388464262,8.261325860690174,334.6669185508356,1,female,rural,0
APP103408,8.826211836095075,0.6580325173095568,29.80732772450772,0.8517698688571703,5.76237923162185,14.600795215943233,0.9231237412997984,8.05876043759859,176.7614780253834,1,female,rural,1
APP103409,7.5619867512945556,0.6957862869219511,31.097653167800296,0.919539033065953,1.2650269753184817,14.355229551063394,0.46167920405351903,7.129441445738399,301.5071597522213,0,female,rural,0
APP103410,6.328864633849966,0.445919614261321,20.51625775112864,0.4473329104331577,14.820737435043334,17.49716985966078,0.3273961276585418,5.770626958904045,359.6395888741381,0,female,semi_urban,0
APP103411,4.3142239491002075,0.41346639255644513,19.05501907860569,0.5239694803350013,12.173368706618195,8.123849467122168,0.8003014377349168,1.3881954064899449,99.03788187219413,0,female,rural,0
APP103412,9.34401424812757,0.4253170683246443,23.033926831546857,0.7850502261343048,4.54213746095105,17.59804252293384,0.6015227779822421,8.103868982580524,260.5640578451324,0,male,rural,1
APP103413,6.664872117404002,0.8344702243630949,38.28415147232198,0.7702614514886329,12.044739381626322,13.717068836335157,0.9306794547036585,8.480949216368094,302.11618130642023,1,male,urban,1
APP103414,8.019325417919683,0.4662223757488532,34.20139717157439,0.6935225056936762,0.0,23.667845348532037,0.9955614995953536,8.826329617004744,161.06523874340115,0,male,semi_urban,1
APP103415,5.16670783516486,0.5572963317610743,19.31510376251332,0.5470164176392631,16.48909571043623,6.563631732844423,0.5631900926964505,4.225921755349557,62.65497199786776,1,male,semi_urban,0
APP103416,7.138006212667398,0.9396008664178007,49.51125107044507,0.8405425160634775,1.2119447749558012,13.99904864294541,0.687148977922887,12.134569904912647,338.98796261375594,0,other,rural,1
APP103417,6.22070016775055,0.5688034259199083,21.19545671758796,0.9163891711674514,8.709095418536736,9.088095897559702,0.715863896321999,3.7606784633098016,184.3886982189904,1,male,semi_urban,1
APP103418,7.486767249977502,0.5475787816140993,28.714950440766376,0.5835561545735939,3.890261914966653,16.55738391456017,0.8716450501294934,4.306054211981859,219.231810092054,1,female,rural,1
APP103419,4.364473794063505,0.6966984274870952,36.03084207029594,0.855012587864743,4.328985085600714,7.443248080806669,0.7099669552348618,4.4955636016778495,217.54299400546165,0,female,urban,0
APP103420,6.0756547324772265,0.5535549912709006,25.312101007576622,0.8908968488320741,6.595198689857626,6.96321435154484,0.5103392247647239,4.976519221603758,182.92521055161114,1,male,urban,1
APP103421,3.282948574674741,0.6548853533201707,49.52515971041326,0.5660270506152989,1.0498937363699987,14.14825400657551,0.6047059907746575,5.127367324337503,86.36258664780878,0,male,semi_urban,1
APP103422,9.553629369514027,0.5111635997091419,29.43659216736221,0.7258330547346608,10.920163155539402,12.94248220150693,0.3999162162219938,4.409477051157347,223.70932555615116,1,male,urban,1
APP103423,8.942236620415258,0.7925592307401652,27.322028447327327,0.9331529321479739,4.786303319826153,15.841719094440252,0.6392419063883751,10.177290551036375,320.7415388397196,1,male,rural,1
APP103424,5.074740005862987,0.5071032970651044,8.92294904993454,0.6281003999345919,5.444141607510559,6.34698378086641,0.43503675355787025,3.1743243576064417,25.076783937513596,0,male,semi_urban,0
APP103425,7.9453781353951225,0.7380896255336881,24.18426022156512,0.7821165845367727,9.906139718325246,25.681746293722426,0.709000874223664,6.603605180969501,277.18963748166277,1,female,semi_urban,1
APP103426,8.499040390173981,0.9847567020540932,25.303293802146086,0.6675955709373016,13.903378864743871,23.38285681225159,0.5190502484768705,4.129195244196571,183.50348983368195,0,female,urban,1
APP103427,10.729928278119452,0.8808180314620846,48.94595720240014,0.9940706889976831,0.0,22.00515244660635,0.8760183928820311,12.659108012425,381.9128108974766,1,female,rural,1
APP103428,4.635042754155686,0.7743581948306993,18.81714732125845,0.6673593400022018,4.121944469735758,19.015490208359083,0.7266132245154789,5.878928390531188,205.1333866493778,0,female,rural,0
APP103429,7.489603846165137,0.5079035340910363,17.833967136797725,0.6186229488156718,17.010276097286987,10.686140275711681,0.49481945454814535,7.30665981590289,171.69481881104068,0,male,rural,0
APP103430,6.187558251690008,0.5547431502116104,25.340390946591587,0.5502842693724157,16.27234326401397,0.0,0.10283840113008186,1.1805649875893802,91.78284241329145,0,female,semi_urban,0
APP103431,8.394286647440998,0.7583665882172974,33.765117836841284,0.9654338760957212,3.834832693728993,10.213575149780123,0.79015215633337,9.652988546861625,279.62131699320656,0,male,semi_urban,1
APP103432,7.185676729939494,0.7286997238372064,38.89748422388209,1.0,11.224014577004208,11.665901967814088,0.952543164044277,5.3597805032756165,257.6244030121029,1,male,semi_urban,1
APP103433,1.8290651825562847,0.7628889274626579,10.069535726851054,0.5755727102415433,10.576403506024278,5.398588705382225,0.6755923400752638,8.949025996960225,259.9508772970952,0,male,urban,0
APP103434,3.3792948025282015,0.5079836936849991,15.765538733743586,0.6012823240758546,19.23684555875275,10.508772647006598,0.5061170141124431,5.901918654585113,133.1089434984345,0,other,rural,1
APP103435,9.614118457653078,0.762682820815964,32.155613385142104,0.6400257933464344,3.632590728898531,18.369784139346898,0.7471195744381781,10.14686872567604,311.1759866802071,1,male,urban,1
APP103436,8.957982580615848,0.637508225017785,33.940047852829046,0.9589955171699087,9.765896373478608,17.650166495501516,0.749655698808399,4.759977330672763,186.004074790923,0,male,urban,0
APP103437,5.898071564655408,0.4777964655876338,6.481115811794297,0.5669386304912203,18.612402955275847,9.88620066164494,0.4983343488084261,6.886408489781434,1.0,1,male,rural,0
APP103438,7.373130162701196,0.7584321353439509,53.61678537039571,0.7165510776362004,0.0,20.07247982616119,0.7966553594442857,10.724890078339424,237.37245777118514,1,female,rural,0
APP103439,8.242099435692236,0.5356220701909111,3.7258933681889914,0.6093306878246736,17.513562807675463,4.857863285384315,0.34832393055010147,3.0451015792880556,13.694959076180965,0,male,semi_urban,0
APP103440,6.624135144906203,0.7991182418938192,30.05604230092039,0.5991424125758892,9.869603478840784,11.299597910042909,0.5112313527277036,3.8118215212826305,64.88325828075591,0,male,urban,1
APP103441,7.250518029260584,1.0,43.830316800310136,0.6783184049045377,8.53680296498548,13.026880309946446,0.6509254522371561,8.97529992365124,174.12133447555476,1,female,rural,1
APP103442,10.246577189952891,0.6130360713567543,32.93907883743665,0.901201373969966,16.38267515294026,18.468070364378484,0.7035234799857049,2.020190028420537,144.08915392023306,1,female,semi_urban,0
APP103443,5.236843640082942,0.7361733948735603,29.830899487976968,0.8127930462464971,6.747951270638241,20.71691910547459,0.3482551728957323,8.133199658426028,145.08829889715295,1,female,semi_urban,1
APP103444,5.275811356961221,0.8879392489261125,51.451016833170186,0.8788934283021534,4.594074937151724,20.227673494839912,0.6313879837886541,8.69211019445216,277.8765571553361,1,female,urban,0
APP103445,5.59683486030227,0.6087038367622802,50.08059654004113,0.5651355267788886,9.526468227772716,11.542922088519434,0.6670753644642943,3.8450358618702607,201.37185232251585,1,male,semi_urban,0
APP103446,6.708870098772528,0.6072966868243672,33.00831531209261,0.6783952180830891,0.0,20.65660915379287,0.8261279302661388,2.7444780331806875,262.3275569890696,1,male,semi_urban,0
APP103447,5.509825654855072,0.8978742018254084,25.921032197353966,0.6372591234032807,21.19543184802539,4.191060571584384,0.5668618378249799,5.409328960104141,271.71174484886143,1,female,urban,1
APP103448,8.84333697281517,0.8460036559516801,28.35320339175147,0.8934587530851239,6.279614880241666,8.360474938350059,0.3797889105941903,4.594276856425589,517.5740980176218,0,female,semi_urban,1
APP103449,8.527814487559013,0.8530558242770274,27.77982909054929,0.9186631587433765,12.544123363074714,22.596593229990518,0.8777663792301247,4.928636707863799,334.60945436602174,1,male,rural,1
APP103450,6.82774942501926,0.9069246651162366,33.67229500133937,0.5963618970938306,6.706841858046605,21.005987459068944,0.874304019154514,6.5283436252607006,283.7353519669868,0,male,urban,1
APP103451,8.292709758495649,0.8958341450190463,39.723149234947506,0.9155007250688817,5.359557027319472,12.857714893416691,0.6245564025167878,10.241896133692945,295.45461401614324,1,female,urban,1
APP103452,2.9382409630545614,0.6532583581070266,10.338162351250006,0.53468655161476,14.105619343955142,13.098353699564706,0.5366797573652746,4.771108762932069,238.65085085873824,0,male,rural,0
APP103453,5.702026765731192,0.6184998719775243,40.409525017546386,0.698875951845811,0.21411942662388128,20.444042850426754,0.8522242068629845,9.670168694251412,112.55473060529181,1,female,rural,1
APP103454,6.956819268832976,0.6616526494681599,36.040115532422654,0.7887674661683381,6.239414518553299,13.709861338456559,0.8195526369021303,8.041317539747297,1.0,1,female,semi_urban,0
APP103455,4.079659954726477,0.7703270245839826,14.05187206507258,0.42508300401481924,16.397887686521777,7.78326352653559,0.6765596718586674,1.0456909626199056,1.0,1,female,semi_urban,1
APP103456,7.8011882393005205,0.8789041462228055,30.22799021132989,0.6666359310789524,4.2541348040132245,21.895781324291658,0.897934198259701,6.423580992090709,211.2304851492415,0,female,urban,1
APP103457,10.342979232737758,0.7544524513150572,41.6585176540558,1.0,2.6987940938389974,19.66355432854061,0.5232338309794046,9.807585320366126,394.85736782077777,1,female,rural,1
APP103458,5.073734741683772,0.8440117450258882,35.20127047844787,0.7938455703863723,17.81018612974122,9.514149405864298,0.42687673877255805,2.4560196428324277,142.25275107069007,1,female,rural,0
APP103459,3.601090562459501,0.5820396663109769,25.490013630817906,0.9622830988707923,18.308777403193496,5.369650942076119,0.6259942977074631,5.750670534353153,104.05778220427783,0,female,semi_urban,1
APP103460,5.406409747759754,0.8211983226867912,35.381199084468186,0.7622903927683671,16.74319420259551,13.497784677229964,0.6034132272569369,4.6411140334487095,241.05267311995857,1,male,rural,1
APP103461,8.867883701079826,0.6864738462657732,17.490155089150093,0.7693661412582042,6.253663829012842,10.683832827219561,0.6467187404910628,6.511870309667573,206.8816235365977,1,male,semi_urban,0
APP103462,10.417954956143074,1.0,32.57256009796555,0.7856974046322832,2.4919206674621366,17.008803782238186,0.7237043784835273,8.35049428693925,143.99684614570572,1,male,urban,1
APP103463,7.399245325827734,0.7799854345494932,33.11274276298697,0.6353408131733423,6.79609864418526,10.644410212838093,0.5434088347314932,4.84398792781001,227.47173566180516,0,female,urban,1
APP103464,4.231563297140849,0.6786097823942155,13.868278572612418,0.8239339199055213,12.583597819142215,13.44789211170569,0.5783263837749218,6.819827218585933,263.674074444948,1,female,urban,0
APP103465,6.137496920512479,0.584999079375391,24.135754090172618,0.8300932848104556,5.102335413825161,6.249576130503499,0.37150021046682047,1.0,332.93763065892506,0,female,rural,0
APP103466,6.186499684971144,0.6050910605903458,26.599954549445112,0.7388195771841634,5.539425725986037,10.430295674616675,0.42572686366378537,1.9765973924765845,133.38905035062172,1,female,rural,0
APP103467,5.2926401502915885,0.4748123985090641,19.14063802662162,0.4681026644430044,8.50153986860311,7.3559415659444705,0.4944870238008188,2.745183371193895,275.15571028336433,1,male,urban,0
APP103468,5.268202480815198,0.43654246698449006,27.933034709758104,0.7179850331378623,5.3547094973737215,7.416928328601955,0.5696224535726,7.176363461781888,129.72970747987824,1,male,semi_urban,1
APP103469,5.563073488637905,0.6867783121458781,25.22031880449285,0.5425039159473558,14.505421398590617,2.2804446594035213,0.6607191453252955,1.917012039006769,374.73265106916455,0,female,rural,0
APP103470,5.876006080871008,0.6090107857721181,22.79185462263139,0.6639934047977348,12.468510171773483,19.189257878206607,0.5935228855062537,5.711393251109852,148.2297271588306,1,female,semi_urban,1
APP103471,5.62645626601657,0.6425115309235323,20.283335558875372,0.9962390373665544,4.7887703683051575,19.878439615298618,0.9300379390732529,7.093621346669347,285.04252768537117,0,male,rural,1
APP103472,10.809270652340462,0.80402655779377,39.65859990184944,0.6770845308807383,2.923325673878764,16.84335911025685,0.9811795098468485,8.842136671195995,323.81157645360736,1,male,urban,1
APP103473,5.618799920119952,0.5275221309312842,26.817035399388473,0.847454181383502,1.6122326135059915,9.392771042316106,0.3492562083960825,2.196597605473285,208.84678854354922,0,male,urban,1
APP103474,3.953621262021112,0.5265074301308077,24.52989986464772,0.611006309536523,11.82382564151673,1.1461149214053936,0.4614230256498224,1.2668527939468028,200.9839985337157,1,female,urban,0
APP103475,7.2372896398302915,0.94134578125651,24.80081010864411,0.6332597484118455,14.898715800832743,12.494428400590202,0.8076781384142512,5.118688447307462,101.63070311653073,1,male,semi_urban,1
APP103476,6.761820356394486,0.7445081882406226,21.40256973854907,0.6735275947772572,7.360605842243495,9.60616448881944,0.48533338806084775,6.852555971982929,138.60180643196568,1,male,rural,1
APP103477,12.640631281815585,1.0,38.36071177383916,0.7817282830803226,0.0,20.6997319135726,0.7150313191546861,7.458466819017638,507.68502276086565,1,male,rural,0
APP103478,8.553398464441461,0.6504544740581829,27.071433966515976,0.6613038057613068,14.310519394571948,19.046051200675677,0.8652814101596125,2.0073785895150698,231.14543484150695,0,female,semi_urban,1
APP103479,7.300772559194659,0.7541326385427369,27.16920301763692,0.6646407288616599,4.647490071235628,9.819356601007119,0.6744250485753165,5.663838651441235,235.68485932006234,1,male,semi_urban,0
APP103480,6.973158422879544,0.6369005791238911,40.07193537331729,0.6693758728935826,15.925864963438912,13.022425717841601,0.8040862907489518,8.87993102738765,109.47797903302475,0,female,rural,1
APP103481,7.596149992962071,0.699015950016422,60.11480793311641,0.6786387999534711,19.528061972304073,22.875422513541885,0.8012968740902999,5.561280566096549,250.25854263513824,1,female,semi_urban,1
APP103482,8.706890959877445,0.9973530993532902,19.498478280116764,0.6642503453633398,8.309853910227005,14.084625153139177,0.5811686975798844,8.23193572878359,127.85887521576112,0,male,semi_urban,1
APP103483,9.05400118146605,0.6564839599318208,42.965361499841734,0.6084772586883922,11.70917408665916,15.626370044760439,0.5383496637941438,8.475458670938824,347.11898427005826,1,other,urban,1
APP103484,5.233443110735924,0.33042363563778,32.28988028096567,0.49505950390154785,0.8739003438785495,14.46239547925379,0.6270077779501835,2.9909441312172667,250.272134713923,0,other,semi_urban,0
APP103485,8.419387676497834,0.6430467932911437,31.134062875158016,0.5880860195890838,0.0,22.425269476387122,0.8963629755587685,5.577323832398412,357.05397524970914,0,male,urban,1
APP103486,8.847286175031376,0.4381652535645716,23.287149763872346,1.0,2.636879544378579,22.25027279168373,0.8858377698336433,5.293203236572751,141.88526112480127,0,male,semi_urban,1
APP103487,4.8030184886005935,0.6204189863752172,38.43432050668613,0.856850969792279,9.90298132260831,11.532740674032766,0.8895105264801632,7.600414153904031,306.7184535779362,1,female,rural,0
APP103488,3.2151577195500742,0.4111159874343019,36.79122531931306,0.6342839009947872,13.6116651657138,0.6230728318803616,0.5679782346564517,2.43575275675058,91.75345004884865,1,male,semi_urban,1
APP103489,8.733531514320442,0.7845845497451048,39.82677669674979,0.8158929657663759,4.292761105359276,23.960035266328823,1.0,9.796982054925653,49.44735559317729,0,male,urban,0
APP103490,2.7772344059252245,0.30348893001916594,14.111242098836279,0.7007367972230779,4.663326484699674,9.108823960294517,0.3059021677084084,5.917312430200169,184.88391833884512,0,male,semi_urban,0
APP103491,3.1168838747382175,0.7971315421499137,21.023820654898543,0.8088329379596588,10.242395577556767,0.0,0.5818148859389198,1.2641946034437885,264.5848854346026,1,male,semi_urban,1
APP103492,5.944672110375461,0.37532559188660286,14.700448054716489,0.73745026661476,6.297756546873007,9.185040758994589,0.45534876435630667,2.2958988127713087,318.88522725987383,1,male,urban,0
APP103493,7.106705345323708,0.6387966403806707,26.401436599020418,0.9237536757299754,4.8589469764610325,10.702753369790189,0.8303151007693925,6.387740248422052,175.28809391560375,1,male,urban,1
APP103494,8.525371741517397,0.6992898570962344,41.14625736366213,0.7733244028510088,1.2862341165184175,15.832806850916342,0.6269970334340556,5.927395324651464,320.59460323039013,1,female,semi_urban,0
APP103495,7.385656154479392,0.6912730090146739,11.14634010681326,0.6657411457044599,13.598230163874604,12.198164919036373,0.6356134031306071,2.9996575405916834,159.68648302570614,1,male,urban,0
APP103496,9.599428024382403,0.9178003040716498,12.300092809333293,1.0,0.0,18.607601534730073,0.7889352467303257,10.394493031578088,265.3894563910677,1,female,semi_urban,0
APP103497,6.397174323049189,0.8751078450717791,32.50573234706225,0.5819047479641282,8.069721186756317,19.531507281288636,0.7093859152455277,7.658483828678822,127.1079468772363,1,female,semi_urban,0
APP103498,6.5334951198153846,0.7454176394731798,33.951681391359756,0.8435012321950512,0.0,21.407444036824675,0.7582670023053267,5.525943621435841,280.4180814826486,1,female,rural,1
APP103499,4.622715402684339,0.5102651123714494,11.691242616104718,0.3137610661890023,14.7164934408042,2.5661524092777093,0.4979036817180352,1.0,98.76447347186877,1,female,semi_urban,0
APP103500,6.1165078136523405,0.6322662378684606,10.738267076296957,0.5596598444773873,13.741401048015225,6.920011069970491,0.537979152699324,3.1806586578718785,120.69983072954167,1,male,rural,0
APP103501,8.280087944610726,0.8644472578878406,34.90854709324874,0.6944577126004193,6.490809559825157,17.976684219071267,0.8005098782130008,4.49165586475979,179.9541099998968,1,female,rural,1
APP103502,10.240103482797458,1.0,42.97999071296384,0.8873958540884276,2.1735098563653246,24.675060848863033,0.8705339405933176,9.923400830331733,371.28057882021454,0,male,semi_urban,1
APP103503,9.951098983759385,0.8903005707412932,52.08701580910795,0.8236549080003885,7.69984604904636,23.996288437002235,0.9612398387553422,8.663346329339847,220.54597328229235,1,female,urban,0
APP103504,11.380601678439001,0.8993011313286442,54.32067471004224,0.9867481134886158,0.0,20.283007471825712,1.0,7.337213799731652,470.419046706834,0,female,urban,1
APP103505,7.272671880212449,0.7052075724654302,28.252264644451817,0.6041076633644562,7.960696148224919,18.30638743707494,0.6007475645002399,10.386745481905562,54.19633427094985,1,male,semi_urban,1
APP103506,6.711993438069486,0.6055572034352328,10.7574313385671,0.8285746815367825,6.931933774601767,5.2110741670861715,0.737863451438201,2.9153562060100198,85.75743465432438,0,female,urban,0
APP103507,4.69388055573942,0.9241635543177771,23.98018994182957,0.7189109856783388,11.275722988051713,23.676997679219923,0.6604313378217277,3.230957443532782,130.86936744161815,1,female,urban,0
APP103508,5.767633456346907,0.5887853276436444,21.811488320923914,0.5203729158081025,9.324733139439086,4.6613069414346295,0.49175168742045405,4.7062942378311,141.68749199974818,0,female,urban,0
APP103509,5.731261111098881,0.608827206180321,9.189928821610792,0.7810207390240861,9.152916335920688,26.664791116863192,0.6964794021655607,6.329771640439725,106.66917529856484,1,female,urban,1
APP103510,9.02855286026688,0.6898079642842484,54.17800849654106,0.9371900826083438,10.283243102271939,13.042575990468594,0.8757217740776969,5.854249137790899,115.97930425214741,0,male,urban,1
APP103511,4.481123931449684,0.6919292871408192,31.160461082127185,0.7055814189594163,14.419231073607257,18.03229177389391,0.655356085630302,9.310979725019898,181.77407025511104,1,female,rural,0
APP103512,6.106007364251262,0.3543152481358904,22.897083049759793,0.5432782172614044,14.39334900988549,17.766055543629218,0.6460022121109001,2.4063738713912346,170.9928493331555,1,male,urban,1
APP103513,5.5788181135164985,0.770962934513215,19.046164979776584,1.0,2.825334320656425,15.013283580815445,0.24632217591110994,4.9183256490286,313.02076230814487,0,male,urban,1
APP103514,9.367804909235167,0.930513079746188,37.053126064593776,0.9316392208936861,8.071291710296332,22.918159953119705,0.6279168111597923,4.7696526825845815,135.31431983520588,1,male,rural,0
APP103515,9.477741727788603,0.6615691352006923,27.76556968484868,0.583429788943282,9.115560012905169,14.546139013517212,0.8024190778643459,6.817857477192095,394.8696893818126,0,male,rural,1
APP103516,10.369739664869412,0.8615842103333616,41.4163343967471,0.9066430937123532,1.4687058820347552,23.05317369053752,0.668888791458943,9.617480022270197,302.99720951874605,1,female,rural,0
APP103517,5.874721951259927,0.8601190215663195,1.0,0.5161359146050705,14.055859381963746,7.925271569008808,0.5317279558056035,2.2134582543929406,1.0,1,other,rural,0
APP103518,8.107867451898171,0.7396577717753614,24.370134728698964,0.7146216016613917,7.691946090676969,12.74934023858135,0.7701075021907332,6.738306314451544,219.4284516219421,1,female,semi_urban,0
APP103519,8.681788552752522,0.40626586081345334,29.680267836176547,0.5933611127255235,13.499186503439052,14.945342805856733,0.6857952332499223,7.756111375146901,199.13958873637182,1,male,urban,1
APP103520,7.909358836240122,0.4877017051818039,28.00383965574767,0.732231380144038,12.079629272659258,16.663579919399027,0.3842804763247491,5.26216018074946,107.3988033164902,1,female,rural,0
APP103521,6.312796945150384,0.5486446295337905,17.40448374149674,0.47239409263807425,10.300343642801051,4.795644623092751,0.39735609949425893,4.580706304914606,235.603567215498,0,male,semi_urban,0
APP103522,6.528368654913867,0.6135522370864985,33.59385942737858,0.710960971652769,4.778371748383867,12.37583135921086,0.7953740675023346,6.289630344899581,319.2689073519646,1,male,urban,1
APP103523,5.99082126447546,0.668248242853778,40.95844236332195,0.7299499553263753,14.442149624002228,17.41191886080057,0.7794701980762538,4.2367676861352574,205.31475296306192,1,female,rural,0
APP103524,5.470143141355309,0.5467988133439045,15.038527629284928,0.5308634732720093,18.51536402949814,11.691191880170878,0.2014863874846392,2.822686329449741,135.1701681219879,1,male,urban,1
APP103525,8.455540921768826,1.0,32.64301222025934,0.8283691301867453,5.006445228601512,14.9969927827539,0.8253798493323965,9.07822145464821,353.3916558135825,1,female,urban,1
APP103526,3.235323340411643,0.44195280255444525,4.235421553546882,0.7418938329303006,14.59502316067401,5.26622685822567,0.3119405036786951,6.548632660939875,1.0,0,male,semi_urban,0
APP103527,4.341296420821415,0.6151290860842958,20.051747835303626,0.5312461726676683,16.396767654645846,1.6301454271124154,0.5963849965134425,2.515016908381442,186.94206775368121,0,male,urban,1
APP103528,7.256419822238114,0.726685816404805,15.456224658555561,0.6210960372607259,7.332674824521658,19.25330126380336,0.6190678675801108,4.921342499321536,316.9561027505762,0,female,urban,1
APP103529,8.399624722214657,0.7539008904674134,39.84672810087397,0.5398836419137649,8.321777814761115,18.579416489895344,1.0,6.379947586402929,305.6537705654686,1,male,semi_urban,1
APP103530,9.130061868691385,0.8630907224501557,41.73523572336316,0.7602741616569874,5.496193885345807,16.609711239863532,0.7455183023824575,12.335118175706402,221.24931877121227,1,male,urban,1
APP103531,10.378712798653014,0.2870743202210634,34.783529885295565,0.6867296348624028,7.648221619262102,15.686521322246957,0.7432758389807063,5.838690270514188,188.27442576310298,1,female,rural,0
APP103532,5.487225723774571,0.7036184363017082,43.85818677854581,0.8109347829514497,16.80586307240886,24.48373729427926,0.7902492994648422,4.19708258554643,102.29207236163985,0,male,urban,0
APP103533,7.206028792248224,0.6466278826786901,18.581114801823134,0.5694710954828077,6.886550425125552,5.765358689952495,0.5823178808465911,3.537025494659286,201.06545981422417,1,female,urban,1
APP103534,9.812587642974066,0.888002044736922,31.781104760531317,0.8821556216117113,6.262936174669535,14.843775266887237,0.7408094125205134,9.137901828256405,186.09187991116747,0,female,rural,1
APP103535,9.150033106768625,0.8452133746200942,46.625972565492965,0.782146100704326,16.29500646746076,9.032434115630647,0.6960313223533812,6.108093153890453,159.27515051566206,1,female,urban,0
APP103536,6.924432844770149,0.6655821801228787,25.54317110642034,0.4382470401458952,1.160178927476693,16.215494607083123,0.45025517737479337,2.127290253154636,189.32174981643232,1,male,rural,1
APP103537,9.019433727702049,0.7745781370567891,37.69941597161224,0.7822380126507711,8.1136692251255,15.899887650500178,0.5599633370239995,8.579675884918387,165.38476221403124,0,female,rural,0
APP103538,8.791935024197057,1.0,50.58283673096055,1.0,0.7098682855927758,18.70562046675018,0.7309286852324341,8.894827199936229,223.92059609709574,1,male,urban,0
APP103539,9.522737091962215,0.8744387143797797,39.13563338502871,0.4433108135852157,7.934546140847712,16.23180519254635,0.4816068279882498,3.6495912032564064,243.06804864927645,0,male,semi_urban,0
APP103540,6.262622567375656,0.5638253941954584,18.130898979975964,0.8261221155760308,8.182204298134153,3.3416101440662214,0.35309842090399246,1.0,1.0,1,male,urban,0
APP103541,6.242345490411678,1.0,47.08773620064491,0.6724737799886439,4.930671333940032,14.727461504899525,0.6640706060873545,2.358972006876434,207.05331828005689,1,female,rural,1
APP103542,7.974795095621282,0.6386000972610978,32.27211604913705,0.5145673964987006,6.974851767464297,18.015289625208776,0.7153098105392685,5.411836946972368,96.28867888140874,0,female,rural,0
APP103543,5.615043901237493,0.584582790154534,40.81007705574514,0.8159626986110617,7.007626329784956,15.069573695429792,0.7945516520901856,7.857143973473005,134.8474745129508,1,female,urban,1
APP103544,10.612907706906258,0.7870559154369352,36.213760438797856,0.9494298737453346,9.37436651460977,17.089153296265152,0.7314013766854741,9.694739588616843,381.8747267153412,1,male,rural,0
APP103545,8.081149135928621,0.693581985639837,44.674328537027115,0.7387951337314504,0.0,16.700072752683365,0.5967040591078372,7.842955463690984,209.7684146249976,1,female,urban,1
APP103546,9.283877418331251,0.3475800137285009,24.556662534177242,0.7912937517068621,6.7623106294149995,16.32576151287432,0.7355601974260361,3.7379689255766535,158.4842767595319,0,female,semi_urban,1
APP103547,5.2678603252837455,0.4976026506636581,3.7628161138171876,0.9253527619763461,10.78544827867378,12.781210334928755,0.6379697479622356,3.3417835591195852,208.17976684502418,0,female,urban,0
APP103548,2.964882717978672,0.6681567041458253,29.044951670961332,0.6620443823572053,10.596945827018832,13.747085794759734,0.47289469848447985,7.1911291386874225,292.9035842672635,0,female,urban,0
APP103549,10.800558514358471,0.6809296516535964,18.865657891213775,1.0,8.524194451675202,6.9837454812417255,0.48964920479309404,4.768464116761195,224.87213887977393,1,female,semi_urban,0
APP103550,4.899805755785774,0.43040898391286053,5.02661100019904,0.7424325569694372,9.208672851466803,14.38366633946189,0.39165800729534783,4.475304391036479,187.0234815932737,0,female,semi_urban,0
APP103551,6.869716971296893,0.797684155026717,50.86947878320159,0.835482540842088,0.0,19.8623507786606,0.7369339880648624,9.11740145386636,228.85538423566987,1,other,urban,1
APP103552,7.348274760529025,0.6271029604159833,31.44058347956789,0.66595293770862,12.283057429405703,8.773799839550374,0.7075626716179697,5.692475634904798,146.37587986095483,1,male,semi_urban,0
APP103553,7.514942917817023,0.6380049573092398,11.341934667250511,0.48667156979138726,8.952708695384299,2.019486476813082,0.5424970898758961,3.4772656976518377,83.71728833734552,1,female,rural,0
APP103554,8.279750677080346,0.7093354324217688,9.045816359787338,0.8811922887886388,6.319088078839037,30.223861981900683,0.7814587021338094,9.624678656001139,318.31663782110553,1,male,rural,1
APP103555,5.236565421317333,0.7234404544046547,25.644975616857977,0.688140852234608,7.081324489181669,21.41741270304867,0.8005560570286431,1.0,216.0885842077506,1,female,semi_urban,0
APP103556,6.354319326288943,0.4695535521425366,30.608548570964686,0.589171256342727,13.80335997522429,20.9884032545013,0.5612201146088703,7.693660987798921,27.605084977942965,0,male,semi_urban,0
APP103557,6.618245478997195,0.7101402238750715,42.87632190658843,0.6143569084822543,4.730084607560171,19.8894165486977,0.9691250375705118,4.099778128601283,194.12400265006895,0,female,rural,1
APP103558,7.583504713635997,1.0,44.42557023702043,1.0,4.29594272827821,22.11887922298827,0.968148259134472,8.782953770543381,247.3003305740283,1,male,semi_urban,1
APP103559,10.410248913786791,0.5955756760097062,32.61026898197581,0.9263243528436029,5.047768815687068,24.91304841759554,0.8840429601008429,6.886240603861239,159.55373923158527,1,female,semi_urban,1
APP103560,6.897667802625114,0.6075834004036715,26.47117331917042,0.5196349717622769,5.742608245515598,14.116170526226409,0.7061723515085225,4.876704913269519,235.48120453945012,1,male,urban,1
APP103561,4.050727452337046,0.3991708688691763,8.780758820119296,0.6236783804918721,10.785269826809001,12.063389285143213,0.5264354023478122,1.7924300587062059,144.91508766031285,1,female,rural,0
APP103562,8.099405220478934,0.6944079135048038,33.69084163327512,1.0,9.76082613017676,22.06098970548863,0.7988952417547704,9.46945673279617,304.14810878685125,0,male,semi_urban,1
APP103563,7.6018035034017135,0.6535923385314162,27.17025443385745,0.7880018877631638,2.6788108916935958,21.23573232705783,0.6935708768207022,6.259433388334974,123.38607534844456,0,female,urban,0
APP103564,4.75475689472561,0.853888158753977,37.69088284342824,0.6747996389870332,3.0825797905018306,24.57697968395294,0.5914859692863009,6.751987355603166,367.2291033777593,1,male,rural,0
APP103565,7.908993370226623,0.7323388482519224,41.06035663604493,0.9118439018643594,12.053592726945052,16.06687020902465,0.6544749392880645,6.124192860689408,255.8466148329035,0,male,semi_urban,0
APP103566,10.822950716640776,0.6599380292220389,16.713423040761285,0.736986284213696,11.796413820279543,23.057328343845597,0.9108466323116633,8.735685750323736,202.96206554027364,1,female,rural,1
APP103567,9.815069290946298,0.4981489404161877,12.01859565310912,0.7659372235859724,15.257876038190023,14.209037553816286,0.7242144717663954,4.847883452094428,204.4126695638856,0,female,urban,1
APP103568,5.743556033323115,0.4498472225290487,13.505460048422771,0.4283576069328303,12.641700725639868,5.216950490098393,0.6167627057393088,3.0939721354873693,171.17744969800623,1,male,rural,0
APP103569,6.517820099943772,0.30430504251704404,5.059460654813405,0.0,7.141179889855778,5.38383776627004,0.2620900106598434,2.3169947811845244,106.41204630519648,0,female,rural,0
APP103570,10.602646057109123,0.9199777190603283,41.71431434436688,0.731581220117884,0.0,21.211745152077167,0.7220602010578461,13.131462381784424,214.34273504797568,1,female,semi_urban,1
APP103571,5.14612314388905,0.709904389738595,6.910640719337195,0.6806041513881727,10.391674946496495,5.524419943396049,0.5613166325483907,2.0999137560771715,285.40074057598156,1,male,rural,0
APP103572,9.35071200001038,0.7581676130978627,47.58344919568416,0.7664492533645456,9.555267088484985,15.623643796809649,0.7240722376679557,8.947554540575574,299.7532457679415,1,male,semi_urban,1
APP103573,10.261588634151071,0.8047985879806927,25.251681051424306,0.8659321912977843,5.37627447479816,9.712130082628132,0.5144234238844055,3.372917947860563,135.2544922010648,1,female,semi_urban,1
APP103574,6.862017557012142,0.9486122807819737,56.47270794318495,1.0,2.240383555245087,16.746456812175634,0.910435087321924,6.427695335791286,134.45415936784875,1,female,semi_urban,1
APP103575,7.817898221353146,0.7120427934944311,34.96054993590313,0.6718910440425948,10.09452393624184,16.015807511207502,0.807691094086106,5.318808010674754,269.6391887638742,1,female,rural,0
APP103576,7.042883822584892,0.8757529792956682,16.45170340260404,0.6232079619552581,9.303709144405099,18.546260149233074,0.5655866617179522,5.072309840505831,301.3647601484965,1,male,rural,0
APP103577,6.265511077809241,0.48714871892027345,45.61203625562577,0.33027885243966054,7.871942640413531,16.60604143493354,0.6952567682233943,4.265507606070635,206.21787207630004,1,female,rural,0
APP103578,5.809228968110453,0.5668513997666415,25.378197203849428,0.40189487538521035,5.822117574074251,13.106795918461836,0.8533038105735111,4.184221490939916,204.50545636659277,0,female,semi_urban,1
APP103579,6.3831745540396945,0.565549981142462,25.87521163315188,0.45168578367494333,14.984869778960958,4.1391945236544005,0.7984381218965204,3.33617099340388,219.19161893501277,1,male,semi_urban,0
APP103580,8.031965550794224,0.8343261977057594,32.69952300038911,0.8503914237926239,11.935649205555094,12.557011392267775,0.6604617324921289,9.3199528975206,238.35845335430474,1,male,semi_urban,1
APP103581,9.441650249366662,0.5357939546058813,39.24789707980083,0.7341999796975428,0.9295352701885911,16.558543958161913,0.5481153999811892,5.017458764637471,96.8532608379297,1,female,rural,1
APP103582,5.597956541131746,0.7760751608199145,22.553313392472177,0.48610366379203684,10.92618766556668,12.75811401493288,0.5081224257862782,4.66649013086092,41.26004049148801,1,female,rural,0
APP103583,7.205233596458321,0.8157360563057832,24.18255141218627,0.6630917796265927,10.233417538411963,13.789223592776658,1.0,7.984640556644258,305.11361437393134,1,male,rural,0
APP103584,4.814687639405382,0.9008488259354908,22.311904448548706,0.5387455878532581,4.471026492988761,5.8164539263565125,0.773588741094343,2.870416574622932,216.47304990647143,0,male,rural,0
APP103585,8.405310821053266,0.8348459578452138,43.84085716426771,1.0,4.893279898970692,29.288022888895526,0.8252497865631693,8.084644652275353,298.0918543739062,1,male,semi_urban,1
APP103586,7.173791311952723,0.6029215823280484,34.51965759234469,0.7226551513835605,6.876108368485683,10.598808886021146,0.8661737826860136,5.704418823587961,149.76877537780953,1,female,urban,0
APP103587,3.76411178670626,0.6534471063661278,22.936200131818246,0.7104403963869779,6.995371964584339,2.1047071087929368,0.6439079928367446,6.448456556116435,116.80840378508546,1,male,semi_urban,0
APP103588,9.087821061805284,0.8991851236026979,35.65945051413975,0.44616747900885734,15.325698599005621,18.36669476626067,0.4208352308891401,6.153658371053652,212.56856514641782,0,male,semi_urban,1
APP103589,5.553212330233529,0.4533788485442183,11.945548159120532,0.6480197443747159,11.17385933189859,7.776725524633655,0.6349225212039926,10.458098393407084,98.24910502017542,0,male,urban,0
APP103590,7.278171714348421,0.3045525628133124,15.361364400715061,0.5446471104569032,13.974815537978005,7.708970662760915,0.5480542187726795,5.6195936121672725,150.04517291092145,1,female,urban,0
APP103591,5.585094456753896,0.3956150770961545,15.345055699147407,0.6485283129433436,3.459721295095015,13.479583774596298,0.4819562573218733,6.078096609961589,117.21749616251051,1,female,rural,1
APP103592,4.290442889177737,0.6416773646203878,27.148277960705013,0.8182022593226972,19.175261922177,5.4937788788498345,0.5417748169478607,5.817818431602687,208.8571218138012,0,male,semi_urban,0
APP103593,9.12268087999644,0.9589347442205259,26.351799302429917,0.6979171516860065,16.760210118592013,13.837412740236157,0.7470233334779245,3.120965473812709,216.10691818624653,0,female,rural,0
APP103594,6.64095747650831,0.46794263619176335,24.75861427370262,0.757236463219277,1.7817095204313205,12.972774456085423,0.48471798251666776,7.605122901533057,226.18360686071475,1,female,urban,0
APP103595,5.265396064232704,0.5637564990217392,23.79246961528807,0.46499606674590976,10.515797302359635,0.05129165332873953,0.5127797199249553,1.4465969501238156,144.17157159023955,0,female,rural,1
APP103596,8.493350641000667,0.6774232270000138,32.71150106740935,0.7638185157474121,13.600272304150689,21.259860686393466,0.637494383401023,8.33313182727713,371.0720110539945,1,female,semi_urban,1
APP103597,6.36115280057039,0.8793450729238474,20.15776048832309,0.3639864092986954,9.463554863007017,2.6987422517313036,0.6333699812188578,2.6402466645762237,177.31076616937827,0,male,rural,0
APP103598,5.037873512569233,1.0,20.47949551289231,0.7105172804707153,10.229616641111454,10.044115907701435,0.5982515453383754,4.296823780446108,242.75951667385948,0,female,semi_urban,0
APP103599,6.369374092515021,0.5831616637681156,16.44306403118626,0.579741761414708,5.915990505948562,10.975455417761182,0.16937828808045885,5.934894498061691,108.03580536858205,1,female,semi_urban,0
APP103600,3.924472447597636,0.6707055792196022,12.11221060204512,0.7064623839868172,9.798294500803122,9.646833705476602,0.3778819490786536,2.5207974103906476,274.5623014056477,1,male,rural,1
APP103601,10.234529095544788,0.8761633174096082,33.24300766902314,0.6536535730323986,7.9280472825510175,17.718289002266413,0.565090005938734,3.850556427321496,240.25318681863018,1,male,urban,1
APP103602,6.387476318585994,0.6004717138167479,49.90648034424888,0.749740334090987,1.8144924335033257,11.085043297457252,0.5715466879575446,9.799971059887614,294.14168411696437,0,male,semi_urban,1
APP103603,7.912672911174539,0.833883424812318,37.67262946405586,0.6611248575070707,5.178649551800259,13.426844651152997,0.8634360910755843,4.140794092532419,241.26083576232955,0,female,rural,1
APP103604,5.077891242293277,0.437480565551719,14.42988220776898,0.5636226957207267,4.257375287217429,8.440292567698465,0.6335615834850593,6.529926895183054,1.0,1,male,rural,1
APP103605,3.0255674081371797,0.6068309205060711,22.441377280832704,0.5045455202576177,13.630686410722527,10.910476922517917,0.42066092394404464,4.618810191025435,167.7921830622515,0,female,rural,1
APP103606,6.609184153141398,0.77908536916673,37.72560216151848,0.2980576569886466,4.517740256492118,16.11333435990648,0.3447490224154778,1.6148407079041007,232.5582731247203,1,male,rural,1
APP103607,3.0908969894296288,0.643926834174171,20.786990657666763,0.4918533504594703,18.090927576267667,21.5608085787127,0.5493365279863902,6.278404170606458,205.17046874974926,0,female,rural,1
APP103608,5.6832443130605155,0.8067574397931262,25.12328005883301,0.6517115429927689,6.638137296705176,15.143416410098068,0.37820793165410926,5.870041381739728,302.03325592175634,0,male,rural,0
APP103609,10.928379227620194,1.0,50.27325175285009,0.8731823390186838,6.702261547178476,19.901262184113875,0.8030157286650218,4.7825645764330105,394.29887439827854,1,female,rural,1
APP103610,7.467773654981801,0.5206484537622448,39.72888060458041,0.9025299849844678,8.564424234418878,25.281492015315212,0.7658128389852293,7.556938513747545,318.32483864860166,1,male,urban,0
APP103611,5.690746712864787,0.3764352282437767,26.549906454358293,0.854805195083886,2.9664633886933727,12.206645175505079,0.699535280184045,6.6595083588311565,292.31325082329084,1,female,semi_urban,1
APP103612,7.888433193041689,0.8535071007045791,20.693185300610793,0.6341595869289645,5.849451020873245,0.8411905993060191,0.6750118901553842,6.064920568523905,227.22324280976207,1,female,urban,0
APP103613,7.257484115742141,0.9224785182640127,33.689577731885265,0.534521192788613,4.238698264845603,10.858204039919112,0.5855362679266284,6.472879874728916,216.33152536298275,1,male,urban,0
APP103614,4.6940944769016095,0.6252681270412151,26.39029755725683,0.6581091980000643,10.01447158463714,0.0,0.5190576666022183,5.2255415887914225,113.51678676212595,0,female,semi_urban,1
APP103615,8.57375126628025,0.7362499059089874,41.17657736957546,0.6981233275414241,2.3020459614240982,11.951727257894174,0.8138543309306934,6.686232501346515,1.0,1,female,rural,1
APP103616,6.900514806705505,0.9440526820082383,25.25505658667381,0.8100910390667321,6.816002741241246,19.613357630129617,0.4730536701841737,8.264200387626452,436.1275329405904,0,female,urban,1
APP103617,5.5664858781835935,0.7815544541287269,43.16322384330107,0.8522560136709341,6.292502108760409,4.556299871636995,0.6368458428235345,4.535142554186823,154.94980981024506,1,female,rural,1
APP103618,6.220791024715547,0.5157804364852506,14.642632521425847,0.6366662331587912,12.279848552060626,3.799827011865866,0.30001226488222665,3.524395322901671,12.144987712227774,0,female,semi_urban,0
APP103619,4.543046585337846,0.802775376541073,35.594072394168855,0.6977574710260775,14.452843029042363,5.838108236998348,0.8098313620000904,3.98055966602584,146.57956679432067,0,female,rural,0
APP103620,10.209533305065731,0.6844631988176796,25.90372262068033,0.7905710709659504,9.583789501060492,16.18669359122394,0.8180940786217799,4.683680888359918,395.4692409097673,1,male,semi_urban,0
APP103621,5.937039492997999,0.6873533798312831,9.465470075334466,0.7971292269098321,6.614745717950713,8.273607527389313,0.7062979757957253,2.768810629833829,179.5816101252509,1,male,semi_urban,1
APP103622,9.307139742547681,0.7963599463558065,22.8426303217294,0.6962182104354833,10.88218092846312,23.367526592528524,0.6049383717953989,7.127106298949753,282.893999704506,0,male,semi_urban,1
APP103623,6.520578091145913,0.45187915681391333,15.961984447621946,0.45886149040874646,15.499873109023872,9.888173911799331,0.5405678505444971,1.9004334763416717,308.35364859866706,1,female,urban,1
APP103624,6.658908976628132,0.5810412979067695,34.56497670114264,0.6814303149304527,4.733647563330129,22.648406119025424,0.6968886316907694,5.532187449313979,279.5559371579377,1,male,semi_urban,1
APP103625,7.382778505612867,1.0,36.919704610065395,0.6309068769894977,2.86006868095724,16.397163817009215,0.38609530632515426,10.128586185496246,239.12854734399852,0,male,semi_urban,0
APP103626,5.913255404917679,0.4980639536071279,21.363867180507444,0.6415148242638377,15.3878820416711,22.314172257647748,0.5867849945160699,4.222807396725482,5.900055243689479,1,male,semi_urban,0
APP103627,8.594415699333084,0.790519845204832,44.332569153900664,0.7789468865341591,10.667472346849582,16.763897513239588,0.7857728001972215,6.976855649600857,293.7808913626059,1,female,semi_urban,0
APP103628,6.214275294644709,0.8332307138423909,34.18333357412755,0.7667231765211084,0.0,14.670717358441198,0.4957179337693044,6.467798260223142,183.65525542220792,1,male,semi_urban,0
APP103629,3.356838497388475,0.5693159816733904,21.76820498584983,0.5329168259246863,7.2613419708798395,20.91610051660857,0.587108073290271,6.161982052523946,177.47876040457425,0,male,urban,1
APP103630,8.550612093370002,0.7556773576871112,57.05612128280977,0.9222746636442739,13.053510443352703,3.6051630626324283,0.608639972010999,8.414661285850805,171.8762955399031,0,male,urban,0
APP103631,6.019646786103422,0.7574761160277534,30.651191283856175,0.8752438754328563,1.8436253305008528,12.643038207078416,0.8673510226497854,5.223512172786863,252.88558050696517,1,female,urban,1
APP103632,7.274968700580825,0.5523851262849419,21.504606136567006,0.6912172401504519,12.622389140990075,5.82089810297953,0.5666885489084469,7.114054861420049,277.8187452684411,1,male,rural,1
APP103633,9.382418224570346,0.9595708966487209,50.92394490184903,0.9403835313311304,11.412244710582456,14.761038260508652,0.9004575232352278,13.763261084150363,188.65305084105626,1,female,rural,1
APP103634,6.807688872693036,0.6212598558902244,37.60781323602137,0.93478820902605,9.76264432827966,4.812611316468443,0.7048975889581552,3.7380460114291716,223.80951293401975,0,female,urban,1
APP103635,8.832943214749486,0.9402576196780916,31.133986378817085,0.6138687451734586,4.114554776883091,17.041647844263217,0.2028140232839845,7.543793783007161,192.73091951152801,0,female,semi_urban,1
APP103636,6.328028307550723,0.7280875975283633,28.303817157815956,0.5393439273585791,10.15237044420071,6.540678318411541,0.5514620372355777,1.792934472656659,208.70240780793802,1,male,semi_urban,1
APP103637,5.217795779382852,0.51184596920119,37.34051945683687,0.6655122099740629,16.082650174648325,9.569571784700457,0.5590308446569874,4.396628824570934,193.04699958896774,1,male,semi_urban,1
APP103638,7.475664954625144,0.8100259936947956,48.853902576981184,0.8531037354479334,6.440662503091212,22.39370873084456,0.36987788103515856,6.893488369828347,267.6919808795543,1,female,semi_urban,0
APP103639,7.501993446086516,0.6450839058104088,36.372074927096946,0.8925644158106977,7.485759932624639,21.507329405474838,0.8558973892910252,4.262213337979752,214.55234448230385,1,female,semi_urban,0
APP103640,5.16076096860315,0.6830599958350866,18.560436426345685,0.7866088773332673,5.949175296477126,14.289256250183934,0.5933718351108583,7.066321640061844,66.64853404366376,1,male,semi_urban,0
APP103641,4.714815738682058,0.5637444004204153,25.075944629797633,0.49991235004783335,7.965681892137302,15.949060237027595,0.5340329331232138,4.247252288521461,1.0,1,male,urban,0
APP103642,10.553995814695025,0.6465813677651214,29.862750292354768,0.5931710960014769,10.058863325794867,26.57775188338043,0.8464435367418566,5.557737972689054,273.729668364346,1,male,urban,0
APP103643,7.762583293811979,0.5537737943675427,37.02371700042498,0.6144661502860571,5.15053870724241,7.725824110519723,0.5629869251897106,6.250962264348324,242.17174097490891,1,male,semi_urban,1
APP103644,7.87504486167322,1.0,42.597600872045426,0.916739165772979,0.0,22.058812620923057,0.7725675389662618,9.664788859041133,248.86057048990028,1,female,urban,0
APP103645,11.094177559453211,0.888488449423585,72.43047502989457,0.7833425559939766,0.3510508777404049,22.377897498982826,0.998237525837123,5.958033896358841,415.85138736813997,1,female,rural,1
APP103646,6.034545649723226,0.7295948820925726,53.22498706636773,0.5410749694123806,6.268528707591883,18.984411829530536,0.7762659632226556,1.5904921281706272,270.46398832123276,1,female,urban,1
APP103647,9.644587399161985,0.6480002014779548,22.69901424979713,0.7902206575486507,11.936723305533409,9.379524174325555,0.4218549878009226,6.690781435697361,231.34675412379283,0,male,urban,1
APP103648,9.545643045853678,0.8108688748429407,28.429569530585937,0.6851556069695777,14.822089464483856,14.34995629087722,0.7079765357024045,5.267303790924919,110.70495846676019,0,male,semi_urban,1
APP103649,11.855857988831387,0.7043160593367392,19.868638462737273,0.5785383639581959,4.9203334502059715,17.890797674578,0.7847034073782974,10.67878390292158,245.1648602484738,0,female,urban,1
APP103650,10.721721421174749,0.682766922469722,21.848897508866568,0.9014972698152457,6.149499232876154,29.499250425664258,0.9687858172400052,8.198354224457173,403.08075581422435,1,female,semi_urban,0
APP103651,6.90602242646344,0.6451492145087435,26.639292337141644,0.6108218891234853,10.352733660406043,6.724051323926233,0.5360290571371684,5.6191026685998855,298.2879702324259,1,female,rural,0
APP103652,9.548995000075864,0.7348235981455427,21.749869473725127,1.0,8.341687085580421,5.113673357609763,0.554328892507366,6.442421677957331,223.48677380371146,1,male,semi_urban,1
APP103653,3.9731961275457626,0.4982387715731128,33.88331896392897,0.581719821710298,11.937911828673345,8.00919875471891,0.3297886383271609,1.0,183.6376710399144,1,female,semi_urban,0
APP103654,6.711292039797776,0.5866006099074517,43.40565522762718,0.8357439505358797,9.221901564505284,9.730894620626335,0.8917602384106034,6.46692421000394,352.5199556428101,0,male,rural,1
APP103655,9.404642355731077,0.8080882321068915,42.29111316481103,0.9099912502510881,0.0,22.63881613182617,0.9018057540343016,6.682293505918769,250.68633268811885,1,female,urban,1
APP103656,11.778537002251209,0.8112353757460751,43.06816383197988,0.8397615954766828,11.541593202527789,27.387827563894042,1.0,6.883367979280992,374.8313280188011,1,female,semi_urban,1
APP103657,5.417101255762718,0.5888066259691361,43.05924227748987,0.6294268766887227,0.0,13.503984685934434,0.8555142815799286,3.4060686276265884,212.17582832094072,0,female,rural,0
APP103658,6.275891435667402,0.7894072757039307,51.4599768153476,0.94106760690811,9.176803881165313,15.240388393160861,0.5983837778158887,4.58799356342103,342.7010191821526,1,female,semi_urban,1
APP103659,7.287486694096206,1.0,20.270098381108724,0.8321193107765829,9.754822741267434,13.992794078631913,0.5213954304409012,5.489317746374771,131.4733099911835,0,female,rural,0
APP103660,6.955936766815547,0.8250741769640547,12.666014732173716,0.4176787346033903,12.470579825317133,15.502466215918943,0.5374835714420363,3.722203479269839,182.39581018858127,1,female,rural,1
APP103661,5.033940970249251,0.9305253760039014,21.520459534358633,0.4693512091217057,4.212601992163108,6.188538345532935,0.6662071913531874,5.353031761727761,141.18007127238621,0,male,semi_urban,1
APP103662,6.134870933748918,0.4901292372842951,23.08738108127485,0.4057319164624449,3.9743692156544803,12.406556251362488,0.28386870939765596,1.0,154.70966336680445,0,male,semi_urban,1
APP103663,7.175080063716207,0.8260353056633853,13.598169740484455,0.7432010404389958,15.409752912130019,3.719398640765611,0.5617749171350701,2.9932549679134217,226.04916768975957,0,male,rural,0
APP103664,8.2286820632728,0.6959573406585426,31.09007877990497,0.4223931201358724,16.039696038685438,16.103650915307977,0.6629696354672854,4.274652278192132,314.35614084406257,1,female,rural,1
APP103665,8.606121048180814,0.9196999834505278,55.960077760114274,0.9236868285308883,6.590054722578352,10.871822415186413,0.5708706218061951,7.837713924639724,374.52517974491354,1,female,urban,0
APP103666,6.666511985869252,0.7554828343207377,14.754139683573943,0.7699342511308391,12.48739537822199,17.053913856464746,0.46998330168886243,6.235264796016301,110.99706540056677,0,male,rural,1
APP103667,7.352195470078939,0.4984272520089991,12.03580129902127,0.578178964255763,10.962170340444754,6.986509473626154,0.5290713396425932,3.3109081141846555,54.873586170556884,1,female,urban,0
APP103668,6.559120296028017,0.7769922630769629,13.346166670799109,0.6192519532900503,10.740501919512974,13.936152335783854,0.9222865598413128,3.400810038637431,277.3728274632864,0,male,urban,1
APP103669,9.538066294754275,0.847908540731536,28.399358072703308,0.9878576191581997,11.497386021525422,23.553165134459466,0.6997319693801287,7.552760253737247,320.8111212172694,1,male,semi_urban,1
APP103670,8.535194566689128,0.34129018161544994,18.639869166140045,0.6368531455871652,9.704127194147736,6.220436427799571,0.5826100840018031,3.103957874509229,116.24430949151477,0,female,semi_urban,1
APP103671,8.382640857819055,0.6900306145579744,23.506320782636248,0.5180990837484999,13.625866786391986,15.30720652642485,0.57006072471913,8.801385551667048,134.00559912880615,1,female,urban,1
APP103672,5.957445731999261,0.8610661334107272,37.91827115163872,0.577282807858199,0.0,18.02677859975645,0.7232301131799576,6.824745758706334,1.0,1,female,rural,0
APP103673,3.4111437510872356,0.626258436849061,21.127630369537265,0.34851217833977727,8.97240308249999,7.737203309530018,0.41199918264869095,3.8516626403394545,1.0,1,female,urban,1
APP103674,4.487008572759762,0.6326508258399636,20.590907023444146,0.7500590826435778,15.551524318104189,11.695455872277744,0.43894724534142343,1.0,79.18040473190243,0,female,urban,0
APP103675,8.64491653148568,0.6259976156814805,30.41702928146348,0.9821883471171874,16.15916174442365,18.584665092283064,1.0,5.593419367073482,212.90805916831712,1,male,semi_urban,1
APP103676,6.814939913873225,0.6816156652011826,22.740486809552607,0.8240235605374254,10.059926977071676,9.259560657150223,0.5950409062031028,5.381270788793715,204.38500685965735,1,female,semi_urban,1
APP103677,10.95008956781884,0.7281797062962477,30.329893341738995,0.7514900013143965,1.3383238309547263,23.435214027388476,0.4686629308554292,6.695162296136487,296.12049516522836,1,female,urban,1
APP103678,8.248217913612976,0.7091909136075913,31.087223592275635,0.5557157028038012,16.010582790713443,19.79492556108512,0.7960627991734281,6.615135829853825,443.0939858992147,1,female,rural,1
APP103679,7.006690039227523,0.6313016600852254,37.17720429819159,0.6042371929474195,6.20763725172837,12.446669381779898,0.8608870599160992,3.156396828618845,165.60891743188955,1,female,urban,0
APP103680,3.6816433500926764,0.7293397868499749,1.0550321729594074,0.45529325759520345,15.1000291915165,5.342544392672606,0.6164632252056255,2.2140599364038764,1.0,1,male,semi_urban,0
APP103681,7.065672971842712,0.6381547477599654,22.64951469529496,0.5902723157834228,10.306169941745598,8.219159846055673,0.4814021141839569,3.1768463165806495,41.14984416522138,1,female,rural,0
APP103682,8.097685005850357,0.8104672895517505,27.95335546216964,1.0,6.128900190259745,20.926647244039916,0.6046275105095656,9.879067111835639,416.2449924656701,1,male,rural,1
APP103683,6.612339209778776,1.0,37.84071677177902,1.0,0.8224669728311107,10.171293733332451,0.6720459424238716,4.7132455217450016,304.73729324908624,1,male,semi_urban,1
APP103684,8.122383452202023,0.8436693786162274,20.91862630193971,0.7334240159003037,16.747235171391253,14.627428417210773,0.7122887242359698,5.363821255748005,355.56339324755857,1,male,urban,1
APP103685,6.855487608651518,0.9700141548359776,34.50785160418615,0.4906983409677598,10.808271055555757,16.609592686498456,0.7074017957709932,4.002367826194712,226.7976208534772,0,female,urban,1
APP103686,8.01863732327045,0.8514128300538429,42.721401863954746,0.674233431023184,12.97406292473403,13.335374347290363,0.7043581732473401,8.860274898302722,247.72705773182065,1,female,semi_urban,1
APP103687,5.844770611621105,0.5693909565953866,27.583739451425227,0.815951333607333,6.774898020030101,6.0094393172604805,0.7352544654272564,6.819624608727158,1.0,1,male,rural,0
APP103688,7.402016285713671,0.65844829230109,28.695384973688817,0.8917280587754269,0.0,21.55245078557256,0.9348237105335078,9.067417595372438,268.221855378998,1,female,urban,1
APP103689,5.951706476615792,0.7150847012030224,32.18724255970982,0.6478887729114263,7.274562016726007,11.499247863661292,0.8136442988391481,6.7319614419549385,195.135310289577,0,female,rural,0
APP103690,5.98160021503389,0.30699523372011517,41.984440886858906,0.6685286562128586,20.354206774225858,13.27430158008932,0.5398927763487562,4.066302453133586,292.96716091209714,1,female,rural,1
APP103691,5.165424791747347,0.6902939671321919,20.511251121838164,0.5554742479995758,8.160797738004412,5.577996311549607,0.4486601985248161,5.72734027679128,222.56285154548308,0,male,rural,1
APP103692,5.7712430268552986,0.7661946791194054,31.708773965880017,0.5656795327064723,12.597968166589212,14.876662477051308,0.6852134583519525,4.8327638385189395,403.00221672666703,0,male,urban,1
APP103693,6.997860995661801,0.7154987191940373,13.64658139364191,1.0,1.191094630145325,9.886372074858503,0.7724141907107082,7.082172769461867,232.25609433806883,0,male,urban,1
APP103694,7.147775681868493,0.7854666021631544,29.968599510771412,1.0,0.37871067548665316,27.26122615430147,0.784879518219923,8.99127612341455,306.31735920049624,0,male,semi_urban,1
APP103695,6.975667951124206,0.45204402410183187,27.279952834944005,0.5339044418908404,9.710857845321502,20.702611375690054,0.6266761785262398,4.210533479315911,163.38556789399868,1,male,semi_urban,0
APP103696,8.567687116016083,0.9922730120586519,47.153596256383175,0.5569057762885208,15.593333714781505,16.855794966935694,0.9932987319271123,9.328978657823804,210.76550154733638,0,other,rural,1
APP103697,9.610842338375347,0.7039969899761821,28.91983909757539,0.8117604643099204,11.590702026454888,12.117031061592932,0.6854724093843518,6.7645085777229825,287.8081790282608,0,female,rural,1
APP103698,12.376027039081118,0.7239175516011425,71.96969243811598,0.8938276776137007,0.0,27.75958531490044,0.983234986180603,9.941881841833457,312.48471920468455,1,female,urban,1
APP103699,8.489087584076634,0.8132391639979556,35.97749678117888,0.8547038513945525,10.229753792083935,19.538819129618513,0.7671197954066452,10.412744149539169,383.34196757312714,1,male,rural,1
APP103700,9.891951416011857,0.8644514747726765,30.571856516829737,1.0,0.0,31.76562886584882,0.8490957913170563,9.951737836348402,249.82894017835812,1,male,rural,1
APP103701,6.066023403159546,0.5099509486353417,30.604932080743588,0.39615996737897285,9.362651502183352,18.89044685177523,0.5937819345216712,1.7752519270556757,77.19231963744653,1,male,semi_urban,0
APP103702,5.741768951096331,0.4998540435437568,5.721883043751136,0.7701741273345011,15.1208853332571,0.0,0.37163061945129156,2.4282293057451296,1.0,1,female,semi_urban,1
APP103703,9.052322003120086,0.8309557284208164,45.146408163859874,0.8203024136161458,10.379124921001203,27.383373920713794,0.6693908579239924,10.382229226687869,339.3049898335428,1,female,rural,1
APP103704,5.827072814140501,0.8266098304910781,13.933958515020766,0.7315160932926178,17.38051781909007,10.124332005260467,0.6208523062118185,6.580161293948395,34.07629344385461,1,other,rural,0
APP103705,6.08981500466508,0.81191995829019,20.159575210971802,0.7324541659049963,8.205753286684494,19.819841731519134,0.45615595341475873,6.7568466849229045,240.38614761180838,0,female,rural,1
APP103706,9.478093200181018,0.7761530158387939,46.93980510777982,0.9548520658109823,6.882088231297895,22.954954589066432,0.8283740836183422,4.572123145317514,165.7802742182767,1,male,semi_urban,1
APP103707,8.128579360341174,0.9062331863667641,34.455359816311415,0.45881990976999304,11.988176650557115,22.597978582014342,0.5787350631241782,5.666855083661881,180.25028021514936,1,female,semi_urban,1
APP103708,10.392113726968784,0.7853188013714244,54.56373213879945,0.9270876614147286,0.0,24.061299150317556,0.9791756801006813,7.985270465920544,202.0481534080734,1,male,rural,1
APP103709,10.554406991925802,0.9056797171451577,32.910882939162505,0.7638398100626529,12.046135158907157,19.470995872228304,0.7723687487702174,10.0696939941236,384.7401886633646,1,female,urban,1
APP103710,5.375343799904865,0.6769539086859226,10.289220383505484,0.6845899874036292,5.920125445300703,7.949833793300187,0.810840603792803,7.0952370132949145,167.20299385331458,1,other,rural,1
APP103711,10.039321630314594,0.8664194000331743,32.21905551734119,0.9994018233144449,6.574736430709177,24.832182506475764,0.7158176334180636,3.494664439198406,257.41613482275113,1,male,urban,1
APP103712,1.8797122110519053,0.5481000502561107,51.230038872173424,0.5085893895580826,8.503476157308294,6.377443906463628,0.5053711198262071,6.0373732829534,196.66027975431115,1,male,semi_urban,0
APP103713,9.73695593102539,0.5185397247048584,37.3888599552026,0.5691194027344658,2.5895131069796804,23.779051262730317,0.7666890467277977,8.642838003407707,142.67382226971077,1,female,semi_urban,0
APP103714,5.559367673570594,0.8738295952418924,38.94114367853623,0.7117308929186995,8.984869341398106,13.068242141517667,0.7411980722326387,1.9689306992494595,61.43480214441823,1,female,urban,1
APP103715,7.247665401006402,0.8927390564886177,32.8993748950597,0.6226142220791301,10.337685161023916,11.445811122395904,0.5987446057226509,5.32937579790978,86.3468646310751,0,female,semi_urban,0
APP103716,6.799483747568754,0.48010847065920964,20.1017225734674,0.5043525693548958,9.436862641025686,11.242480206041993,0.5192477691905637,6.393365725285496,142.1848527543691,0,male,urban,1
APP103717,9.68601341539641,0.7935896259642378,63.296131472788375,0.8159736317369786,4.902316560103016,10.62949188126329,0.6741882864117453,4.511069556501784,255.6162240103571,0,female,urban,1
APP103718,5.688984850297453,0.5781381423546298,29.673034606722897,0.6873778318080516,17.538331813853112,4.582555496800215,0.9354664234145842,3.910553560394359,219.38885769336778,1,male,urban,1
APP103719,5.5281704772333935,0.9489366828018796,44.12185194601186,0.9254318847346691,14.8889696857024,25.381666395215365,0.5442431182544252,9.449013220491517,284.2508893136926,1,female,urban,1
APP103720,7.456539936550715,0.8001616471323608,45.533460316864335,0.6731247940950418,12.05374531652107,9.558045334297566,0.5485764177370342,6.217842186995356,348.8966217258228,1,male,rural,1
APP103721,7.8361561487288,1.0,24.25696537839925,0.6707671144742879,6.668943715191089,31.481312818494835,0.9236077116730929,6.825938723770887,300.7824324609146,0,female,semi_urban,1
APP103722,3.1996894580905635,0.6063501427378581,16.847395706517148,0.6527213002772625,1.5088852326028235,12.10762835026687,0.7547362090837084,5.472917538663274,46.94315662125658,1,male,urban,1
APP103723,5.004345298583479,0.7930130428890942,15.162588409261469,0.5334647662022403,15.951106753087066,2.9742383541827913,0.33964892923019985,1.0,1.0,0,female,urban,0
APP103724,5.343813206656186,0.9423672927795371,39.65882482225264,0.6879434367661648,11.45590740391563,16.959726003154383,0.3836023864600103,3.809665535242846,117.21245011736411,0,male,rural,1
APP103725,8.335379611899803,0.804156416008151,19.18998161617612,0.6460469533830827,11.012576746753124,3.8963020289996635,0.870995154428882,7.4191311123315105,240.49300510019762,1,male,urban,1
APP103726,5.787129572633365,0.6493124429982715,24.263950867870548,0.7112246783941855,4.263847209134409,10.519657805831548,0.42266798492444557,6.772881115955096,201.20658080335636,1,female,semi_urban,1
APP103727,10.450090686012851,0.748122211805721,30.962194942738506,0.6217616712792191,11.063940327650274,15.668121054152653,0.6187044159110399,7.474972167053488,225.9324170165462,1,male,semi_urban,1
APP103728,7.960473315462056,0.7911801478640342,22.324589728079783,0.8075293701115116,12.670201262028469,13.15144720720522,0.7764798553136605,10.5154590077617,288.0580205781405,1,female,rural,0
APP103729,9.06933073775568,0.9649112127448971,33.45314663939445,0.7858255236028068,0.0,16.586907490171633,0.6077542105981497,8.737680309088608,400.0371113809135,1,male,urban,1
APP103730,9.449328115055396,0.753700247087987,52.036133430198255,0.927651425676073,4.962437280656397,31.859900140362434,1.0,13.385978141547639,349.70836465580186,1,male,urban,1
APP103731,4.115126253406449,0.6458543064447864,12.467474759667514,0.8690426130175506,4.991050216851674,14.41634627245872,0.6156421380707073,5.53161717447139,218.98961696960396,1,male,urban,1
APP103732,7.0530044956436235,0.6816770398981314,46.27378995718881,0.554830549662951,6.638478950910965,18.197583364267878,0.5477009605750288,6.9854875173979725,371.68903319695437,1,female,rural,0
APP103733,7.949137052703524,0.4290052962278263,33.5945552000026,0.35272740203904485,3.6788379093186325,10.462592480374493,0.5158295329117704,6.565094721095291,37.93063981847473,1,female,semi_urban,1
APP103734,6.355155990973783,0.7256486552961177,24.173094208172103,0.5197841286731462,9.858038782629723,3.2235740920421865,0.7155610153279759,2.680160564337328,286.4803191122021,1,male,rural,0
APP103735,6.3294348285311175,0.8440603362271956,28.697899391138243,0.535004326063785,6.823421692969543,13.025820617895903,0.5889649648045312,4.140312114012746,1.0,1,female,semi_urban,0
APP103736,2.1750658902122195,0.4288805726715095,3.237980662781288,0.07514262803968552,16.220907908974933,0.0,0.5221873887812104,1.0,3.667506916591762,1,male,semi_urban,0
APP103737,9.790155310670036,0.9760843637695523,34.4438360706638,1.0,8.197034320016513,15.59415806491804,0.8004580415682448,7.319828151327948,250.85076174282756,0,male,rural,0
APP103738,6.587700355832428,0.3930160403535537,27.369369995894374,0.7308418211227321,16.511123624972768,5.2657351852905085,0.30002379692733655,8.752800968876876,10.928164963785036,1,female,urban,0
APP103739,8.637772537161087,0.7284369259058444,25.719385493512334,0.8530227783407418,3.8706385738265348,6.048356249232665,0.7930812930098342,10.139833870679288,213.79529720575675,1,female,semi_urban,1
APP103740,5.328788819711453,0.5970583702342509,24.32723340947485,0.5876766097631503,12.739442633639348,14.045944295234568,0.7060737133169459,3.6640868085628355,142.3919098854183,1,female,rural,1
APP103741,4.461949586688045,0.712396424653431,20.94225746296579,0.7872609936069033,2.535983862250414,14.309174926033643,0.925407350222401,5.143617551639076,276.0289044619691,1,male,urban,1
APP103742,7.804142992840768,0.7126152900861961,34.5353154393909,0.6618666443843237,7.43838680482063,11.913324912901588,0.36520537844163314,1.7109629077458637,273.87935504902265,0,male,urban,0
APP103743,7.0960647080221175,0.6957623408922778,35.919479113753106,0.8553815558362156,7.9575536026455405,18.72101118816486,0.18538024988997215,4.157850565493524,231.10878265820105,0,male,urban,1
APP103744,7.341111733180123,0.5254064675595925,3.2446298794830355,0.6223787850810947,7.462281545998008,0.9572637551231544,0.6003280117957442,2.052774392552018,223.33680810025805,1,female,rural,1
APP103745,5.2294711898700825,0.5627855474780324,19.791315212212584,0.5834990665073515,15.027328260223971,2.236677361814854,0.4089658425081146,2.7024602290515354,177.36148798446868,0,female,rural,0
APP103746,8.298140506683586,0.9955725752297347,22.981365763903582,0.8333147773129708,4.033098291144485,25.1410972583976,0.5493605863630379,6.6824237418817685,249.07327901230008,1,male,semi_urban,1
APP103747,6.566521571919095,0.5425681484550064,5.033429414153712,0.8653654189433813,11.24368631762583,22.875834580703106,0.5778496459444675,5.017037511221079,167.74881681816007,0,male,rural,1
APP103748,6.07418548954386,1.0,23.87857005134961,0.7478182987425802,14.193517749366645,18.319739751743914,0.5800699590691802,7.509340412660904,151.26523511063021,1,female,urban,0
APP103749,7.529699806722697,0.7045522246535503,66.95359595224147,0.6828638735734546,2.3676752964075183,22.34920354555603,0.5833550824114422,6.540944964450569,174.57649103501467,1,female,semi_urban,1
APP103750,8.50523835777272,0.8461476330228458,47.66636707392692,0.8993347325096965,8.396135098865829,17.59764478525748,0.7752543614103726,11.076627240108285,331.11632800219326,1,female,semi_urban,1
APP103751,5.933546283800496,0.8066246918891813,45.80597491380274,0.8219177795898638,14.481360905834794,13.252865124988247,0.7611549817322286,7.1102081412980205,90.80796573711044,1,male,urban,1
APP103752,5.559020296254588,0.5830808471605526,29.500146351958158,0.6209932838860677,17.468469355182805,12.478557933351958,0.5847947170492105,6.313444922212989,138.26280944371746,0,female,semi_urban,0
APP103753,11.571638722299712,1.0,42.02821395978823,0.8418568068154991,3.1806317510988324,27.405479877239436,0.8159009293076017,7.33730185258998,86.29386378247017,1,female,semi_urban,1
APP103754,7.814573582134967,0.7318233003097285,34.457654119615924,0.5088643067222925,4.88523545951688,14.63479198754949,0.654065764513057,6.093750995081201,178.91926290983287,1,male,rural,0
APP103755,4.648240950617134,0.4816769153719192,6.721390544480799,0.5285251498541541,11.015912286743097,10.41040357588501,0.16180786157416732,3.155266255454896,3.8812331926935144,0,female,rural,0
APP103756,9.674206487524003,0.9288024223628306,36.7852897438575,0.5688295927104523,0.0,11.574492837272887,0.6711963336029626,9.397424727823012,278.47243264373844,1,female,urban,1
APP103757,6.396361143881419,0.5899232523150253,45.57320986959667,0.7349115651024035,9.951447893493865,20.19697743596082,0.7388026140850678,8.150326261526113,221.66283137947778,1,male,urban,1
APP103758,12.747897183781681,0.7493266306671726,49.067641493867896,0.7755193871603228,7.045208219594427,18.35073701211496,0.7609954247124127,10.390400214101403,299.1292183971895,1,male,rural,1
APP103759,4.831179424855225,0.685847778202149,33.55939885753557,0.7615809220949451,12.035815783983482,10.773869574253695,0.40241304172721015,2.9712221461524306,140.79361692247656,1,male,rural,1
APP103760,9.582655473362085,0.7920164058187346,29.287681376876517,0.9257624773851307,2.1064451190172138,16.66892645328345,0.5028186408545628,7.827775018840251,133.816348449846,1,other,semi_urban,1
APP103761,12.039585564675885,0.8844253489737451,59.16369247634381,0.7063874256731683,1.4124561039104848,19.14543789114252,0.7760317512117552,6.168333005097876,261.0341090393681,1,male,semi_urban,1
APP103762,2.3796291003316448,0.5482194057116461,15.9745253249918,0.5750174729885602,19.5458568762444,3.279523750585609,0.6212802697998424,2.1998852816996557,59.523036519332116,1,female,rural,0
APP103763,8.724611737850125,0.6305482913510616,48.320765438912616,0.6427441090664775,12.159048363996812,15.226224400727206,0.8394144209885434,5.92790042721727,174.9334644583406,0,female,urban,0
APP103764,7.186259852459999,0.9105183764389091,39.40881560277562,0.8405750290109034,10.486952668794896,16.36655167925325,0.8995279156302557,4.510752159119913,190.480421573291,1,female,urban,0
APP103765,7.731660575720632,0.8416334148769518,35.6622170119189,0.8582072435323164,20.84519901531253,20.95936212726186,0.5478566771118453,6.2651258460771535,329.72204103657043,0,male,semi_urban,1
APP103766,7.810055116157726,0.5707040465339113,18.347285774166693,0.6686260286155365,9.586478148661865,18.362712138863383,0.5110275448962134,4.185438366393517,51.877640139348074,0,male,urban,1
APP103767,5.272868483284572,0.5461640768818502,20.628538491794643,0.722918188621446,0.0,20.818901846993036,0.7306812505414708,6.470317275570689,64.3139207002506,1,male,rural,1
APP103768,8.45564301604994,0.9738623558341242,24.622267642487486,0.7455008651225086,0.8549896784431912,20.65848443654274,0.9036625227163442,6.6189555992362905,415.10467756105356,0,male,urban,1
APP103769,7.937541054731736,0.7487679434135581,43.2052046052567,1.0,4.047401806733012,25.4888114926224,0.7007059801978621,11.059107898460246,288.3637551382867,1,female,rural,1
APP103770,7.185746401311464,0.7355848255573044,16.781181537380434,0.5999627567858437,8.280064684282321,12.231872672959144,0.6708348019997753,9.654683968542797,114.68339628133717,1,female,rural,1
APP103771,11.493234993915825,1.0,57.86873123862282,0.9503873403796149,1.3296155439008137,21.566435817152957,0.687736997526604,9.86112944978242,332.21492999895213,1,female,urban,1
APP103772,7.17399799606188,0.7542641664778039,28.672555301522486,0.771011602771683,8.174658909834664,15.919919875624057,0.6576584218606445,4.436005392180361,258.74988184087493,1,female,urban,0
APP103773,6.427540870210992,0.5841688555916682,30.504866295373223,0.7883137017249573,4.154290553533592,13.074517424557799,0.5507516277720769,6.692970512943127,266.0532489778507,0,female,urban,0
APP103774,6.152474810412917,0.4370030953328452,8.388280573296754,0.5558434315567999,13.741569604645807,11.719659447036042,0.5391348420290231,1.9957340508750885,59.68001388502037,1,male,semi_urban,1
APP103775,5.062674547109353,0.9919762649347342,23.34399242479427,0.9431707084173154,14.569549009754187,11.496563555778526,0.4825957558214454,6.1025313307093,172.47930735107542,1,male,urban,1
APP103776,7.561059101493644,0.6651153297287816,18.712428215939376,0.5481187220208636,12.416542611466557,30.711248944320758,0.5565310209933562,13.350303922687328,270.93137493375775,1,male,rural,1
APP103777,6.926883396256601,0.6551621807159557,49.611782326877346,0.6038311958426802,15.184577665989927,17.876018879951886,1.0,6.356858832754713,266.63865801421775,0,female,rural,0
APP103778,10.411643461888838,0.904633418640123,29.211042118671266,0.9918880982322476,0.0,23.077919617792425,0.8463485047219361,9.580459050033745,325.6614802073015,1,male,urban,1
APP103779,8.452940969178535,0.7234510885349532,21.64641960001985,0.6563020717370966,5.929223485160644,15.401115634621641,1.0,6.80260512267472,169.68112015419828,1,male,urban,0
APP103780,7.361203622995675,0.756634376817254,41.482457568182426,0.5511075537271628,7.461073749328516,23.09328351933651,0.8395619326896249,4.592107341360106,142.06612556803395,0,female,urban,1
APP103781,8.568859239041458,0.5871630520134614,43.53524496264004,0.7756656420415311,7.2033551728048595,14.09999212769814,0.5388201347123182,9.108381539581407,266.6195358465479,0,female,rural,0
APP103782,6.58281806939723,0.7194379283074452,35.79717310500727,0.6645260664863961,5.801593809897789,14.034807574434623,0.7680149760407156,4.47813835080812,381.6323865862647,1,male,rural,1
APP103783,7.036882833583535,0.6553004740166848,20.23092932629772,0.6559164087413064,11.994211892999488,11.950316649370684,0.272887403987108,2.7405690520729915,84.2729204895436,0,male,semi_urban,0
APP103784,4.36169817565992,0.6960535187100232,29.989333876780123,0.7412898444464094,18.986656942601975,10.89291009257387,0.4729359291234474,1.16295568747679,428.2032039405401,1,male,semi_urban,0
APP103785,6.2509424159178755,0.5222909413116723,22.73305711559128,0.6349260989185949,11.706329470316453,7.524107338080714,0.2524639428393811,7.25212656272552,116.88967811730402,1,male,semi_urban,1
APP103786,4.608386021431816,0.3985130267211544,1.2239105667963877,0.7164346807412348,13.808984453358969,4.848038640916012,0.22857798342150318,5.009805193952437,1.0,0,male,rural,0
APP103787,7.800885213892674,0.7291499970022104,37.070271503799674,0.5137644847207327,10.167934815280788,13.400197093754485,0.5181477775443355,4.405517376914274,239.42933720747678,0,male,rural,0
APP103788,5.298793840626538,0.4502655577198561,29.465584677144523,0.676909980025684,13.231245437176682,12.867446044009062,0.5020567168884382,1.231035629227022,264.5991154273572,1,female,urban,0
APP103789,7.665754881459159,0.8317565320698249,36.235968315309364,0.8586984583865108,13.540721363175308,19.723952290835918,0.5797189928327863,5.763056395292109,207.09530721688165,1,male,rural,1
APP103790,9.122595901888037,0.727289916511753,17.84008553404994,0.8756667976464182,15.631935645847708,18.20973931713257,0.49916996315679635,5.986137995875721,230.46040590754788,1,female,urban,0
APP103791,10.073205762798915,0.7012263395036622,32.22390785846943,1.0,0.0,25.40407983655379,0.8045813511757464,12.602501701003156,255.13901079125262,1,female,urban,1
APP103792,8.924386730637902,0.6543547050039148,44.04858129720643,0.7630893059349897,5.683764718718005,18.45512472215789,0.9610271467855633,11.054068046803595,268.7433078946059,1,female,rural,1
APP103793,6.87717793666301,0.6403658871857131,23.734079169491892,0.9023184090992192,6.251749135417485,19.344867359904775,0.735238978916107,7.976785704723607,27.023251457125326,1,female,semi_urban,1
APP103794,13.525993230571892,0.6185653768338422,20.228528299637667,0.8329454959384438,1.1456799871691763,14.868806608375603,0.8309703908853578,8.00062371926412,401.95599647634856,1,male,urban,1
APP103795,6.552703804150488,0.8435595686169766,38.214149515129336,0.8922834821781305,9.361908358447758,19.37782144999719,0.7879226755874797,6.863665162998875,227.88319191844906,1,female,urban,1
APP103796,9.68713278313959,0.6705922417275345,47.141807064358694,1.0,11.297041623497336,20.14076345395826,0.5485267447281537,8.424602361959515,381.4384902234491,1,female,urban,1
APP103797,7.7096328250778186,0.773981130460935,29.973414748361602,0.6216740188835763,4.550140404331427,24.808602263358857,0.8103390175698768,6.99067318925571,172.5878865895204,1,male,urban,1
APP103798,9.49388147221361,0.953144366651469,51.00747708543467,0.6407120355689528,10.396749706173921,31.41355067312939,0.6859958570186309,8.034916110627375,334.5706775219899,1,female,rural,1
APP103799,7.180068278736502,0.838387842724788,33.447618357991715,0.9948090924664197,1.0696727215835988,13.382213400920959,0.8746397680157104,3.1416439678810018,317.5433456726598,0,female,rural,1
APP103800,6.856613590019773,0.7792395758866817,33.83657284633066,0.8448643237104811,9.500121920656238,12.987420497501075,0.8174410265569871,10.685702713039085,361.32801271022754,1,male,semi_urban,1
APP103801,5.137279760254876,0.7018982520336599,16.339810239292877,0.5211902996197365,9.387612604156015,2.7071952448220427,0.524875676740097,2.7299792121901323,160.54492940630092,0,male,rural,1
APP103802,8.00101644047726,0.9429685459801083,46.64605938918526,0.7401323915927209,3.5643209032780105,15.279373560200563,0.7838296796198404,7.549418600250868,67.8863506909548,1,male,urban,1
APP103803,9.906917213858016,0.6647614342048485,13.700118512885235,0.3273540219199695,10.889376962747326,17.81016287356858,0.557252680337714,2.8057129159211076,39.58848125722754,1,male,urban,1
APP103804,10.559046390289412,0.8779665240780453,49.447326528892546,0.9027706604188402,1.4493215671288433,23.583914303252698,0.6947766228891099,11.336145339235582,370.7420895140516,1,male,semi_urban,1
APP103805,7.620746731603707,0.6061737683853268,17.272757853969402,0.6339344037486615,0.0,17.079784355732034,0.4959769923791131,7.876056096390768,139.48794437860087,1,female,semi_urban,0
APP103806,6.441652553708526,0.45707723849908755,13.522082795812283,0.6262447888893998,14.374614782034675,14.317081412431897,0.794234969268757,4.225370885696383,145.55337636070763,0,female,urban,1
APP103807,9.374199575313815,0.8666373825346791,39.64853169968568,0.7006609155005082,12.797385708971353,8.745524332172835,0.6334033513644896,5.90674976793705,209.4131730866431,1,male,semi_urban,0
APP103808,7.762055609668998,0.9387079206512473,31.207858788201314,0.38466333695911925,2.020060207224362,18.84702250217663,0.6675686091503552,9.526894596763558,343.94041265218414,1,female,semi_urban,1
APP103809,7.349420902372931,0.8445923596383934,31.32520763065306,0.8452587599393917,5.346927197157131,19.67956455570276,0.779466702799936,7.027728126968804,146.1596390893605,0,female,urban,1
APP103810,6.941312988301037,0.7981949743064516,70.42559843418786,0.9634970167212241,0.0,20.445460887858793,0.9349342804540669,10.851839424827988,442.15817329862955,1,female,semi_urban,1
APP103811,10.525608465593418,1.0,56.380192817213064,0.9750490785440935,0.0,16.32611903502516,0.8245530680533454,10.336435652720203,297.1717578767998,1,female,rural,1
APP103812,8.259786205083355,0.6648762832754225,22.553433846226817,0.6965514593134847,0.0,9.54550724859729,0.514257038641518,5.631562095571871,262.4638871677612,1,female,rural,1
APP103813,6.384258946455769,0.6382344947310672,29.60770164857894,0.7981629326078851,9.970287499419188,23.197335946132988,0.8334721495274676,4.833054888215206,235.23705412650375,0,female,rural,1
APP103814,7.051367851440678,0.47386540284983203,15.691325664802259,0.5933273492194294,18.226425257602717,6.125421209948592,0.6168027332864862,3.147652497165095,277.81431092909077,0,male,urban,0
APP103815,3.195980569338961,0.7539654463929619,26.76524566004826,0.5617120044539775,17.344112938809744,7.043588610917039,0.4712178819203793,3.86625307470244,204.0802355193907,0,male,urban,0
APP103816,7.313641481476258,0.5884990990986043,24.9475904400828,0.8583887036182405,7.96579989929453,12.595181236486802,0.7296768325175927,8.447441295562355,443.2115375801761,1,male,semi_urban,0
APP103817,6.808564974504839,0.5626126968965619,17.15360718776572,0.7396056164435632,12.778760257482354,15.661070432400873,0.5017428011904772,8.130449821713295,340.2122764521122,0,male,semi_urban,0
APP103818,7.675754406183916,1.0,26.84028974105943,0.8737938138381579,15.583478150390327,7.93357233311313,0.5790142990830258,6.5490810130524455,112.13637019651851,1,male,rural,1
APP103819,4.5543273865026475,0.7639306013569974,6.23837500896698,0.5292195616985769,6.777103241920478,13.369737151502113,0.45826479446145607,5.858747607738411,104.02614425921944,0,male,rural,0
APP103820,6.505491733002876,0.5279496928498415,15.300954743215353,0.5989033876069229,11.285521270610271,9.505996776202867,0.3815141110864875,5.133046204763762,61.24275581474508,1,female,semi_urban,0
APP103821,8.359967864470825,0.5509636450169938,30.335377577937006,0.9937718070340915,6.058310290701001,18.180457475270163,0.8353154653248109,6.9506220809772055,243.84602415466173,1,male,rural,0
APP103822,7.7526975198091455,0.44242823928378655,29.06175152595682,0.6943090310719497,6.819037537256232,12.031577792762477,0.48718099739454507,4.717910814330857,207.19074881010556,1,female,semi_urban,0
APP103823,7.5962283699435575,0.6937755766227984,14.48256195308177,0.8413551902931664,14.428727359424254,13.558808818550622,0.3394701509792213,7.182722945905039,190.534973185873,0,male,semi_urban,1
APP103824,9.411810716795355,0.8938404120706183,41.15476629254647,0.8405427595294634,12.910999436974786,17.873467813941,0.9521490024360019,10.340096339909392,198.86074645314102,1,female,semi_urban,1
APP103825,8.446761513531555,1.0,49.21072388196189,0.8617416445744905,0.0,22.727340049943763,0.5782378788554763,11.121716185685916,356.4313687204137,1,female,semi_urban,1
APP103826,10.19422020048233,0.46007249750794055,27.350409861043975,0.9226285225070814,5.178677500899676,18.603824465445392,0.6467516187661332,7.996121523803152,208.7587487546339,0,male,urban,0
APP103827,5.6592238542141855,0.42292263804560654,39.56326082250146,0.7147094799695689,9.202271219599318,8.611975657126441,0.38782014387016106,3.9532893921715244,107.86962099184447,0,female,urban,0
APP103828,5.195706448618587,0.5861659969044486,24.764933202030473,0.3870094308546883,17.163907626226575,9.606837663332522,0.42155322286624164,3.3700276191792,152.82385235030065,1,female,urban,0
APP103829,7.328876536348877,1.0,9.796039974560655,0.624081846596318,4.697433121364498,10.290560385001928,0.8425637735228189,3.4236813689797767,118.36359715836377,1,female,semi_urban,1
APP103830,3.9297911188389367,0.6912614699699184,33.46165397775474,0.4164138552805151,0.0,10.457241139231106,0.4577354684897632,1.7071874708376613,1.0,1,female,semi_urban,0
APP103831,5.901135923165011,0.6506345418710268,15.291067970028706,0.7972267879716924,15.789665350498057,9.355302127859973,0.5723789780611704,4.443640251049487,60.14183334997034,1,other,urban,0
APP103832,3.8709962939985125,0.37994467675377497,19.520224023174286,0.8346821234764707,17.585757142622928,3.748896795477572,0.5981772152964069,1.0,155.69726944581026,1,male,rural,0
APP103833,11.820548977763575,0.45144855544159324,31.382359295582006,1.0,0.0,18.90458849136735,0.6397843880350268,6.311349257647323,257.78901411156346,0,male,semi_urban,1
APP103834,10.062849936706304,0.6791519969463191,33.84073996507413,0.7486171409459125,8.311632378534787,17.01794709231727,0.7779267116009236,5.602781401940297,15.164301646584732,1,female,semi_urban,0
APP103835,6.500851723393804,0.6628421229966207,23.18199629525212,0.6307308424129832,16.429742902780212,7.221718865619609,0.6785858156371666,10.558264685453029,256.20276673911246,1,female,urban,0
APP103836,6.556130110229546,0.5782518285825593,18.44950295443546,0.6814895781222232,5.464977117422113,4.313822737196046,0.6610992084091311,4.377311876982479,144.36765821805633,1,male,urban,0
APP103837,5.048775294353118,0.512333322304718,16.646077100513185,0.4371144885065417,13.076314985982183,5.158861390471753,0.3780332217549476,3.4705194493498777,16.492663462907117,1,female,semi_urban,0
APP103838,4.025907068605049,0.4243339836818733,10.27333525720569,0.892985292657667,16.259263383338407,5.867703584164468,0.5123324082196841,1.0646819489885173,27.23737598758774,0,female,semi_urban,0
APP103839,6.246497490715067,0.4911570304151045,35.12044733685069,0.8341823227762181,3.0387249242807854,0.9055948265989766,0.5709132608581732,8.195139184141823,178.22274070513546,0,female,rural,0
APP103840,8.091464518446362,0.9852506144862281,24.33626726644109,0.8571064530098056,2.4919351984278353,21.711672849990844,0.9154935081161409,5.9097090106696495,68.84196002816205,0,female,rural,1
APP103841,5.623715679914765,0.6273352082602082,35.05682398349372,0.9424111386571887,0.0,17.103062867068903,0.6443427103891816,11.271886106128457,293.08279218031936,1,male,urban,0
APP103842,6.025113701797739,0.5672830391480362,22.67812300900637,0.5485347852294972,10.372657585713851,0.0,0.840713878272598,2.6942203628297214,230.3353492050518,1,male,semi_urban,0
APP103843,6.2122775621844815,0.6458527422061382,24.407958406448337,0.5044850516411404,5.735027104520133,7.019880437271729,0.6404515393974508,6.9175506884168065,253.9371128664424,1,female,rural,0
APP103844,7.811630375044175,0.8288306962609522,41.74296437456351,0.4187617181560259,8.237325912712084,14.641511654933609,0.6598281277968073,6.344377860716257,331.0486471516497,1,male,rural,0
APP103845,8.170992808519358,0.6580434138316155,22.68413690929733,0.8340037248474013,8.170497287948365,10.428211541320877,0.7209436251053359,6.591604372486868,204.16912048107525,1,male,rural,0
APP103846,7.081037976559935,0.888146671343558,39.40845456621614,0.7403928630708578,13.492867616909672,21.924129382192817,0.7007688227326241,8.847908958020597,334.13484738877474,1,female,rural,1
APP103847,10.939588984589653,0.7881983053787486,33.31382088497048,0.9999351842271813,13.531214727512845,24.691578430728,0.7746362599191345,12.159964970867515,365.86927746900216,0,male,urban,1
APP103848,7.550894679984648,0.6591282962396735,23.419393251198105,0.7083003856483956,9.619048746318251,17.56159107203537,0.7292734116749432,5.297198647021764,122.38248284950784,0,male,semi_urban,0
APP103849,7.284726734347754,0.8258418401452543,5.667033248250576,0.6603819730196198,10.638952402001586,3.823749301810853,0.49743405286141323,3.5391703640533265,161.54457667508143,0,female,rural,0
APP103850,7.42389868510525,0.5334027789283167,24.769912477681533,0.8227978129540723,6.869131516839317,15.996210707714813,0.9150253522838339,4.750522560332353,233.36747154758146,1,male,rural,1
APP103851,6.75708212190446,0.8117018368412454,24.538838937963135,0.5099847306695224,3.050853857225124,11.875089849659854,0.5894593341852822,6.519434249461435,351.3205629373367,1,male,rural,1
APP103852,9.95494812499294,0.986011319256685,58.56148998903798,1.0,5.5045843176386064,20.803640707389288,0.8010526720741437,6.517069196572011,419.235400663796,1,female,semi_urban,1
APP103853,3.18059456378866,0.6899189571791898,27.32274984339405,0.6003765346949078,7.50542868399771,13.935864576087429,0.5141462423625358,1.0,105.42386710338374,1,male,urban,1
APP103854,12.677621716174547,0.8505105022107818,49.530471499929234,0.9917944693397359,4.705356826680687,23.056680289887215,1.0,5.622346183326091,366.76557313629615,1,female,semi_urban,1
APP103855,7.117281007672568,0.9992363247294063,17.159229077707202,0.8562623331246452,4.021542200478829,18.061134275209376,0.40861638559525604,5.165490761619069,224.98186996707875,1,female,rural,0
APP103856,10.951255907926887,0.7428946619529804,41.44820352885865,0.9299570411585145,4.0956148640296615,17.943962143856876,0.7202604645194769,4.759665015012755,266.346047588076,1,male,semi_urban,0
APP103857,6.549929975824873,0.7875414626946418,51.50594519583632,0.8084189898500688,8.169222766615407,15.530859680149966,0.768109784259388,6.9034176045047815,225.2615115020232,1,female,urban,1
APP103858,4.683494393561663,0.606851815083888,34.85886649055872,0.7037685590622788,8.868894552070481,17.080944846997767,0.42746012535090355,4.121655928789391,335.9195659660751,1,female,semi_urban,0
APP103859,5.116632469882746,0.5605211139993764,2.287169435130904,0.6763780246200394,4.0733335669449655,12.161206588525289,0.8438015811845114,1.344438603393438,32.313830986372686,1,female,rural,0
APP103860,5.730181682882129,0.7237096680547775,14.476858884478702,0.3638020435931605,12.15581691350369,9.392580464003087,0.35928017790445144,2.284150663242762,269.2937326351018,1,male,rural,0
APP103861,5.135302433861848,0.5005665503437522,16.85251274418707,0.40435828717343136,9.52594904424366,13.7736544539596,0.45735645812914044,4.771654051761082,1.0,0,female,semi_urban,0
APP103862,5.264178942665613,0.24941640666310083,12.141006068594505,0.5320194636309541,18.607788427730203,7.107590781327944,0.7347241976016686,3.784479208744418,74.94423520968526,1,male,rural,1
APP103863,4.124983498242102,0.648179476731302,43.732863970398135,0.3801178313272596,17.36551746370047,7.917522033558718,0.4326700832248284,6.552778092399041,182.16940291113985,1,male,urban,0
APP103864,5.14820842485519,0.5633326415652093,27.43468838821901,0.7124606440921861,0.0,16.27603480391948,0.7028977318661632,6.70817682922858,134.05725963848525,1,male,semi_urban,1
APP103865,9.259640604615662,0.9336091176031849,40.5759751106259,0.8136662656526851,7.7260266816874426,20.46739882283209,0.751193485405189,4.626651958954097,235.5957592384844,1,male,urban,1
APP103866,3.205471888525582,0.5750919495058715,12.773879458746308,0.5977679796571624,14.31132485702369,7.21181338892419,0.486121210796684,1.4182100905739716,164.61442170707306,1,male,semi_urban,0
APP103867,6.350019346339141,0.9358349516932096,40.81000989613446,0.822632145104996,0.0,16.144137072952446,0.9301793771734975,8.117626203439784,125.22198925186453,1,female,rural,1
APP103868,5.173858918760149,0.4740688759099186,36.29233985899668,0.7912627756458033,15.320401824743534,5.845413577455361,0.48216457511124033,4.810365258531346,246.67088668398145,0,male,rural,1
APP103869,5.697831841358552,0.4898397103159161,19.459614707966775,0.664838956426415,6.146275844276639,9.059949988386535,0.08948510822722627,2.23047831148032,245.66273036766052,0,female,semi_urban,0
APP103870,10.454612050065702,0.6805261423797482,30.647706617264024,0.7498182982479452,12.623286453859633,22.5682803056671,0.6844714353442164,5.039152370717021,370.58173108526773,1,male,semi_urban,1
APP103871,10.4136087531108,0.6073056561561098,30.92921432692181,0.8208646315895782,0.2313786481497715,25.553407061572447,0.8214976287979094,7.377011503839009,336.533727460872,1,male,rural,1
APP103872,7.502940388603971,0.7569206318346634,32.20704773113585,0.594349834106704,4.252497482474227,11.45080339961518,0.5420751461670088,3.5152353488623436,89.15416327066016,0,female,rural,0
APP103873,7.910269021522029,0.45150499526379506,28.141719560439657,0.7152540803292603,18.767594376510786,21.01176627859059,0.6166523184880522,5.808342440217254,173.8699890013115,0,male,rural,1
APP103874,5.390791911037852,0.7206311315382101,15.176105149003178,0.9408517935794469,5.30716438579346,7.897941318408956,0.34066192566860753,1.0,127.88753587603519,1,male,semi_urban,0
APP103875,11.690540168056579,0.8257834181858781,12.201756368146324,0.5762600202702544,1.7955517660877351,13.162117406736524,0.6908829476487262,7.734980514084484,268.2553626759582,0,male,rural,1
APP103876,3.298384444545174,0.5556810911741563,18.423841183601347,0.45725883343903395,8.957506275608985,7.528328539201769,0.7716677855130519,4.184279257007922,89.91352837155267,1,female,semi_urban,1
APP103877,7.5650531989056535,0.8307606671950183,33.09834226732548,0.6529285103080273,2.9568946208758757,18.64635869929918,0.7424348930575425,7.359967467800277,411.80082763841716,0,male,semi_urban,1
APP103878,6.476626630291728,0.7462864122272381,11.616333604261783,0.7638454739239404,11.541982213162834,12.369207952662476,0.7462193001599013,4.590545038229751,186.81329467140162,0,male,rural,0
APP103879,6.118976896066359,0.4918452375318887,26.567962486284877,0.5928491042969961,13.472729828204532,10.645807351609228,0.30982732540019065,4.381333448863266,228.2875381447056,0,male,semi_urban,1
APP103880,6.2281101963659005,0.7911408276803059,28.825227805100802,0.6912598809430295,11.396871944242697,21.99861532577303,0.664309781990049,9.575609378218097,253.8069604829571,1,female,semi_urban,0
APP103881,10.13040206838303,0.9420280097454263,60.86723471920857,1.0,5.227318019217607,12.956907173591489,0.6653462476637448,7.750533163042469,312.673707177945,1,female,urban,1
APP103882,6.429645220525516,0.4623089598849417,35.50543823411907,0.6724613151322936,2.9946024799405926,9.473267199902889,0.7240651291127195,2.82323704303305,184.63252164016,1,male,semi_urban,0
APP103883,7.388634100502864,0.6965034393897811,17.812641580991652,0.8033610183069859,12.689189216654785,0.0,0.3473508282919787,5.823319907634151,213.88613240404027,0,male,semi_urban,1
APP103884,5.744583776453902,0.1428345159753276,29.003631759826924,0.7218993434006067,14.881617797883479,6.381296317104535,0.5018393490149002,1.0,74.57719219674206,1,male,urban,0
APP103885,8.723800509252955,0.3716480853019283,42.60334827061672,0.3615673461817113,6.238774187487618,12.54064483648018,0.6524719597344829,2.6686333720141504,231.63765322652148,1,male,rural,1
APP103886,8.10951032924628,0.8635672993102874,31.50959158669516,0.9165918403771152,15.607536107412727,27.825464211360323,0.7900010963531484,6.280081633343837,331.04619777059247,1,male,rural,1
APP103887,7.027961421855403,0.586173919064574,15.069746251200641,0.4739452709618185,12.83204993299228,19.823699837747345,0.23432805520296002,5.595933556938209,320.4274088590288,1,male,rural,1
APP103888,6.732162330801497,0.6277833580690295,13.468370764590915,0.8251858631311343,10.755665777382024,22.451706647112182,0.41630818402478525,5.355097284491775,258.26812122183173,0,male,urban,0
APP103889,5.513371703662896,0.6894171269040744,33.56780130528281,0.7111079156607091,12.974881634999704,10.069853494323997,0.6642721034505468,5.909913408358078,137.75303867884523,0,female,semi_urban,1
APP103890,8.967961847351923,0.5953218297986341,16.1910532977464,0.6695218375767822,7.484722203484787,7.648190034331446,0.4549254863083692,1.075622073015973,115.04914720683585,1,female,urban,1
APP103891,6.059033125901355,0.5701895841238507,35.76819711685306,0.5650976479679372,10.520099332672189,10.443768286280346,0.5766726011792084,7.603199761582569,436.97351973632595,1,other,semi_urban,1
APP103892,7.649373371654728,0.4333029986250311,22.445921690768188,0.8561283746749196,10.309522254108758,21.591104377086843,0.5602694408404488,8.464119424212827,25.19071335928561,0,male,urban,1
APP103893,8.247705690789202,0.43485247882516365,24.909533038614963,0.5652613652604721,4.162209429957045,11.95159473114602,0.5296499143137199,4.781781877234151,125.46357249355911,1,female,semi_urban,1
APP103894,8.438367717052524,0.789211949492086,22.440465876292798,0.8132722698718857,2.648327291768009,11.99180407480717,0.4391949265569956,6.456067847784019,196.13175458885854,1,female,urban,0
APP103895,5.566638112714287,0.7068876728359292,23.325465318995157,0.5892618731202848,5.6619667882916,14.014289418570186,0.7378199465531978,6.989138940006871,207.33479962240185,1,female,urban,1
APP103896,10.175557168115512,0.9680155090433203,35.4129472720015,0.8602275935211101,6.644237825924776,14.838293141173208,0.5173165362096301,8.663998625073807,375.63476002893947,1,male,semi_urban,0
APP103897,6.189380271925958,0.5868643607461244,18.29244300025119,0.9413908118519807,9.769548676537472,14.251175739851105,0.513832126679078,4.5434524138619015,239.64841988677995,1,male,urban,0
APP103898,4.063383590531815,0.6174619774238677,17.637927225804443,0.92648812736282,11.840866305983244,8.977540641524728,0.3801584318063514,2.677320928569415,60.04377794631223,0,male,rural,0
APP103899,5.654125167164459,0.6165460961351569,25.224689470683664,0.4094685289149859,10.399303268255363,0.6450441217129477,0.5656429692351059,3.0408654674921958,296.8543848247305,0,male,urban,0
APP103900,7.995748832675332,0.6693731861364529,15.93180503529416,0.5773637134810383,7.870387563682485,6.625635769965125,0.961459603276585,3.0683791454215648,82.73000761992867,0,male,semi_urban,1
APP103901,8.506466305814666,0.7412625569134494,43.46568508506177,0.6773212188004339,14.790850172765724,17.64129252409871,0.5368415498814167,8.744917151437994,164.12768511432182,0,female,urban,0
APP103902,5.942164316808975,0.5754139533964266,23.20861068498774,0.9983117503144322,11.371755289055864,11.752429236996724,0.6387928831553803,1.487282102618181,308.22310276660323,1,female,semi_urban,0
APP103903,7.086307792586734,0.6352213723141235,55.79420743171725,0.8493736793241171,1.379425718135539,18.978571372283493,0.8326998212031254,8.35592222530467,182.26059686122096,0,male,urban,1
APP103904,6.923523613349539,0.916675795750522,41.568866062162726,1.0,0.0,23.116192032774247,0.8611794776545497,7.90688183885411,317.53562414378405,1,male,rural,1
APP103905,8.636539056397766,0.9728316065961932,33.73300328760325,0.8079806063631811,5.830971573082645,9.474814549924272,0.6602557482252773,6.5821407871540965,376.4919754473597,1,female,rural,0
APP103906,6.6388162441715455,1.0,34.42279829065545,0.6617753657489671,1.4865440250232362,17.209807778071642,0.9958375330076209,9.403640144127133,53.83933791108498,1,male,rural,1
APP103907,8.468501952994313,0.7267250923638551,46.02279603287384,0.5694597109443107,1.090149996466879,23.07596471053381,0.8899391250108359,7.452834695216897,261.8948933841651,1,male,urban,0
APP103908,10.128551414672609,0.5304872678779162,24.977326853233343,0.5660569793422514,14.796855638447056,8.776668946378777,0.6807594476671865,6.11526016035573,250.6286514007946,0,female,semi_urban,1
APP103909,6.526086846455858,0.5393073387514151,31.60513062463413,0.9852869024330668,11.112938595186293,12.685218939057354,0.3409247941436278,8.42074922194282,127.5328650461747,1,female,rural,1
APP103910,8.520075888870732,0.700737861870313,48.48683647285395,0.7941446452232664,0.0,10.624525275169553,0.6983428099110914,6.237846028190132,235.67271045205584,1,female,semi_urban,0
APP103911,4.093837330864048,0.6044902046252904,14.843812750179874,0.7845603618601258,14.161582010425644,6.498720192293833,0.4639708714390192,1.0,161.19218634053308,1,female,urban,1
APP103912,4.832429279572349,0.5285361821834722,34.174926366365305,0.48776724803335836,0.8519259248430142,5.0002834843562844,0.49353642283721433,5.279416169916738,221.81535629691226,1,female,semi_urban,1
APP103913,7.915110904787884,0.4594648129669098,34.17942885953928,0.6553200513553987,12.116717453124728,3.78562667348384,0.5328118138182966,5.146998003436755,123.54055054125132,1,male,rural,1
APP103914,6.18230111630362,0.6812132859525035,32.21609368046387,0.8122637710184312,6.544355899570376,11.306361254624202,0.6087645729740611,6.278472511629681,259.25298047874384,1,male,urban,1
APP103915,6.751409146509592,0.03650376314312409,13.613869748039482,0.4106482255392564,13.122256569762088,10.553376557852852,0.5510960788886221,1.0,132.4991605445639,1,male,urban,0
APP103916,6.438776242539637,0.6331732361761525,21.21479436246443,0.6572106202577905,9.685955324415213,11.839594520047873,0.7325802215832451,5.6144297341641325,68.05630530817574,0,male,semi_urban,1
APP103917,11.360935760589296,0.4933806308892803,18.3195277905945,0.5200144511306048,9.531118809818738,17.556063051777357,0.7090701864588261,3.85900468704423,119.41073757039126,1,male,urban,0
APP103918,5.776749955887139,0.7827051575824037,20.874207462952302,0.8103573835023726,10.248750508837517,11.320101755585426,0.6510066609477554,6.919111496646034,57.07766573506409,1,male,semi_urban,1
APP103919,8.284169247197994,0.9038433617933619,25.801587060958536,0.8373128783751237,6.774986596634115,6.734210887150086,0.7167161926407841,5.897052317248382,264.2694466908127,0,female,semi_urban,1
APP103920,5.498287528309251,0.8399872655165539,27.092063275627087,0.8042207644744542,18.07313276433053,15.685991656697547,0.5754524336192228,7.321978317996551,238.63394539718988,1,female,semi_urban,1
APP103921,9.021289897659848,0.6695776265851512,24.360835750308176,0.8798989964961806,8.365679002816076,10.68459232624089,0.6397916927974966,3.4094368051126716,245.2521474210687,1,male,urban,1
APP103922,5.817113860997793,0.3968180828845793,22.39450855957864,0.5413246747831424,13.887793215081881,8.983887480199206,0.36681811846067836,3.3773599237625125,159.80174148589015,1,male,semi_urban,1
APP103923,6.798295779385784,0.6504831897704921,37.11002425197909,0.9572408002506347,1.908873375319403,7.206192082877319,0.6765711513404046,5.509779379587506,276.5168178703273,0,female,semi_urban,1
APP103924,5.622949902723374,0.673066752070111,25.384489242233972,0.5576885707633544,12.357094882930369,10.121012274042714,0.6154804358365106,3.622277798353035,226.03417851577908,1,male,semi_urban,1
APP103925,7.60071858064349,0.34598475677000157,17.62290728493042,0.6983304967448478,6.631789716727083,13.156680802105406,0.7471335091813904,9.297461757101328,118.13691721504996,1,male,rural,0
APP103926,7.984776146292337,0.8395132559685158,24.432257865739302,0.35114794460310383,16.183809508920902,14.4264415288942,0.5406420228535531,2.7104775242587817,221.02297600780895,1,female,semi_urban,0
APP103927,3.7869800154254945,0.5676437268519976,20.078216063935205,0.5199395821809155,3.4749195969661484,9.608202080004695,0.42539546745574097,3.5995738466574485,32.200052392923396,0,female,semi_urban,0
APP103928,5.670958445493877,0.7230202449392525,33.114908264232774,1.0,5.601909743634455,12.14305144547444,0.7303808623416053,2.6724008768577217,45.24286693032599,1,male,urban,0
APP103929,11.850510037411789,0.5640137431372297,37.3865966249771,0.9642793082320484,0.0,19.075451442723956,0.5136722561214377,8.01056234036134,316.2160810529891,1,male,rural,1
APP103930,5.297801002773848,0.45434054305730964,24.146650910256074,0.6965946107656403,13.834894068632568,8.170397633746578,0.6730197297773283,3.5648352353567656,191.53001988127096,0,female,semi_urban,0
APP103931,7.432451876492376,0.414636001796109,16.980199190512877,0.601964468135233,5.863556957886837,18.158263061104833,0.43568412849864757,4.540612787022807,185.45679274439675,1,male,semi_urban,0
APP103932,9.803436141967074,0.9273809752019702,43.79897792124697,0.6443463016257696,8.832547251633404,14.96068713481035,0.8413271316200706,10.636782395507549,323.0819038007379,1,female,semi_urban,1
APP103933,5.865608537465788,0.7235593621463084,28.690497681477794,0.7388848076326421,1.4563935136565327,14.120012390311262,0.6380742096843924,9.262139615709584,273.5814962470304,1,male,urban,1
APP103934,3.629018955750302,0.6449334231417286,8.20867723327655,0.5565731174479263,15.584058683229628,0.0641386105658368,0.5221835153273179,1.2911368007848685,1.0,0,male,rural,0
APP103935,6.2205561066100605,0.6799190344451794,15.948632053053077,0.9788779329246577,11.934938735919717,16.753837384691472,0.9254811566259598,7.041555358496679,396.9089845487113,1,female,urban,0
APP103936,6.900348720617422,0.6331654774758239,5.481265279044425,0.7235969101040166,13.85769126298249,6.5454024250748,0.3529512810139456,2.2977061693355467,1.0,0,male,semi_urban,0
APP103937,11.241739296223969,0.8201898058617559,40.55783432182127,0.9334960262279619,2.176154521972369,17.22559416580252,0.7134249762256542,6.957499226943208,253.07869151750927,1,male,rural,1
APP103938,9.053303971280677,0.724378456278916,49.92820347040124,0.7966310021279913,6.764135601833139,21.857261140193803,0.7303696366318119,5.662496919815177,354.64384413460846,1,female,semi_urban,1
APP103939,6.037250951936202,0.6259728621747708,18.142716681195488,0.770920429734047,5.555892067644205,11.481416430579221,0.8034650999049162,2.2827234759890955,166.57672716135988,1,female,urban,1
APP103940,8.362327320077616,0.7287095958096227,5.016124457334929,0.4910285736905989,3.74838265372472,9.409253066147972,0.6367058162384452,7.23967301649407,116.79597163427046,1,male,rural,0
APP103941,4.686426253160639,0.6158440364772445,20.247027462062114,0.2692020709362871,15.933443441013159,11.741877614994582,0.4704751987659737,1.2677381886095485,56.005220355892824,1,male,semi_urban,0
APP103942,10.203834890924139,1.0,31.978731808566828,1.0,1.0538181992272313,20.309888577117402,0.8576022304704455,11.492109924347648,240.10387904561594,1,male,urban,1
APP103943,7.803900504294965,0.9046297885204783,33.86312803619497,0.6822400526684981,11.933328382338455,4.5001128139237,0.4397860400789407,5.329534400859352,102.26533145721477,1,female,semi_urban,0
APP103944,9.330773708535094,0.40888908926782935,23.60249405534409,0.5008483113330343,16.605340549750395,18.305169467050728,0.6465127753694159,4.706907420672566,262.814235873144,1,other,semi_urban,1
APP103945,4.68406194549664,0.5197707664688704,12.97121275827677,0.23215903450321101,11.270931712519666,2.5892161803428966,0.3926211352710114,1.8205370573439097,46.09638901885878,1,female,semi_urban,0
APP103946,7.2291698852126824,0.6806546384023293,45.71161983834645,0.9058114107733385,3.5456826681932174,31.9054536022208,0.9002930291468382,10.336065190403804,144.99476824508807,1,female,semi_urban,0
APP103947,6.982180667537008,0.7513240803451307,23.514700847810673,0.4884842972212916,11.3029261675633,5.4643609062458385,0.5938288041562003,3.2067033470605018,36.07747105683049,1,male,rural,1
APP103948,10.79617861761897,0.7585311222494976,27.066627994174652,0.9041690837457569,4.48858954416127,9.944846799032096,0.5838063808448459,7.109191923535779,275.4389581677897,1,male,urban,1
APP103949,5.3252201855807915,0.7023287932280843,12.949105660436599,0.6097071403714343,13.426702886637532,20.133834594650118,0.5233868348776365,6.360592858879701,92.09634955213446,0,female,semi_urban,0
APP103950,4.904660608208485,0.3102548358583076,8.63796783337289,0.6757799944842711,9.229572657906544,12.48686424732626,0.6802154913014105,6.387377678409361,152.89166047543657,1,female,rural,1
APP103951,8.161787125365302,0.4185089066987505,51.1316221819107,0.5749050483913178,20.298519026479198,13.284882479198258,0.43470712733412764,2.9347954276384387,200.49249887093796,1,female,rural,0
APP103952,4.218315188720868,0.9825710601396311,18.558364643641077,0.6783414650279429,11.198799660256396,15.073216835552124,0.4490179463811903,5.38503428700627,143.27164018062098,1,female,urban,1
APP103953,5.105624318588399,0.7405250904912956,44.66708861567807,0.8486729700639468,10.749526870771179,9.57422060687384,0.6219384939707437,3.0423841663502977,157.36633266247514,1,male,urban,1
APP103954,6.39867222589046,0.5269719896865488,22.58394373228309,0.6574743393409308,8.62976314548833,2.7316446156010965,0.6725924000141108,5.467917132618573,129.84293747100645,1,male,rural,0
APP103955,8.793008080935532,0.8457205311728342,29.037535571632862,0.7980276039348339,9.23400963051311,29.96136641322896,0.9421852297203618,8.814206855116272,417.2596732175961,0,female,rural,0
APP103956,7.583446908935425,0.6869328342055377,43.25585871087396,0.9791338205978408,1.9024265651125518,14.15592070022063,0.8659257499403531,9.793563596617563,514.4136517995506,1,female,rural,1
APP103957,5.138029362680653,0.5111761590566398,13.564755244254954,0.6615194489532229,9.900004844418707,15.602403726055499,0.8364531851418255,1.0747026735302114,104.41182629774302,0,male,semi_urban,1
APP103958,6.200159239889597,0.4021375829090563,30.82147146924592,0.46441052593841303,15.325664520620734,13.362117371768655,0.4485237730525024,2.923504619817233,215.26338862934765,1,female,rural,0
APP103959,5.826024191749726,0.5514655528530618,35.423475342799364,0.6866591261846754,8.771476524323743,14.093046068552535,0.7232699061070405,5.8902634528672975,102.73933328401868,1,female,semi_urban,0
APP103960,9.324642178488295,0.5891792238969733,19.745265269076278,0.5920190217552215,10.919283026574927,9.969089363568866,0.4231725731101212,7.533560000941519,120.60780191999271,1,female,urban,0
APP103961,10.315940690614436,1.0,31.628249076901206,0.9274051120639618,6.676382944373957,35.17738000201756,1.0,9.745860982077271,384.06044041094214,1,male,rural,1
APP103962,9.848529005965954,0.8466599312313591,24.96313220558522,1.0,5.998061413722235,15.117678531194223,0.9502279756737344,6.424846145083555,55.062538922997646,1,male,semi_urban,1
APP103963,4.925504886071655,0.8031002299963566,7.834366581477326,0.7870819237326345,6.997499390147577,11.770790021530498,0.7658781946415555,8.086880108787238,285.02728601738477,1,female,urban,1
APP103964,4.81518275382942,0.6969635004624188,27.330076419161287,1.0,5.293979041654624,18.135706292351262,0.390587094776407,6.274775394738487,159.81041052220633,0,female,rural,1
APP103965,7.209109478161308,0.7913617355679656,26.996089888220503,0.7218653466243622,14.430701265803311,9.761577247352982,0.7152541501494025,5.716156278523812,88.9418852666342,1,male,rural,1
APP103966,8.64733773991702,0.4933088566509546,11.76202805127852,0.6149100641069116,8.939581872861506,5.889265128836668,0.4325510237262913,6.082163099627252,188.18811351796853,1,male,rural,0
APP103967,5.532781187807498,0.5932730986704873,17.649598061111433,0.7256239943108839,7.633232928106416,14.602314934892863,0.7220170498469491,5.870973875946616,342.203584455841,1,male,urban,0
APP103968,7.531509753030262,0.7822349796037545,31.737829915714386,0.7701278362081141,8.696167153382644,19.22724362533742,0.45817334766161966,4.555075011914866,197.6508430090798,0,female,urban,1
APP103969,4.9039945568296215,0.6419038197541966,22.22028705798067,0.7551756334836947,9.98176852177249,23.321200971274727,0.6702172515855306,5.3663483617766845,224.1244547026469,1,female,rural,0
APP103970,5.631924503163012,0.6785803495445748,26.12986085876274,0.5544442769889506,13.745494950682623,24.185073550754005,0.5727884543025511,7.837419150866098,236.32428193353255,1,other,rural,1
APP103971,9.5971526684903,0.8292120876646765,40.17266565187647,0.8630873980506624,2.2667710954726483,13.473273186126434,0.7255553300216879,12.861994611451847,346.9746061487775,1,male,rural,1
APP103972,4.092894770130904,0.7434716681958914,19.478171948213824,0.453726452727775,19.94102921271333,12.721522048988533,0.5582079171209892,1.0,11.888041171609444,0,male,semi_urban,0
APP103973,2.221190525256568,0.7077980319025697,7.424068107759592,0.6679040360723812,13.337437933935647,0.41472586443097015,0.40726142398596377,5.5138021437126,89.0906755118341,0,male,urban,0
APP103974,6.3706381182485465,0.6969094461934662,33.2876458953634,0.538338305340305,6.674607313468874,14.607495833588032,0.732798770138683,7.0828778770178715,294.7005271212819,1,female,semi_urban,1
APP103975,6.237902456116148,0.5738139049872241,23.58349979359875,0.9035540481165822,2.2583289251230303,18.92959182922194,0.9328217796352558,8.796801765190507,67.67298056118133,1,female,urban,1
APP103976,6.466288722125682,0.5100363326871071,22.005152463228672,0.40363050817841556,21.379069532676674,7.559515510929443,0.831544802855087,7.734956253651308,224.75221247940962,0,male,semi_urban,0
APP103977,7.695452845416759,0.5520613984994764,29.68140606759664,0.7747667988291392,6.7156266296168,8.719700836480916,0.6746078239279085,4.912700832043969,64.62492623762532,0,female,semi_urban,1
APP103978,7.391011467683227,0.7915743386440043,25.236093381397644,0.6278278628429369,7.860584067412639,1.452094366231849,0.3376190845773777,4.787447884718763,196.6510442478163,1,female,semi_urban,0
APP103979,4.7363735159723275,0.7780837690341815,43.719163681706235,0.3849911060180077,10.673384784205664,18.974441865559,0.3412694575109616,3.514606229372616,301.60517376077826,1,male,semi_urban,0
APP103980,6.877865214926247,0.43660142448196826,21.84141669797388,0.7440049543667733,10.471943520234031,13.7974272436069,0.5244153937491505,3.9009968111202036,106.50311761407872,1,other,urban,0
APP103981,7.31276553346863,0.5369974550302622,23.950814180644198,0.29148673600071123,11.316379790601527,12.16960679737011,0.741687030286234,5.626986206755066,78.47972737245196,1,female,rural,0
APP103982,6.3195317712994745,0.4320543476671995,30.842990656590914,0.6684313392897895,15.75873088503354,7.60116416032003,0.6125887214560048,3.7039698458818826,225.75293144902295,1,female,urban,1
APP103983,8.423108669835676,0.8307135641767174,61.07874608502457,0.9530549602838767,4.867034514651893,26.447679319155228,0.8649308187932031,11.111856734605498,419.08828002702694,1,male,urban,1
APP103984,5.901284202379969,0.6849263629496501,31.776974875029293,0.9221315624038822,9.213115054913358,14.00990265961913,0.63075684788101,4.338621333896018,103.97336657635918,1,female,urban,0
APP103985,7.107065653923911,0.8062897994845608,6.678103910625172,0.4698881980893475,7.276997157069847,11.264736593821981,0.7792162549826261,6.75522413426082,1.0,0,male,semi_urban,0
APP103986,9.868783902790316,0.8040971738381362,36.978058688625254,0.6808148364968234,4.441169992688016,8.000031029422573,0.7794002232978688,6.64364028707542,338.5861492781422,1,other,rural,1
APP103987,7.0919984519272585,0.6838780142252596,11.518926907215624,0.7664389687838431,12.250483937028642,12.053330897306157,0.3624979376677487,6.3343962056330465,206.13718898483668,1,female,rural,0
APP103988,6.298847263672129,0.4475772206398557,8.874225536622951,0.8739233228775616,8.777282766886385,12.01689483064535,0.6907671697592045,3.969688284767944,228.79797667830252,0,female,semi_urban,0
APP103989,7.072295942467302,0.5570086778315456,42.561794969639465,0.8619388093631084,15.58279311114794,13.598783933630283,0.35730198916270306,6.164217419161462,11.23432137119596,1,other,semi_urban,1
APP103990,6.073376014902889,0.8907026683238489,49.16759153839702,1.0,1.5117278291526333,18.006772899433702,0.7776636839988276,11.80952178583225,300.0669036543375,1,male,urban,1
APP103991,8.502691130586925,0.6463862731958783,23.393766977773524,0.6792653452263518,14.321629293462777,19.282460438460582,0.6415906390686713,3.6602250614273686,323.3994670987674,1,female,semi_urban,1
APP103992,3.8792068548078205,0.33089795675003464,9.766644223844121,0.6402692291760228,11.639775155470877,9.584778262675634,0.5178951434332782,1.6994844778087128,310.35031175808956,1,female,urban,0
APP103993,9.251149176800439,0.902249492639677,38.89626712843438,0.7643027625761435,5.905886478250338,17.27484550456108,0.799916163288866,11.788966438750393,245.45781667616401,1,male,urban,1
APP103994,9.990888972242399,0.515895629849892,12.371895701253193,0.3190289882389317,6.08882916894177,12.644866659381595,0.5703522908370211,3.781376356947759,151.17854810494512,1,female,rural,0
APP103995,5.85941979992349,0.840358112271644,26.93589425392817,0.6900824466281738,11.475994465638692,18.550193224615832,0.8388243960348934,5.846437440009386,1.981845299571404,1,male,rural,1
APP103996,12.741282675389268,0.7877096393094346,31.010646042852944,0.5276261550690383,0.031103427787789073,27.00350129719402,0.7682017696981822,7.144906502447689,365.0057837376653,1,female,rural,1
APP103997,10.14846230593728,0.8192510218490258,40.47103130445076,0.8278139019164046,4.23776364141192,17.187209186769635,0.8793800154650062,12.52504635730394,415.60386859938063,0,female,semi_urban,1
APP103998,6.457640939306943,0.9432839262818296,19.44892438173666,0.548432236486051,8.02031179643351,22.24955061043594,0.8979791216850052,3.548908616635897,275.45020062198216,1,female,semi_urban,1
APP103999,7.758921663340998,0.6347420513589325,49.981618755199236,0.9372365137219237,1.8169806530535508,13.316181857300379,1.0,11.076875108657255,414.4916757501976,1,male,semi_urban,0
